study	feature_id	feature_name	kegg_id	hmdb_id	compartment	pkn_node	mapping_source	labelling_class	mapped_to_pkn
ST003328	AN005452|Cer(d18:1_16:0)	Cer(d18:1_16:0)					unmapped	not_labelled	False
ST003328	AN005452|Cer(d18:1_18:0)	Cer(d18:1_18:0)					unmapped	not_labelled	False
ST003328	AN005452|Cer(d18:1_24:1)	Cer(d18:1_24:1)					unmapped	not_labelled	False
ST003328	AN005452|CL(14:0_16:1_16:1_18:1)	CL(14:0_16:1_16:1_18:1)					unmapped	not_labelled	False
ST003328	AN005452|CL(16:0_16:0_18:1_18:1)	CL(16:0_16:0_18:1_18:1)					unmapped	not_labelled	False
ST003328	AN005452|CL(16:0_16:1_18:1_18:1)	CL(16:0_16:1_18:1_18:1)					unmapped	not_labelled	False
ST003328	AN005452|CL(16:0_18:1_18:1_18:1)	CL(16:0_18:1_18:1_18:1)					unmapped	not_labelled	False
ST003328	AN005452|CL(16:1_16:1_16:1_18:1)	CL(16:1_16:1_16:1_18:1)					unmapped	not_labelled	False
ST003328	AN005452|CL(16:1_16:1_18:1_18:1)	CL(16:1_16:1_18:1_18:1)					unmapped	not_labelled	False
ST003328	AN005452|CL(16:1_16:1_18:1_18:2)	CL(16:1_16:1_18:1_18:2)					unmapped	not_labelled	False
ST003328	AN005452|CL(16:1_18:1_18:1_18:2)	CL(16:1_18:1_18:1_18:2)					unmapped	not_labelled	False
ST003328	AN005452|CL(18:1_18:1_18:1_18:1)	CL(18:1_18:1_18:1_18:1)					unmapped	not_labelled	False
ST003328	AN005452|CL(18:1_18:1_18:1_18:2)	CL(18:1_18:1_18:1_18:2)					unmapped	not_labelled	False
ST003328	AN005452|CL(18:1_18:1_18:2_18:2)	CL(18:1_18:1_18:2_18:2)					unmapped	not_labelled	False
ST003328	AN005452|FA(14:1)	FA(14:1)					unmapped	not_labelled	False
ST003328	AN005452|FA(15:0)	FA(15:0)					unmapped	not_labelled	False
ST003328	AN005452|FA(15:1)	FA(15:1)					unmapped	not_labelled	False
ST003328	AN005452|FA(16:0)	FA(16:0)					unmapped	not_labelled	False
ST003328	AN005452|FA(16:1)	FA(16:1)					unmapped	not_labelled	False
ST003328	AN005452|FA(16:2)	FA(16:2)					unmapped	not_labelled	False
ST003328	AN005452|FA(17:0)	FA(17:0)					unmapped	not_labelled	False
ST003328	AN005452|FA(17:1)	FA(17:1)					unmapped	not_labelled	False
ST003328	AN005452|FA(18:0)	FA(18:0)					unmapped	not_labelled	False
ST003328	AN005452|FA(18:1)	FA(18:1)					unmapped	not_labelled	False
ST003328	AN005452|FA(18:2)	FA(18:2)					unmapped	not_labelled	False
ST003328	AN005452|FA(19:0)	FA(19:0)					unmapped	not_labelled	False
ST003328	AN005452|FA(19:1)	FA(19:1)					unmapped	not_labelled	False
ST003328	AN005452|FA(20:0)	FA(20:0)					unmapped	not_labelled	False
ST003328	AN005452|FA(20:1)	FA(20:1)					unmapped	not_labelled	False
ST003328	AN005452|FA(20:2)	FA(20:2)					unmapped	not_labelled	False
ST003328	AN005452|FA(20:3)	FA(20:3)					unmapped	not_labelled	False
ST003328	AN005452|FA(21:0)	FA(21:0)					unmapped	not_labelled	False
ST003328	AN005452|FA(22:0)	FA(22:0)					unmapped	not_labelled	False
ST003328	AN005452|FA(22:1)	FA(22:1)					unmapped	not_labelled	False
ST003328	AN005452|FA(22:2)	FA(22:2)					unmapped	not_labelled	False
ST003328	AN005452|FA(22:3)	FA(22:3)					unmapped	not_labelled	False
ST003328	AN005452|FA(22:4)	FA(22:4)					unmapped	not_labelled	False
ST003328	AN005452|FA(23:0)	FA(23:0)					unmapped	not_labelled	False
ST003328	AN005452|FA(24:0)	FA(24:0)					unmapped	not_labelled	False
ST003328	AN005452|FA(24:1)	FA(24:1)					unmapped	not_labelled	False
ST003328	AN005452|FA(24:2)	FA(24:2)					unmapped	not_labelled	False
ST003328	AN005452|FA(24:4)	FA(24:4)					unmapped	not_labelled	False
ST003328	AN005452|FA(25:0)	FA(25:0)					unmapped	not_labelled	False
ST003328	AN005452|FA(26:0)	FA(26:0)					unmapped	not_labelled	False
ST003328	AN005452|FA(26:4)	FA(26:4)					unmapped	not_labelled	False
ST003328	AN005452|FA(27:0)	FA(27:0)					unmapped	not_labelled	False
ST003328	AN005452|FA(28:0)	FA(28:0)					unmapped	not_labelled	False
ST003328	AN005452|FA(30:0)	FA(30:0)					unmapped	not_labelled	False
ST003328	AN005452|LPC(17:0)	LPC(17:0)					unmapped	not_labelled	False
ST003328	AN005452|LPC(19:0)	LPC(19:0)					unmapped	not_labelled	False
ST003328	AN005452|LPC(19:1)	LPC(19:1)					unmapped	not_labelled	False
ST003328	AN005452|LPE(18:0)	LPE(18:0)					unmapped	not_labelled	False
ST003328	AN005452|LPE(18:1)	LPE(18:1)					unmapped	not_labelled	False
ST003328	AN005452|LPE(22:3)	LPE(22:3)					unmapped	not_labelled	False
ST003328	AN005452|PA(O-18:2_19:2)	PA(O-18:2_19:2)					unmapped	not_labelled	False
ST003328	AN005452|PC(14:0_15:0)	PC(14:0_15:0)					unmapped	not_labelled	False
ST003328	AN005452|PC(14:0_16:0)	PC(14:0_16:0)					unmapped	not_labelled	False
ST003328	AN005452|PC(14:0_16:1)	PC(14:0_16:1)					unmapped	not_labelled	False
ST003328	AN005452|PC(14:1_16:1)	PC(14:1_16:1)					unmapped	not_labelled	False
ST003328	AN005452|PC(15:0_16:0)	PC(15:0_16:0)					unmapped	not_labelled	False
ST003328	AN005452|PC(16:0_16:0)	PC(16:0_16:0)					unmapped	not_labelled	False
ST003328	AN005452|PC(16:0_17:0)	PC(16:0_17:0)					unmapped	not_labelled	False
ST003328	AN005452|PC(16:0_18:1)	PC(16:0_18:1)					unmapped	not_labelled	False
ST003328	AN005452|PC(16:0_19:1)	PC(16:0_19:1)					unmapped	not_labelled	False
ST003328	AN005452|PC(16:0_20:1)	PC(16:0_20:1)					unmapped	not_labelled	False
ST003328	AN005452|PC(16:0_20:3)	PC(16:0_20:3)					unmapped	not_labelled	False
ST003328	AN005452|PC(16:0_22:2)	PC(16:0_22:2)					unmapped	not_labelled	False
ST003328	AN005452|PC(16:0_23:4)	PC(16:0_23:4)					unmapped	not_labelled	False
ST003328	AN005452|PC(16:0_24:5)	PC(16:0_24:5)					unmapped	not_labelled	False
ST003328	AN005452|PC(16:1_16:2)	PC(16:1_16:2)					unmapped	not_labelled	False
ST003328	AN005452|PC(16:1_17:1)	PC(16:1_17:1)					unmapped	not_labelled	False
ST003328	AN005452|PC(16:1_18:1)	PC(16:1_18:1)					unmapped	not_labelled	False
ST003328	AN005452|PC(16:1_18:3)	PC(16:1_18:3)					unmapped	not_labelled	False
ST003328	AN005452|PC(16:1_19:1)	PC(16:1_19:1)					unmapped	not_labelled	False
ST003328	AN005452|PC(17:0_16:1)	PC(17:0_16:1)					unmapped	not_labelled	False
ST003328	AN005452|PC(17:1_14:0)	PC(17:1_14:0)					unmapped	not_labelled	False
ST003328	AN005452|PC(18:1_18:1)	PC(18:1_18:1)					unmapped	not_labelled	False
ST003328	AN005452|PC(18:1_19:1)	PC(18:1_19:1)					unmapped	not_labelled	False
ST003328	AN005452|PC(18:1_19:2)	PC(18:1_19:2)					unmapped	not_labelled	False
ST003328	AN005452|PC(18:1_21:1)	PC(18:1_21:1)					unmapped	not_labelled	False
ST003328	AN005452|PC(18:1_21:2)	PC(18:1_21:2)					unmapped	not_labelled	False
ST003328	AN005452|PC(18:1_21:4)	PC(18:1_21:4)					unmapped	not_labelled	False
ST003328	AN005452|PC(18:1_22:2)	PC(18:1_22:2)					unmapped	not_labelled	False
ST003328	AN005452|PC(18:1_22:3)	PC(18:1_22:3)					unmapped	not_labelled	False
ST003328	AN005452|PC(19:0_16:0)	PC(19:0_16:0)					unmapped	not_labelled	False
ST003328	AN005452|PC(19:1_16:0)	PC(19:1_16:0)					unmapped	not_labelled	False
ST003328	AN005452|PC(19:1_22:3)	PC(19:1_22:3)					unmapped	not_labelled	False
ST003328	AN005452|PC(19:2_16:1)	PC(19:2_16:1)					unmapped	not_labelled	False
ST003328	AN005452|PC(21:1_16:0)	PC(21:1_16:0)					unmapped	not_labelled	False
ST003328	AN005452|PC(21:2_22:3)	PC(21:2_22:3)					unmapped	not_labelled	False
ST003328	AN005452|PC(21:4_16:0)	PC(21:4_16:0)					unmapped	not_labelled	False
ST003328	AN005452|PC(23:4_18:1)	PC(23:4_18:1)					unmapped	not_labelled	False
ST003328	AN005452|PC(23:6_16:0)	PC(23:6_16:0)					unmapped	not_labelled	False
ST003328	AN005452|PC(25:2_16:0)	PC(25:2_16:0)					unmapped	not_labelled	False
ST003328	AN005452|PC(25:6_16:0)	PC(25:6_16:0)					unmapped	not_labelled	False
ST003328	AN005452|PC(27:2_16:0)	PC(27:2_16:0)					unmapped	not_labelled	False
ST003328	AN005452|PC(27:4_16:0)	PC(27:4_16:0)					unmapped	not_labelled	False
ST003328	AN005452|PC(27:6_16:0)	PC(27:6_16:0)					unmapped	not_labelled	False
ST003328	AN005452|PC(31:2)	PC(31:2)					unmapped	not_labelled	False
ST003328	AN005452|PC(O-14:1_16:0)	PC(O-14:1_16:0)					unmapped	not_labelled	False
ST003328	AN005452|PC(O-14:1_20:1)	PC(O-14:1_20:1)					unmapped	not_labelled	False
ST003328	AN005452|PC(O-14:1_22:2)	PC(O-14:1_22:2)					unmapped	not_labelled	False
ST003328	AN005452|PC(O-14:1_22:4)	PC(O-14:1_22:4)					unmapped	not_labelled	False
ST003328	AN005452|PC(O-14:1_22:6)	PC(O-14:1_22:6)					unmapped	not_labelled	False
ST003328	AN005452|PC(O-16:1_16:0)	PC(O-16:1_16:0)					unmapped	not_labelled	False
ST003328	AN005452|PC(O-16:1_22:2)	PC(O-16:1_22:2)					unmapped	not_labelled	False
ST003328	AN005452|PC(O-16:1_22:3)	PC(O-16:1_22:3)					unmapped	not_labelled	False
ST003328	AN005452|PC(O-16:2_16:0)	PC(O-16:2_16:0)					unmapped	not_labelled	False
ST003328	AN005452|PC(O-16:2_18:1)	PC(O-16:2_18:1)					unmapped	not_labelled	False
ST003328	AN005452|PC(O-16:2_22:3)	PC(O-16:2_22:3)					unmapped	not_labelled	False
ST003328	AN005452|PC(O-16:2_22:4)	PC(O-16:2_22:4)					unmapped	not_labelled	False
ST003328	AN005452|PC(O-16:2_22:6)	PC(O-16:2_22:6)					unmapped	not_labelled	False
ST003328	AN005452|PC(O-17:0_16:0)	PC(O-17:0_16:0)					unmapped	not_labelled	False
ST003328	AN005452|PC(O-17:0_16:1)	PC(O-17:0_16:1)					unmapped	not_labelled	False
ST003328	AN005452|PC(O-19:0_16:1)	PC(O-19:0_16:1)					unmapped	not_labelled	False
ST003328	AN005452|PC(O-19:0_18:1)	PC(O-19:0_18:1)					unmapped	not_labelled	False
ST003328	AN005452|PC(O-19:1_16:0)	PC(O-19:1_16:0)					unmapped	not_labelled	False
ST003328	AN005452|PE(14:0_16:0)	PE(14:0_16:0)					unmapped	not_labelled	False
ST003328	AN005452|PE(16:0_16:0)	PE(16:0_16:0)					unmapped	not_labelled	False
ST003328	AN005452|PE(16:0_16:1)	PE(16:0_16:1)					unmapped	not_labelled	False
ST003328	AN005452|PE(16:0_18:0)	PE(16:0_18:0)					unmapped	not_labelled	False
ST003328	AN005452|PE(16:0_20:4)	PE(16:0_20:4)					unmapped	not_labelled	False
ST003328	AN005452|PE(16:1_16:1)	PE(16:1_16:1)					unmapped	not_labelled	False
ST003328	AN005452|PE(16:1_18:1)	PE(16:1_18:1)					unmapped	not_labelled	False
ST003328	AN005452|PE(16:1_18:2)	PE(16:1_18:2)					unmapped	not_labelled	False
ST003328	AN005452|PE(18:0_16:0)	PE(18:0_16:0)					unmapped	not_labelled	False
ST003328	AN005452|PE(18:0_18:1)	PE(18:0_18:1)					unmapped	not_labelled	False
ST003328	AN005452|PE(18:0_20:1)	PE(18:0_20:1)					unmapped	not_labelled	False
ST003328	AN005452|PE(18:0_22:2)	PE(18:0_22:2)					unmapped	not_labelled	False
ST003328	AN005452|PE(18:0_22:3)	PE(18:0_22:3)					unmapped	not_labelled	False
ST003328	AN005452|PE(18:1_18:1)	PE(18:1_18:1)					unmapped	not_labelled	False
ST003328	AN005452|PE(18:1_18:2)	PE(18:1_18:2)					unmapped	not_labelled	False
ST003328	AN005452|PE(18:1_20:1)	PE(18:1_20:1)					unmapped	not_labelled	False
ST003328	AN005452|PE(18:1_20:2)	PE(18:1_20:2)					unmapped	not_labelled	False
ST003328	AN005452|PE(18:1_20:3)	PE(18:1_20:3)					unmapped	not_labelled	False
ST003328	AN005452|PE(18:1_20:4)	PE(18:1_20:4)					unmapped	not_labelled	False
ST003328	AN005452|PE(18:1_22:3)	PE(18:1_22:3)					unmapped	not_labelled	False
ST003328	AN005452|PE(18:1_22:4)	PE(18:1_22:4)					unmapped	not_labelled	False
ST003328	AN005452|PE(18:1_24:2)	PE(18:1_24:2)					unmapped	not_labelled	False
ST003328	AN005452|PE(20:1_22:3)	PE(20:1_22:3)					unmapped	not_labelled	False
ST003328	AN005452|PE(20:2_22:3)	PE(20:2_22:3)					unmapped	not_labelled	False
ST003328	AN005452|PE(23:3)	PE(23:3)					unmapped	not_labelled	False
ST003328	AN005452|PE(24:6_18:1)	PE(24:6_18:1)					unmapped	not_labelled	False
ST003328	AN005452|PE(O-16:1_16:0)	PE(O-16:1_16:0)					unmapped	not_labelled	False
ST003328	AN005452|PE(O-16:1_16:1)	PE(O-16:1_16:1)					unmapped	not_labelled	False
ST003328	AN005452|PE(O-16:1_20:1)	PE(O-16:1_20:1)					unmapped	not_labelled	False
ST003328	AN005452|PE(O-16:1_20:3)	PE(O-16:1_20:3)					unmapped	not_labelled	False
ST003328	AN005452|PE(O-16:1_20:4)	PE(O-16:1_20:4)					unmapped	not_labelled	False
ST003328	AN005452|PE(O-16:1_20:5)	PE(O-16:1_20:5)					unmapped	not_labelled	False
ST003328	AN005452|PE(O-16:1_22:2)	PE(O-16:1_22:2)					unmapped	not_labelled	False
ST003328	AN005452|PE(O-16:1_22:3)	PE(O-16:1_22:3)					unmapped	not_labelled	False
ST003328	AN005452|PE(O-16:1_22:4)	PE(O-16:1_22:4)					unmapped	not_labelled	False
ST003328	AN005452|PE(O-16:1_22:6)	PE(O-16:1_22:6)					unmapped	not_labelled	False
ST003328	AN005452|PE(O-18:1_16:0)	PE(O-18:1_16:0)					unmapped	not_labelled	False
ST003328	AN005452|PE(O-18:1_20:1)	PE(O-18:1_20:1)					unmapped	not_labelled	False
ST003328	AN005452|PE(O-18:1_22:2)	PE(O-18:1_22:2)					unmapped	not_labelled	False
ST003328	AN005452|PE(O-18:1_22:3)	PE(O-18:1_22:3)					unmapped	not_labelled	False
ST003328	AN005452|PE(O-18:2_16:0)	PE(O-18:2_16:0)					unmapped	not_labelled	False
ST003328	AN005452|PE(O-18:2_18:1)	PE(O-18:2_18:1)					unmapped	not_labelled	False
ST003328	AN005452|PE(O-18:2_20:4)	PE(O-18:2_20:4)					unmapped	not_labelled	False
ST003328	AN005452|PE(O-18:2_22:3)	PE(O-18:2_22:3)					unmapped	not_labelled	False
ST003328	AN005452|PE(O-18:2_22:4)	PE(O-18:2_22:4)					unmapped	not_labelled	False
ST003328	AN005452|PE(O-18:2_22:5)	PE(O-18:2_22:5)					unmapped	not_labelled	False
ST003328	AN005452|PE(O-18:2_22:6)	PE(O-18:2_22:6)					unmapped	not_labelled	False
ST003328	AN005452|PE(O-20:2_22:3)	PE(O-20:2_22:3)					unmapped	not_labelled	False
ST003328	AN005452|PE(O-24:6_18:1)	PE(O-24:6_18:1)					unmapped	not_labelled	False
ST003328	AN005452|PE(O-24:7_18:1)	PE(O-24:7_18:1)					unmapped	not_labelled	False
ST003328	AN005452|PE(O-26:6_16:0)	PE(O-26:6_16:0)					unmapped	not_labelled	False
ST003328	AN005452|PG(16:0_18:1)	PG(16:0_18:1)					unmapped	not_labelled	False
ST003328	AN005452|PG(16:1_18:1)	PG(16:1_18:1)					unmapped	not_labelled	False
ST003328	AN005452|PG(18:0_18:1)	PG(18:0_18:1)					unmapped	not_labelled	False
ST003328	AN005452|PG(18:1_18:1)	PG(18:1_18:1)					unmapped	not_labelled	False
ST003328	AN005452|PG(18:1_20:2)	PG(18:1_20:2)					unmapped	not_labelled	False
ST003328	AN005452|PG(18:1_22:3)	PG(18:1_22:3)					unmapped	not_labelled	False
ST003328	AN005452|PG(18:1_22:6)	PG(18:1_22:6)					unmapped	not_labelled	False
ST003328	AN005452|PG(22:6_22:6)	PG(22:6_22:6)					unmapped	not_labelled	False
ST003328	AN005452|PI(16:0_16:1)	PI(16:0_16:1)					unmapped	not_labelled	False
ST003328	AN005452|PI(16:0_18:1)	PI(16:0_18:1)					unmapped	not_labelled	False
ST003328	AN005452|PI(16:0_20:4)	PI(16:0_20:4)					unmapped	not_labelled	False
ST003328	AN005452|PI(16:1_18:1)	PI(16:1_18:1)					unmapped	not_labelled	False
ST003328	AN005452|PI(18:0_20:4)	PI(18:0_20:4)					unmapped	not_labelled	False
ST003328	AN005452|PI(18:1_18:1)	PI(18:1_18:1)					unmapped	not_labelled	False
ST003328	AN005452|PI(18:1_18:2)	PI(18:1_18:2)					unmapped	not_labelled	False
ST003328	AN005452|PI(18:1_20:2)	PI(18:1_20:2)					unmapped	not_labelled	False
ST003328	AN005452|PI(18:1_20:3)	PI(18:1_20:3)					unmapped	not_labelled	False
ST003328	AN005452|PI(18:1_20:4)	PI(18:1_20:4)					unmapped	not_labelled	False
ST003328	AN005452|PI(18:1_22:3)	PI(18:1_22:3)					unmapped	not_labelled	False
ST003328	AN005452|PI(18:1_22:4)	PI(18:1_22:4)					unmapped	not_labelled	False
ST003328	AN005452|PI(20:1_22:3)	PI(20:1_22:3)					unmapped	not_labelled	False
ST003328	AN005452|PI(20:2_22:3)	PI(20:2_22:3)					unmapped	not_labelled	False
ST003328	AN005452|PI(20:3_20:3)	PI(20:3_20:3)					unmapped	not_labelled	False
ST003328	AN005452|PI(20:3_20:4)	PI(20:3_20:4)					unmapped	not_labelled	False
ST003328	AN005452|PI(20:3_22:3)	PI(20:3_22:3)					unmapped	not_labelled	False
ST003328	AN005452|PI(20:4_18:2)	PI(20:4_18:2)					unmapped	not_labelled	False
ST003328	AN005452|PS(16:0_16:0)	PS(16:0_16:0)					unmapped	not_labelled	False
ST003328	AN005452|PS(16:0_16:1)	PS(16:0_16:1)					unmapped	not_labelled	False
ST003328	AN005452|PS(16:0_18:0)	PS(16:0_18:0)					unmapped	not_labelled	False
ST003328	AN005452|PS(16:0_18:1)	PS(16:0_18:1)					unmapped	not_labelled	False
ST003328	AN005452|PS(16:0_22:1)	PS(16:0_22:1)					unmapped	not_labelled	False
ST003328	AN005452|PS(16:0_22:3)	PS(16:0_22:3)					unmapped	not_labelled	False
ST003328	AN005452|PS(16:1_18:1)	PS(16:1_18:1)					unmapped	not_labelled	False
ST003328	AN005452|PS(18:0_18:1)	PS(18:0_18:1)					unmapped	not_labelled	False
ST003328	AN005452|PS(18:0_20:2)	PS(18:0_20:2)					unmapped	not_labelled	False
ST003328	AN005452|PS(18:0_22:3)	PS(18:0_22:3)					unmapped	not_labelled	False
ST003328	AN005452|PS(18:0_22:4)	PS(18:0_22:4)					unmapped	not_labelled	False
ST003328	AN005452|PS(18:0_22:5)	PS(18:0_22:5)					unmapped	not_labelled	False
ST003328	AN005452|PS(18:0_22:6)	PS(18:0_22:6)					unmapped	not_labelled	False
ST003328	AN005452|PS(18:1_18:1)	PS(18:1_18:1)					unmapped	not_labelled	False
ST003328	AN005452|PS(18:1_18:2)	PS(18:1_18:2)					unmapped	not_labelled	False
ST003328	AN005452|PS(18:1_24:2)	PS(18:1_24:2)					unmapped	not_labelled	False
ST003328	AN005452|SM(d33:1)	SM(d33:1)					unmapped	not_labelled	False
ST003328	AN005452|SM(d35:0)	SM(d35:0)					unmapped	not_labelled	False
ST003328	AN005452|SM(d35:1)	SM(d35:1)					unmapped	not_labelled	False
ST003328	AN005452|SM(d35:2)	SM(d35:2)					unmapped	not_labelled	False
ST003328	AN005452|SM(d37:1)	SM(d37:1)					unmapped	not_labelled	False
ST003328	AN005452|SM(d43:2)	SM(d43:2)					unmapped	not_labelled	False
ST003328	AN005452|SM(d43:3)	SM(d43:3)					unmapped	not_labelled	False
ST003328	AN005453|AcCa(2:0)	AcCa(2:0)					unmapped	not_labelled	False
ST003328	AN005453|AcCa(21:3)	AcCa(21:3)					unmapped	not_labelled	False
ST003328	AN005453|AcCa(4:0)	AcCa(4:0)					unmapped	not_labelled	False
ST003328	AN005453|Cer(d16:0_28:1)	Cer(d16:0_28:1)					unmapped	not_labelled	False
ST003328	AN005453|Cer(d18:1_14:0)	Cer(d18:1_14:0)					unmapped	not_labelled	False
ST003328	AN005453|Cer(d18:1_22:0)	Cer(d18:1_22:0)					unmapped	not_labelled	False
ST003328	AN005453|Cer(d18:1_22:1)	Cer(d18:1_22:1)					unmapped	not_labelled	False
ST003328	AN005453|Cer(d18:1_24:0)	Cer(d18:1_24:0)					unmapped	not_labelled	False
ST003328	AN005453|Cer(d18:2_24:1)	Cer(d18:2_24:1)					unmapped	not_labelled	False
ST003328	AN005453|Cer(d20:1_24:1)	Cer(d20:1_24:1)					unmapped	not_labelled	False
ST003328	AN005453|ChE(16:1)	ChE(16:1)					unmapped	not_labelled	False
ST003328	AN005453|ChE(18:1)	ChE(18:1)					unmapped	not_labelled	False
ST003328	AN005453|ChE(18:2)	ChE(18:2)					unmapped	not_labelled	False
ST003328	AN005453|ChE(18:3)	ChE(18:3)					unmapped	not_labelled	False
ST003328	AN005453|ChE(20:1)	ChE(20:1)					unmapped	not_labelled	False
ST003328	AN005453|ChE(20:3)	ChE(20:3)					unmapped	not_labelled	False
ST003328	AN005453|ChE(20:4)	ChE(20:4)					unmapped	not_labelled	False
ST003328	AN005453|ChE(20:5)	ChE(20:5)					unmapped	not_labelled	False
ST003328	AN005453|ChE(22:1)	ChE(22:1)					unmapped	not_labelled	False
ST003328	AN005453|ChE(22:3)	ChE(22:3)					unmapped	not_labelled	False
ST003328	AN005453|ChE(22:4)	ChE(22:4)					unmapped	not_labelled	False
ST003328	AN005453|ChE(22:5)	ChE(22:5)					unmapped	not_labelled	False
ST003328	AN005453|ChE(22:6)	ChE(22:6)					unmapped	not_labelled	False
ST003328	AN005453|ChE(24:1)	ChE(24:1)					unmapped	not_labelled	False
ST003328	AN005453|ChE(24:2)	ChE(24:2)					unmapped	not_labelled	False
ST003328	AN005453|ChE(24:3)	ChE(24:3)					unmapped	not_labelled	False
ST003328	AN005453|ChE(24:4)	ChE(24:4)					unmapped	not_labelled	False
ST003328	AN005453|ChE(24:6)	ChE(24:6)					unmapped	not_labelled	False
ST003328	AN005453|ChE(26:2)	ChE(26:2)					unmapped	not_labelled	False
ST003328	AN005453|ChE(26:3)	ChE(26:3)					unmapped	not_labelled	False
ST003328	AN005453|ChE(26:4)	ChE(26:4)					unmapped	not_labelled	False
ST003328	AN005453|ChE(26:5)	ChE(26:5)					unmapped	not_labelled	False
ST003328	AN005453|ChE(28:4)	ChE(28:4)					unmapped	not_labelled	False
ST003328	AN005453|ChE(28:5)	ChE(28:5)					unmapped	not_labelled	False
ST003328	AN005453|ChE(28:6)	ChE(28:6)					unmapped	not_labelled	False
ST003328	AN005453|ChE(28:7)	ChE(28:7)					unmapped	not_labelled	False
ST003328	AN005453|ChE(30:4)	ChE(30:4)					unmapped	not_labelled	False
ST003328	AN005453|ChE(30:5)	ChE(30:5)					unmapped	not_labelled	False
ST003328	AN005453|ChE(30:6)	ChE(30:6)					unmapped	not_labelled	False
ST003328	AN005453|ChE(30:8)	ChE(30:8)					unmapped	not_labelled	False
ST003328	AN005453|cholesterol	cholesterol		HMDB0000067	c	Metab__HMDB0000067_c	lipid_name_hmdb	not_labelled	True
ST003328	AN005453|cholesterol	cholesterol		HMDB0000067	m	Metab__HMDB0000067_m	lipid_name_hmdb	not_labelled	True
ST003328	AN005453|CL(68:4)	CL(68:4)					unmapped	not_labelled	False
ST003328	AN005453|CL(70:4)	CL(70:4)					unmapped	not_labelled	False
ST003328	AN005453|CL(70:5)	CL(70:5)					unmapped	not_labelled	False
ST003328	AN005453|CL(72:4)	CL(72:4)					unmapped	not_labelled	False
ST003328	AN005453|Co(Q10)	Co(Q10)					unmapped	not_labelled	False
ST003328	AN005453|Co(Q9)	Co(Q9)					unmapped	not_labelled	False
ST003328	AN005453|DG(14:0_16:0)	DG(14:0_16:0)					unmapped	not_labelled	False
ST003328	AN005453|DG(16:0_16:0)	DG(16:0_16:0)					unmapped	not_labelled	False
ST003328	AN005453|DG(16:0_16:1)	DG(16:0_16:1)					unmapped	not_labelled	False
ST003328	AN005453|DG(16:0_18:0)	DG(16:0_18:0)					unmapped	not_labelled	False
ST003328	AN005453|DG(16:0_18:1)	DG(16:0_18:1)					unmapped	not_labelled	False
ST003328	AN005453|DG(16:0_20:1)	DG(16:0_20:1)					unmapped	not_labelled	False
ST003328	AN005453|DG(16:0_22:3)	DG(16:0_22:3)					unmapped	not_labelled	False
ST003328	AN005453|DG(16:0_22:5)	DG(16:0_22:5)					unmapped	not_labelled	False
ST003328	AN005453|DG(16:0_26:2)	DG(16:0_26:2)					unmapped	not_labelled	False
ST003328	AN005453|DG(16:0_26:4)	DG(16:0_26:4)					unmapped	not_labelled	False
ST003328	AN005453|DG(16:1_18:1)	DG(16:1_18:1)					unmapped	not_labelled	False
ST003328	AN005453|DG(18:0_18:0)	DG(18:0_18:0)					unmapped	not_labelled	False
ST003328	AN005453|DG(18:0_20:4)	DG(18:0_20:4)					unmapped	not_labelled	False
ST003328	AN005453|DG(18:0_22:3)	DG(18:0_22:3)					unmapped	not_labelled	False
ST003328	AN005453|DG(18:1_18:1)	DG(18:1_18:1)					unmapped	not_labelled	False
ST003328	AN005453|DG(18:1_18:2)	DG(18:1_18:2)					unmapped	not_labelled	False
ST003328	AN005453|DG(18:1_20:1)	DG(18:1_20:1)					unmapped	not_labelled	False
ST003328	AN005453|DG(18:1_22:3)	DG(18:1_22:3)					unmapped	not_labelled	False
ST003328	AN005453|DG(18:1_22:4)	DG(18:1_22:4)					unmapped	not_labelled	False
ST003328	AN005453|DG(18:1_24:2)	DG(18:1_24:2)					unmapped	not_labelled	False
ST003328	AN005453|DG(18:1_26:2)	DG(18:1_26:2)					unmapped	not_labelled	False
ST003328	AN005453|DG(20:2_22:3)	DG(20:2_22:3)					unmapped	not_labelled	False
ST003328	AN005453|DG(34:3)	DG(34:3)					unmapped	not_labelled	False
ST003328	AN005453|DG(O-15:1_20:1)	DG(O-15:1_20:1)					unmapped	not_labelled	False
ST003328	AN005453|DG(O-15:1_22:1)	DG(O-15:1_22:1)					unmapped	not_labelled	False
ST003328	AN005453|DG(O-17:1_17:2)	DG(O-17:1_17:2)					unmapped	not_labelled	False
ST003328	AN005453|DG(O-17:1_22:1)	DG(O-17:1_22:1)					unmapped	not_labelled	False
ST003328	AN005453|DG(O-6:0_21:5)	DG(O-6:0_21:5)					unmapped	not_labelled	False
ST003328	AN005453|DG(P-12:1_22:0)	DG(P-12:1_22:0)					unmapped	not_labelled	False
ST003328	AN005453|Hex1Cer(d18:1_16:0)	Hex1Cer(d18:1_16:0)					unmapped	not_labelled	False
ST003328	AN005453|Hex1Cer(d18:1_18:0)	Hex1Cer(d18:1_18:0)					unmapped	not_labelled	False
ST003328	AN005453|Hex1Cer(d18:1_24:1)	Hex1Cer(d18:1_24:1)					unmapped	not_labelled	False
ST003328	AN005453|Hex2Cer(d18:1_16:0)	Hex2Cer(d18:1_16:0)					unmapped	not_labelled	False
ST003328	AN005453|Hex2Cer(d18:1_18:0)	Hex2Cer(d18:1_18:0)					unmapped	not_labelled	False
ST003328	AN005453|Hex2Cer(d18:1_24:1)	Hex2Cer(d18:1_24:1)					unmapped	not_labelled	False
ST003328	AN005453|LPC(16:0)	LPC(16:0)					unmapped	not_labelled	False
ST003328	AN005453|LPC(16:1)	LPC(16:1)					unmapped	not_labelled	False
ST003328	AN005453|LPC(18:0)	LPC(18:0)					unmapped	not_labelled	False
ST003328	AN005453|LPC(18:1)	LPC(18:1)					unmapped	not_labelled	False
ST003328	AN005453|LPC(20:1)	LPC(20:1)					unmapped	not_labelled	False
ST003328	AN005453|LPC(26:0)	LPC(26:0)					unmapped	not_labelled	False
ST003328	AN005453|LPC(28:0)	LPC(28:0)					unmapped	not_labelled	False
ST003328	AN005453|LPC(30:0)	LPC(30:0)					unmapped	not_labelled	False
ST003328	AN005453|LPE(20:3)	LPE(20:3)					unmapped	not_labelled	False
ST003328	AN005453|LPE(20:4)	LPE(20:4)					unmapped	not_labelled	False
ST003328	AN005453|LPE(22:4)	LPE(22:4)					unmapped	not_labelled	False
ST003328	AN005453|LPE(24:5)	LPE(24:5)					unmapped	not_labelled	False
ST003328	AN005453|MG(21:5)	MG(21:5)					unmapped	not_labelled	False
ST003328	AN005453|MG(O-24:6)	MG(O-24:6)					unmapped	not_labelled	False
ST003328	AN005453|MG(P-24:6)	MG(P-24:6)					unmapped	not_labelled	False
ST003328	AN005453|PA(22:5_18:0)	PA(22:5_18:0)					unmapped	not_labelled	False
ST003328	AN005453|PA(O-18:2_16:0)	PA(O-18:2_16:0)					unmapped	not_labelled	False
ST003328	AN005453|PA(O-18:2_16:1)	PA(O-18:2_16:1)					unmapped	not_labelled	False
ST003328	AN005453|PA(O-18:2_20:5)	PA(O-18:2_20:5)					unmapped	not_labelled	False
ST003328	AN005453|PA(O-18:2_22:6)	PA(O-18:2_22:6)					unmapped	not_labelled	False
ST003328	AN005453|PA(O-20:2_16:0)	PA(O-20:2_16:0)					unmapped	not_labelled	False
ST003328	AN005453|PA(O-20:2_18:1)	PA(O-20:2_18:1)					unmapped	not_labelled	False
ST003328	AN005453|PA(O-20:3_16:1)	PA(O-20:3_16:1)					unmapped	not_labelled	False
ST003328	AN005453|PA(P-12:1_16:0)	PA(P-12:1_16:0)					unmapped	not_labelled	False
ST003328	AN005453|PC(15:1_16:0)	PC(15:1_16:0)					unmapped	not_labelled	False
ST003328	AN005453|PC(17:2_18:0)	PC(17:2_18:0)					unmapped	not_labelled	False
ST003328	AN005453|PC(17:2_18:1)	PC(17:2_18:1)					unmapped	not_labelled	False
ST003328	AN005453|PC(17:3_16:1)	PC(17:3_16:1)					unmapped	not_labelled	False
ST003328	AN005453|PC(17:3_18:1)	PC(17:3_18:1)					unmapped	not_labelled	False
ST003328	AN005453|PC(17:3_22:1)	PC(17:3_22:1)					unmapped	not_labelled	False
ST003328	AN005453|PC(19:2_18:1)	PC(19:2_18:1)					unmapped	not_labelled	False
ST003328	AN005453|PC(19:4_18:1)	PC(19:4_18:1)					unmapped	not_labelled	False
ST003328	AN005453|PC(19:4_21:3)	PC(19:4_21:3)					unmapped	not_labelled	False
ST003328	AN005453|PC(26:0)	PC(26:0)					unmapped	not_labelled	False
ST003328	AN005453|PC(28:0)	PC(28:0)					unmapped	not_labelled	False
ST003328	AN005453|PC(28:1)	PC(28:1)					unmapped	not_labelled	False
ST003328	AN005453|PC(29:0)	PC(29:0)					unmapped	not_labelled	False
ST003328	AN005453|PC(30:0)	PC(30:0)					unmapped	not_labelled	False
ST003328	AN005453|PC(30:1)	PC(30:1)					unmapped	not_labelled	False
ST003328	AN005453|PC(30:2)	PC(30:2)					unmapped	not_labelled	False
ST003328	AN005453|PC(30:3)	PC(30:3)					unmapped	not_labelled	False
ST003328	AN005453|PC(31:0)	PC(31:0)					unmapped	not_labelled	False
ST003328	AN005453|PC(31:3)	PC(31:3)					unmapped	not_labelled	False
ST003328	AN005453|PC(32:1)	PC(32:1)					unmapped	not_labelled	False
ST003328	AN005453|PC(32:2)	PC(32:2)					unmapped	not_labelled	False
ST003328	AN005453|PC(32:3)	PC(32:3)					unmapped	not_labelled	False
ST003328	AN005453|PC(33:0)	PC(33:0)					unmapped	not_labelled	False
ST003328	AN005453|PC(33:2)	PC(33:2)					unmapped	not_labelled	False
ST003328	AN005453|PC(34:0)	PC(34:0)					unmapped	not_labelled	False
ST003328	AN005453|PC(34:3)	PC(34:3)					unmapped	not_labelled	False
ST003328	AN005453|PC(35:1)	PC(35:1)					unmapped	not_labelled	False
ST003328	AN005453|PC(35:2)	PC(35:2)					unmapped	not_labelled	False
ST003328	AN005453|PC(36:1)	PC(36:1)					unmapped	not_labelled	False
ST003328	AN005453|PC(36:2)	PC(36:2)					unmapped	not_labelled	False
ST003328	AN005453|PC(36:3)	PC(36:3)					unmapped	not_labelled	False
ST003328	AN005453|PC(36:4)	PC(36:4)					unmapped	not_labelled	False
ST003328	AN005453|PC(36:6)	PC(36:6)					unmapped	not_labelled	False
ST003328	AN005453|PC(37:2)	PC(37:2)					unmapped	not_labelled	False
ST003328	AN005453|PC(37:6)	PC(37:6)					unmapped	not_labelled	False
ST003328	AN005453|PC(38:1)	PC(38:1)					unmapped	not_labelled	False
ST003328	AN005453|PC(38:2)	PC(38:2)					unmapped	not_labelled	False
ST003328	AN005453|PC(38:3)	PC(38:3)					unmapped	not_labelled	False
ST003328	AN005453|PC(38:4)	PC(38:4)					unmapped	not_labelled	False
ST003328	AN005453|PC(38:5)	PC(38:5)					unmapped	not_labelled	False
ST003328	AN005453|PC(38:6)	PC(38:6)					unmapped	not_labelled	False
ST003328	AN005453|PC(38:7)	PC(38:7)					unmapped	not_labelled	False
ST003328	AN005453|PC(39:2)	PC(39:2)					unmapped	not_labelled	False
ST003328	AN005453|PC(39:3)	PC(39:3)					unmapped	not_labelled	False
ST003328	AN005453|PC(39:5)	PC(39:5)					unmapped	not_labelled	False
ST003328	AN005453|PC(39:6)	PC(39:6)					unmapped	not_labelled	False
ST003328	AN005453|PC(39:7)	PC(39:7)					unmapped	not_labelled	False
ST003328	AN005453|PC(40:1)	PC(40:1)					unmapped	not_labelled	False
ST003328	AN005453|PC(40:2)	PC(40:2)					unmapped	not_labelled	False
ST003328	AN005453|PC(40:3)	PC(40:3)					unmapped	not_labelled	False
ST003328	AN005453|PC(40:4)	PC(40:4)					unmapped	not_labelled	False
ST003328	AN005453|PC(40:5)	PC(40:5)					unmapped	not_labelled	False
ST003328	AN005453|PC(40:6)	PC(40:6)					unmapped	not_labelled	False
ST003328	AN005453|PC(41:6)	PC(41:6)					unmapped	not_labelled	False
ST003328	AN005453|PC(42:1)	PC(42:1)					unmapped	not_labelled	False
ST003328	AN005453|PC(42:10)	PC(42:10)					unmapped	not_labelled	False
ST003328	AN005453|PC(42:2)	PC(42:2)					unmapped	not_labelled	False
ST003328	AN005453|PC(42:3)	PC(42:3)					unmapped	not_labelled	False
ST003328	AN005453|PC(42:4)	PC(42:4)					unmapped	not_labelled	False
ST003328	AN005453|PC(42:5)	PC(42:5)					unmapped	not_labelled	False
ST003328	AN005453|PC(42:6)	PC(42:6)					unmapped	not_labelled	False
ST003328	AN005453|PC(42:7)	PC(42:7)					unmapped	not_labelled	False
ST003328	AN005453|PC(42:8)	PC(42:8)					unmapped	not_labelled	False
ST003328	AN005453|PC(42:9)	PC(42:9)					unmapped	not_labelled	False
ST003328	AN005453|PC(44:1)	PC(44:1)					unmapped	not_labelled	False
ST003328	AN005453|PC(44:2)	PC(44:2)					unmapped	not_labelled	False
ST003328	AN005453|PC(44:3)	PC(44:3)					unmapped	not_labelled	False
ST003328	AN005453|PC(44:4)	PC(44:4)					unmapped	not_labelled	False
ST003328	AN005453|PC(44:5)	PC(44:5)					unmapped	not_labelled	False
ST003328	AN005453|PC(44:6)	PC(44:6)					unmapped	not_labelled	False
ST003328	AN005453|PC(44:7)	PC(44:7)					unmapped	not_labelled	False
ST003328	AN005453|PC(44:8)	PC(44:8)					unmapped	not_labelled	False
ST003328	AN005453|PC(44:9)	PC(44:9)					unmapped	not_labelled	False
ST003328	AN005453|PC(46:2)	PC(46:2)					unmapped	not_labelled	False
ST003328	AN005453|PC(46:3)	PC(46:3)					unmapped	not_labelled	False
ST003328	AN005453|PC(46:5)	PC(46:5)					unmapped	not_labelled	False
ST003328	AN005453|PC(46:6)	PC(46:6)					unmapped	not_labelled	False
ST003328	AN005453|PC(46:7)	PC(46:7)					unmapped	not_labelled	False
ST003328	AN005453|PC(46:8)	PC(46:8)					unmapped	not_labelled	False
ST003328	AN005453|PC(46:9)	PC(46:9)					unmapped	not_labelled	False
ST003328	AN005453|PC(48:12)	PC(48:12)					unmapped	not_labelled	False
ST003328	AN005453|PC(48:2)	PC(48:2)					unmapped	not_labelled	False
ST003328	AN005453|PC(48:4)	PC(48:4)					unmapped	not_labelled	False
ST003328	AN005453|PC(48:5)	PC(48:5)					unmapped	not_labelled	False
ST003328	AN005453|PC(48:6)	PC(48:6)					unmapped	not_labelled	False
ST003328	AN005453|PC(48:7)	PC(48:7)					unmapped	not_labelled	False
ST003328	AN005453|PC(48:8)	PC(48:8)					unmapped	not_labelled	False
ST003328	AN005453|PC(48:9)	PC(48:9)					unmapped	not_labelled	False
ST003328	AN005453|PC(50:4)	PC(50:4)					unmapped	not_labelled	False
ST003328	AN005453|PC(50:5)	PC(50:5)					unmapped	not_labelled	False
ST003328	AN005453|PC(50:6)	PC(50:6)					unmapped	not_labelled	False
ST003328	AN005453|PC(50:7)	PC(50:7)					unmapped	not_labelled	False
ST003328	AN005453|PC(O-13:1_20:1)	PC(O-13:1_20:1)					unmapped	not_labelled	False
ST003328	AN005453|PC(O-13:1_20:5)	PC(O-13:1_20:5)					unmapped	not_labelled	False
ST003328	AN005453|PC(O-13:1_22:6)	PC(O-13:1_22:6)					unmapped	not_labelled	False
ST003328	AN005453|PC(O-15:1_16:0)	PC(O-15:1_16:0)					unmapped	not_labelled	False
ST003328	AN005453|PC(O-15:1_20:1)	PC(O-15:1_20:1)					unmapped	not_labelled	False
ST003328	AN005453|PC(O-15:1_22:1)	PC(O-15:1_22:1)					unmapped	not_labelled	False
ST003328	AN005453|PC(O-15:2_22:2)	PC(O-15:2_22:2)					unmapped	not_labelled	False
ST003328	AN005453|PC(O-15:2_22:4)	PC(O-15:2_22:4)					unmapped	not_labelled	False
ST003328	AN005453|PC(O-15:2_22:5)	PC(O-15:2_22:5)					unmapped	not_labelled	False
ST003328	AN005453|PC(O-15:2_22:6)	PC(O-15:2_22:6)					unmapped	not_labelled	False
ST003328	AN005453|PC(O-17:2_22:3)	PC(O-17:2_22:3)					unmapped	not_labelled	False
ST003328	AN005453|PC(O-17:2_22:4)	PC(O-17:2_22:4)					unmapped	not_labelled	False
ST003328	AN005453|PC(O-17:3_22:4)	PC(O-17:3_22:4)					unmapped	not_labelled	False
ST003328	AN005453|PC(O-18:2_18:1)	PC(O-18:2_18:1)					unmapped	not_labelled	False
ST003328	AN005453|PC(O-21:4_23:4)	PC(O-21:4_23:4)					unmapped	not_labelled	False
ST003328	AN005453|PC(O-32:0)	PC(O-32:0)					unmapped	not_labelled	False
ST003328	AN005453|PC(O-32:1)	PC(O-32:1)					unmapped	not_labelled	False
ST003328	AN005453|PC(O-32:2)	PC(O-32:2)					unmapped	not_labelled	False
ST003328	AN005453|PC(O-34:0)	PC(O-34:0)					unmapped	not_labelled	False
ST003328	AN005453|PC(O-34:1)	PC(O-34:1)					unmapped	not_labelled	False
ST003328	AN005453|PC(O-34:2)	PC(O-34:2)					unmapped	not_labelled	False
ST003328	AN005453|PC(O-34:3)	PC(O-34:3)					unmapped	not_labelled	False
ST003328	AN005453|PC(O-36:1)	PC(O-36:1)					unmapped	not_labelled	False
ST003328	AN005453|PC(O-36:2)	PC(O-36:2)					unmapped	not_labelled	False
ST003328	AN005453|PC(O-36:4)	PC(O-36:4)					unmapped	not_labelled	False
ST003328	AN005453|PC(O-37:8)	PC(O-37:8)					unmapped	not_labelled	False
ST003328	AN005453|PC(O-38:1)	PC(O-38:1)					unmapped	not_labelled	False
ST003328	AN005453|PC(O-38:2)	PC(O-38:2)					unmapped	not_labelled	False
ST003328	AN005453|PC(O-38:3)	PC(O-38:3)					unmapped	not_labelled	False
ST003328	AN005453|PC(O-38:4)	PC(O-38:4)					unmapped	not_labelled	False
ST003328	AN005453|PC(O-38:5)	PC(O-38:5)					unmapped	not_labelled	False
ST003328	AN005453|PC(O-39:3)	PC(O-39:3)					unmapped	not_labelled	False
ST003328	AN005453|PC(O-39:4)	PC(O-39:4)					unmapped	not_labelled	False
ST003328	AN005453|PC(O-39:8)	PC(O-39:8)					unmapped	not_labelled	False
ST003328	AN005453|PC(O-40:2)	PC(O-40:2)					unmapped	not_labelled	False
ST003328	AN005453|PC(O-40:3)	PC(O-40:3)					unmapped	not_labelled	False
ST003328	AN005453|PC(O-40:4)	PC(O-40:4)					unmapped	not_labelled	False
ST003328	AN005453|PC(O-40:5)	PC(O-40:5)					unmapped	not_labelled	False
ST003328	AN005453|PC(O-41:11)	PC(O-41:11)					unmapped	not_labelled	False
ST003328	AN005453|PC(O-41:9)	PC(O-41:9)					unmapped	not_labelled	False
ST003328	AN005453|PC(P-13:1_20:4)	PC(P-13:1_20:4)					unmapped	not_labelled	False
ST003328	AN005453|PC(P-15:2_20:4)	PC(P-15:2_20:4)					unmapped	not_labelled	False
ST003328	AN005453|PC(P-21:6_16:0)	PC(P-21:6_16:0)					unmapped	not_labelled	False
ST003328	AN005453|PC(P-23:7_16:0)	PC(P-23:7_16:0)					unmapped	not_labelled	False
ST003328	AN005453|PE(16:0_22:4)	PE(16:0_22:4)					unmapped	not_labelled	False
ST003328	AN005453|PE(18:0_20:2)	PE(18:0_20:2)					unmapped	not_labelled	False
ST003328	AN005453|PE(20:1_18:0)	PE(20:1_18:0)					unmapped	not_labelled	False
ST003328	AN005453|PE(20:3_16:1)	PE(20:3_16:1)					unmapped	not_labelled	False
ST003328	AN005453|PE(23:4)	PE(23:4)					unmapped	not_labelled	False
ST003328	AN005453|PE(30:0)	PE(30:0)					unmapped	not_labelled	False
ST003328	AN005453|PE(30:1)	PE(30:1)					unmapped	not_labelled	False
ST003328	AN005453|PE(36:4)	PE(36:4)					unmapped	not_labelled	False
ST003328	AN005453|PE(40:2)	PE(40:2)					unmapped	not_labelled	False
ST003328	AN005453|PE(42:2)	PE(42:2)					unmapped	not_labelled	False
ST003328	AN005453|PE(O-16:2_20:3)	PE(O-16:2_20:3)					unmapped	not_labelled	False
ST003328	AN005453|PE(O-18:2_14:0)	PE(O-18:2_14:0)					unmapped	not_labelled	False
ST003328	AN005453|PE(O-18:2_16:1)	PE(O-18:2_16:1)					unmapped	not_labelled	False
ST003328	AN005453|PE(O-20:2_22:4)	PE(O-20:2_22:4)					unmapped	not_labelled	False
ST003328	AN005453|PE(P-10:0_16:0)	PE(P-10:0_16:0)					unmapped	not_labelled	False
ST003328	AN005453|PE(P-16:0_16:0)	PE(P-16:0_16:0)					unmapped	not_labelled	False
ST003328	AN005453|PE(P-16:0_16:1)	PE(P-16:0_16:1)					unmapped	not_labelled	False
ST003328	AN005453|PE(P-16:0_18:3)	PE(P-16:0_18:3)					unmapped	not_labelled	False
ST003328	AN005453|PE(P-16:0_20:1)	PE(P-16:0_20:1)					unmapped	not_labelled	False
ST003328	AN005453|PE(P-16:0_20:3)	PE(P-16:0_20:3)					unmapped	not_labelled	False
ST003328	AN005453|PE(P-16:0_20:4)	PE(P-16:0_20:4)					unmapped	not_labelled	False
ST003328	AN005453|PE(P-16:0_20:5)	PE(P-16:0_20:5)					unmapped	not_labelled	False
ST003328	AN005453|PE(P-16:0_22:2)	PE(P-16:0_22:2)					unmapped	not_labelled	False
ST003328	AN005453|PE(P-16:0_22:3)	PE(P-16:0_22:3)					unmapped	not_labelled	False
ST003328	AN005453|PE(P-16:0_22:4)	PE(P-16:0_22:4)					unmapped	not_labelled	False
ST003328	AN005453|PE(P-16:0_22:6)	PE(P-16:0_22:6)					unmapped	not_labelled	False
ST003328	AN005453|PE(P-18:0_16:0)	PE(P-18:0_16:0)					unmapped	not_labelled	False
ST003328	AN005453|PE(P-18:0_20:1)	PE(P-18:0_20:1)					unmapped	not_labelled	False
ST003328	AN005453|PE(P-18:0_22:2)	PE(P-18:0_22:2)					unmapped	not_labelled	False
ST003328	AN005453|PE(P-18:0_22:3)	PE(P-18:0_22:3)					unmapped	not_labelled	False
ST003328	AN005453|PE(P-18:1_16:0)	PE(P-18:1_16:0)					unmapped	not_labelled	False
ST003328	AN005453|PE(P-18:1_16:1)	PE(P-18:1_16:1)					unmapped	not_labelled	False
ST003328	AN005453|PE(P-18:1_18:1)	PE(P-18:1_18:1)					unmapped	not_labelled	False
ST003328	AN005453|PE(P-18:1_20:4)	PE(P-18:1_20:4)					unmapped	not_labelled	False
ST003328	AN005453|PE(P-18:1_22:3)	PE(P-18:1_22:3)					unmapped	not_labelled	False
ST003328	AN005453|PE(P-18:1_22:4)	PE(P-18:1_22:4)					unmapped	not_labelled	False
ST003328	AN005453|PE(P-18:1_22:6)	PE(P-18:1_22:6)					unmapped	not_labelled	False
ST003328	AN005453|PE(P-20:1_22:3)	PE(P-20:1_22:3)					unmapped	not_labelled	False
ST003328	AN005453|PG(16:2_16:1)	PG(16:2_16:1)					unmapped	not_labelled	False
ST003328	AN005453|PG(16:3_18:0)	PG(16:3_18:0)					unmapped	not_labelled	False
ST003328	AN005453|PG(16:3_18:1)	PG(16:3_18:1)					unmapped	not_labelled	False
ST003328	AN005453|PG(17:3_19:0)	PG(17:3_19:0)					unmapped	not_labelled	False
ST003328	AN005453|PG(18:1_16:0)	PG(18:1_16:0)					unmapped	not_labelled	False
ST003328	AN005453|PG(22:5_18:0)	PG(22:5_18:0)					unmapped	not_labelled	False
ST003328	AN005453|PG(22:6_18:0)	PG(22:6_18:0)					unmapped	not_labelled	False
ST003328	AN005453|PG(22:7_18:0)	PG(22:7_18:0)					unmapped	not_labelled	False
ST003328	AN005453|PG(24:7_18:0)	PG(24:7_18:0)					unmapped	not_labelled	False
ST003328	AN005453|PG(24:8_16:1)	PG(24:8_16:1)					unmapped	not_labelled	False
ST003328	AN005453|PG(32:1)	PG(32:1)					unmapped	not_labelled	False
ST003328	AN005453|PG(34:2)	PG(34:2)					unmapped	not_labelled	False
ST003328	AN005453|PG(36:1)	PG(36:1)					unmapped	not_labelled	False
ST003328	AN005453|PG(36:2)	PG(36:2)					unmapped	not_labelled	False
ST003328	AN005453|PG(O-16:3_17:0)	PG(O-16:3_17:0)					unmapped	not_labelled	False
ST003328	AN005453|PG(O-30:1_20:4)	PG(O-30:1_20:4)					unmapped	not_labelled	False
ST003328	AN005453|PI(18:0_18:0)	PI(18:0_18:0)					unmapped	not_labelled	False
ST003328	AN005453|PI(18:0_18:1)	PI(18:0_18:1)					unmapped	not_labelled	False
ST003328	AN005453|PI(20:2_18:0)	PI(20:2_18:0)					unmapped	not_labelled	False
ST003328	AN005453|PI(20:2_18:1)	PI(20:2_18:1)					unmapped	not_labelled	False
ST003328	AN005453|PI(20:3_16:0)	PI(20:3_16:0)					unmapped	not_labelled	False
ST003328	AN005453|PI(20:3_18:0)	PI(20:3_18:0)					unmapped	not_labelled	False
ST003328	AN005453|PI(20:3_18:1)	PI(20:3_18:1)					unmapped	not_labelled	False
ST003328	AN005453|PI(20:4_16:0)	PI(20:4_16:0)					unmapped	not_labelled	False
ST003328	AN005453|PI(20:4_18:1)	PI(20:4_18:1)					unmapped	not_labelled	False
ST003328	AN005453|PI(20:4_20:1)	PI(20:4_20:1)					unmapped	not_labelled	False
ST003328	AN005453|PI(22:3_18:0)	PI(22:3_18:0)					unmapped	not_labelled	False
ST003328	AN005453|PI(22:3_18:1)	PI(22:3_18:1)					unmapped	not_labelled	False
ST003328	AN005453|PI(34:1)	PI(34:1)					unmapped	not_labelled	False
ST003328	AN005453|PI(34:3)	PI(34:3)					unmapped	not_labelled	False
ST003328	AN005453|PI(38:0)	PI(38:0)					unmapped	not_labelled	False
ST003328	AN005453|PI(38:1)	PI(38:1)					unmapped	not_labelled	False
ST003328	AN005453|PI(40:7)	PI(40:7)					unmapped	not_labelled	False
ST003328	AN005453|PI(40:8)	PI(40:8)					unmapped	not_labelled	False
ST003328	AN005453|PI(42:4)	PI(42:4)					unmapped	not_labelled	False
ST003328	AN005453|PI(42:5)	PI(42:5)					unmapped	not_labelled	False
ST003328	AN005453|PS(20:3_18:0)	PS(20:3_18:0)					unmapped	not_labelled	False
ST003328	AN005453|PS(20:3_18:1)	PS(20:3_18:1)					unmapped	not_labelled	False
ST003328	AN005453|PS(24:5_18:0)	PS(24:5_18:0)					unmapped	not_labelled	False
ST003328	AN005453|PS(24:6_18:0)	PS(24:6_18:0)					unmapped	not_labelled	False
ST003328	AN005453|PS(26:7_18:0)	PS(26:7_18:0)					unmapped	not_labelled	False
ST003328	AN005453|PS(30:0)	PS(30:0)					unmapped	not_labelled	False
ST003328	AN005453|PS(36:3)	PS(36:3)					unmapped	not_labelled	False
ST003328	AN005453|PS(38:5)	PS(38:5)					unmapped	not_labelled	False
ST003328	AN005453|PS(38:6)	PS(38:6)					unmapped	not_labelled	False
ST003328	AN005453|PS(40:3)	PS(40:3)					unmapped	not_labelled	False
ST003328	AN005453|PS(40:6)	PS(40:6)					unmapped	not_labelled	False
ST003328	AN005453|SM(d32:0)	SM(d32:0)					unmapped	not_labelled	False
ST003328	AN005453|SM(d32:1)	SM(d32:1)					unmapped	not_labelled	False
ST003328	AN005453|SM(d34:0)	SM(d34:0)					unmapped	not_labelled	False
ST003328	AN005453|SM(d34:1)	SM(d34:1)					unmapped	not_labelled	False
ST003328	AN005453|SM(d34:2)	SM(d34:2)					unmapped	not_labelled	False
ST003328	AN005453|SM(d36:1)	SM(d36:1)					unmapped	not_labelled	False
ST003328	AN005453|SM(d36:2)	SM(d36:2)					unmapped	not_labelled	False
ST003328	AN005453|SM(d36:4)	SM(d36:4)					unmapped	not_labelled	False
ST003328	AN005453|SM(d42:2)	SM(d42:2)					unmapped	not_labelled	False
ST003328	AN005453|SM(d42:3)	SM(d42:3)					unmapped	not_labelled	False
ST003328	AN005453|SM(d43:5)	SM(d43:5)					unmapped	not_labelled	False
ST003328	AN005453|SM(d44:2)	SM(d44:2)					unmapped	not_labelled	False
ST003328	AN005453|SM(d44:3)	SM(d44:3)					unmapped	not_labelled	False
ST003328	AN005453|SM(d44:5)	SM(d44:5)					unmapped	not_labelled	False
ST003328	AN005453|SPH(d18:0)	SPH(d18:0)					unmapped	not_labelled	False
ST003328	AN005453|SPH(d18:1)	SPH(d18:1)					unmapped	not_labelled	False
ST003328	AN005453|SPH(d20:0)	SPH(d20:0)					unmapped	not_labelled	False
ST003328	AN005453|TG(12:0_12:0_12:0)	TG(12:0_12:0_12:0)					unmapped	not_labelled	False
ST003328	AN005453|TG(12:0_12:0_14:0)	TG(12:0_12:0_14:0)					unmapped	not_labelled	False
ST003328	AN005453|TG(12:0_14:0_14:0)	TG(12:0_14:0_14:0)					unmapped	not_labelled	False
ST003328	AN005453|TG(12:0_14:0_16:0)	TG(12:0_14:0_16:0)					unmapped	not_labelled	False
ST003328	AN005453|TG(12:0_16:0_16:1)	TG(12:0_16:0_16:1)					unmapped	not_labelled	False
ST003328	AN005453|TG(12:0_16:1_18:1)	TG(12:0_16:1_18:1)					unmapped	not_labelled	False
ST003328	AN005453|TG(14:0_14:0_15:0)	TG(14:0_14:0_15:0)					unmapped	not_labelled	False
ST003328	AN005453|TG(14:0_14:0_16:0)	TG(14:0_14:0_16:0)					unmapped	not_labelled	False
ST003328	AN005453|TG(14:0_14:1_16:1)	TG(14:0_14:1_16:1)					unmapped	not_labelled	False
ST003328	AN005453|TG(14:0_15:0_16:0)	TG(14:0_15:0_16:0)					unmapped	not_labelled	False
ST003328	AN005453|TG(14:0_16:0_16:1)	TG(14:0_16:0_16:1)					unmapped	not_labelled	False
ST003328	AN005453|TG(14:0_16:0_18:0)	TG(14:0_16:0_18:0)					unmapped	not_labelled	False
ST003328	AN005453|TG(14:0_16:0_18:1)	TG(14:0_16:0_18:1)					unmapped	not_labelled	False
ST003328	AN005453|TG(14:0_16:1_18:1)	TG(14:0_16:1_18:1)					unmapped	not_labelled	False
ST003328	AN005453|TG(14:1_16:1_18:1)	TG(14:1_16:1_18:1)					unmapped	not_labelled	False
ST003328	AN005453|TG(15:0_16:0_16:0)	TG(15:0_16:0_16:0)					unmapped	not_labelled	False
ST003328	AN005453|TG(15:0_16:0_16:1)	TG(15:0_16:0_16:1)					unmapped	not_labelled	False
ST003328	AN005453|TG(15:0_16:0_18:1)	TG(15:0_16:0_18:1)					unmapped	not_labelled	False
ST003328	AN005453|TG(16:0_16:0_17:0)	TG(16:0_16:0_17:0)					unmapped	not_labelled	False
ST003328	AN005453|TG(16:0_16:1_18:1)	TG(16:0_16:1_18:1)					unmapped	not_labelled	False
ST003328	AN005453|TG(16:0_16:1_18:2)	TG(16:0_16:1_18:2)					unmapped	not_labelled	False
ST003328	AN005453|TG(16:0_18:0_18:1)	TG(16:0_18:0_18:1)					unmapped	not_labelled	False
ST003328	AN005453|TG(16:0_18:0_20:1)	TG(16:0_18:0_20:1)					unmapped	not_labelled	False
ST003328	AN005453|TG(16:0_18:0_22:1)	TG(16:0_18:0_22:1)					unmapped	not_labelled	False
ST003328	AN005453|TG(16:0_18:1_18:1)	TG(16:0_18:1_18:1)					unmapped	not_labelled	False
ST003328	AN005453|TG(16:0_18:1_19:1)	TG(16:0_18:1_19:1)					unmapped	not_labelled	False
ST003328	AN005453|TG(16:0_18:1_20:1)	TG(16:0_18:1_20:1)					unmapped	not_labelled	False
ST003328	AN005453|TG(16:0_18:1_20:3)	TG(16:0_18:1_20:3)					unmapped	not_labelled	False
ST003328	AN005453|TG(16:0_18:1_22:2)	TG(16:0_18:1_22:2)					unmapped	not_labelled	False
ST003328	AN005453|TG(16:0_18:1_22:3)	TG(16:0_18:1_22:3)					unmapped	not_labelled	False
ST003328	AN005453|TG(16:0_18:1_24:1)	TG(16:0_18:1_24:1)					unmapped	not_labelled	False
ST003328	AN005453|TG(16:0_18:1_26:5)	TG(16:0_18:1_26:5)					unmapped	not_labelled	False
ST003328	AN005453|TG(16:0_20:1_24:2)	TG(16:0_20:1_24:2)					unmapped	not_labelled	False
ST003328	AN005453|TG(16:0_24:2_22:3)	TG(16:0_24:2_22:3)					unmapped	not_labelled	False
ST003328	AN005453|TG(16:1_16:1_20:3)	TG(16:1_16:1_20:3)					unmapped	not_labelled	False
ST003328	AN005453|TG(16:1_18:1_16:2)	TG(16:1_18:1_16:2)					unmapped	not_labelled	False
ST003328	AN005453|TG(16:1_18:1_18:1)	TG(16:1_18:1_18:1)					unmapped	not_labelled	False
ST003328	AN005453|TG(16:1_18:1_20:3)	TG(16:1_18:1_20:3)					unmapped	not_labelled	False
ST003328	AN005453|TG(16:1_18:1_22:4)	TG(16:1_18:1_22:4)					unmapped	not_labelled	False
ST003328	AN005453|TG(16:1_18:2_20:3)	TG(16:1_18:2_20:3)					unmapped	not_labelled	False
ST003328	AN005453|TG(16:1_3:0_3:0)	TG(16:1_3:0_3:0)					unmapped	not_labelled	False
ST003328	AN005453|TG(17:1_16:0_18:1)	TG(17:1_16:0_18:1)					unmapped	not_labelled	False
ST003328	AN005453|TG(18:0_18:1_20:1)	TG(18:0_18:1_20:1)					unmapped	not_labelled	False
ST003328	AN005453|TG(18:1_18:1_20:3)	TG(18:1_18:1_20:3)					unmapped	not_labelled	False
ST003328	AN005453|TG(18:1_18:1_22:3)	TG(18:1_18:1_22:3)					unmapped	not_labelled	False
ST003328	AN005453|TG(18:1_18:1_24:2)	TG(18:1_18:1_24:2)					unmapped	not_labelled	False
ST003328	AN005453|TG(18:1_18:1_26:2)	TG(18:1_18:1_26:2)					unmapped	not_labelled	False
ST003328	AN005453|TG(18:1_20:1_22:3)	TG(18:1_20:1_22:3)					unmapped	not_labelled	False
ST003328	AN005453|TG(18:1_20:2_20:3)	TG(18:1_20:2_20:3)					unmapped	not_labelled	False
ST003328	AN005453|TG(18:1_20:3_22:3)	TG(18:1_20:3_22:3)					unmapped	not_labelled	False
ST003328	AN005453|TG(18:1_20:3_22:4)	TG(18:1_20:3_22:4)					unmapped	not_labelled	False
ST003328	AN005453|TG(18:1_22:3_22:3)	TG(18:1_22:3_22:3)					unmapped	not_labelled	False
ST003328	AN005453|TG(18:1_22:3_24:4)	TG(18:1_22:3_24:4)					unmapped	not_labelled	False
ST003328	AN005453|TG(18:2_18:1_22:4)	TG(18:2_18:1_22:4)					unmapped	not_labelled	False
ST003328	AN005453|TG(20:1_16:0_26:2)	TG(20:1_16:0_26:2)					unmapped	not_labelled	False
ST003328	AN005453|TG(20:1_24:2_22:3)	TG(20:1_24:2_22:3)					unmapped	not_labelled	False
ST003328	AN005453|TG(20:2_20:1_24:2)	TG(20:2_20:1_24:2)					unmapped	not_labelled	False
ST003328	AN005453|TG(20:3_22:3_22:3)	TG(20:3_22:3_22:3)					unmapped	not_labelled	False
ST003328	AN005453|TG(20:4_20:4_20:4)	TG(20:4_20:4_20:4)					unmapped	not_labelled	False
ST003328	AN005453|TG(21:1)	TG(21:1)					unmapped	not_labelled	False
ST003328	AN005453|TG(22:2_16:0_26:2)	TG(22:2_16:0_26:2)					unmapped	not_labelled	False
ST003328	AN005453|TG(23:1)	TG(23:1)					unmapped	not_labelled	False
ST003328	AN005453|TG(26:2_21:4_21:4)	TG(26:2_21:4_21:4)					unmapped	not_labelled	False
ST003328	AN005453|TG(28:0_18:3)	TG(28:0_18:3)					unmapped	not_labelled	False
ST003328	AN005453|TG(30:2_18:1_18:1)	TG(30:2_18:1_18:1)					unmapped	not_labelled	False
ST003328	AN005453|TG(31:1_16:1)	TG(31:1_16:1)					unmapped	not_labelled	False
ST003328	AN005453|TG(36:2_22:6)	TG(36:2_22:6)					unmapped	not_labelled	False
ST003328	AN005453|TG(41:0_25:5)	TG(41:0_25:5)					unmapped	not_labelled	False
ST003328	AN005453|TG(46:5_18:1)	TG(46:5_18:1)					unmapped	not_labelled	False
ST003328	AN005453|TG(48:7_16:0)	TG(48:7_16:0)					unmapped	not_labelled	False
ST003328	AN005453|TG(50:3_16:0)	TG(50:3_16:0)					unmapped	not_labelled	False
ST003328	AN005453|TG(O-10:0_6:0_22:5)	TG(O-10:0_6:0_22:5)					unmapped	not_labelled	False
ST003328	AN005453|TG(O-13:0_16:0_3:0)	TG(O-13:0_16:0_3:0)					unmapped	not_labelled	False
ST003328	AN005453|TG(O-16:0_16:0_16:1)	TG(O-16:0_16:0_16:1)					unmapped	not_labelled	False
ST003328	AN005453|TG(O-18:1_16:0_16:0)	TG(O-18:1_16:0_16:0)					unmapped	not_labelled	False
ST003328	AN005453|TG(O-18:1_16:0_20:2)	TG(O-18:1_16:0_20:2)					unmapped	not_labelled	False
ST003328	AN005453|TG(O-20:1_16:1_16:1)	TG(O-20:1_16:1_16:1)					unmapped	not_labelled	False
ST003328	AN005453|TG(O-24:0_16:0_12:1)	TG(O-24:0_16:0_12:1)					unmapped	not_labelled	False
ST003328	AN005453|TG(O-34:1_22:3)	TG(O-34:1_22:3)					unmapped	not_labelled	False
ST003328	AN005453|TG(O-6:0_12:1_18:1)	TG(O-6:0_12:1_18:1)					unmapped	not_labelled	False
ST003328	AN005453|TG(P-10:0_8:0_18:1)	TG(P-10:0_8:0_18:1)					unmapped	not_labelled	False
