TF	C1	C2	C3	C4	C5
ABL1	-1.5296775458627936	0.06641181514158462	-0.7092905596973104	0.7381852588448845	1.252840977668352
AHR	-0.6654343385829541	-0.6948103300978694	-1.3646459976704077	0.8439390806258741	1.6155502860152087
AIRE	0.32418203917485283	0.13571348072028272	0.6907325849920071	0.04386740274403089	-1.148961483779318
AP1	-3.5598446090644678	-2.4056936242205307	-5.2192946597591074	5.483830554838348	4.429453553688029
APEX1	0.04543923897714169	2.464166745913957	-3.1473272089413835	-0.13110882728207437	1.2549986401617415
AR	-0.7080242317607782	-1.0014882474363451	-2.6796657057376647	1.9486649503596898	2.00579391181748
ARID1A	0.6146056157274962	0.8194493967570825	-0.1339761664194145	-0.9937492938049262	-0.003552954552096699
ARID3A	-0.5094091459291544	0.4990262894507814	0.19994348323328567	-0.41484821779877823	0.3198942426748765
ARID3B	0.4221227104740051	-0.3257722021689496	-0.32960121398834175	0.13150794602755117	0.06141974843087456
ARID4A	0.2465834589690574	0.6710142172231004	-0.1363772950053125	0.2151537731447493	-0.8717181167975969
ARID4B	1.133412744297874	-0.4721342958069975	0.868851552770282	-1.4188792150592797	0.03010715393978822
ARNT	0.3186816828318326	0.008526537509222274	-1.965693522703995	1.0788296642735358	0.4822344554833409
ARX	-1.5847624201450963	-0.0762199625221463	-0.6667757713869674	1.3615333590815777	0.6910331471663356
ASCL1	-0.9302652157183329	1.303574434875617	-1.0308783969931516	0.4899221824143814	0.2921848397487219
ASCL2	-0.27993994794684635	0.9373466800546273	0.00657787719165968	-0.36327856962821614	-0.11010113028043335
ATF1	-1.5647812293147254	-1.4662412476114497	-2.76278217196136	2.85484940572669	2.2586951685087087
ATF2	-2.0019300640556	-3.0870337844938986	-4.207576088495692	3.6759228350935595	4.522272882127849
ATF3	-0.3481440309845562	-0.32532655088930745	-1.1885713633264756	0.9625323210331809	0.7165949311735926
ATF4	-3.6033714039263702	-3.506771380823587	-3.651932414899084	4.09341686291508	5.3233688225757065
ATF5	-0.8852319504258648	-0.3338418487507181	-1.2177552920570556	0.7396286199117688	1.4924367868445323
ATF6	0.18115076373079242	0.2182226944906828	1.7335939479152989	-1.150273596676673	-0.8153890526412847
BACH1	1.1708765938728267	1.3825976667256867	1.3504155682188481	-2.44872331224605	-0.8598661122226081
BACH2	1.915671250299355	-1.0572995065327428	-0.056036832558863825	-0.9304728612792794	0.1746065779738966
BARX1	-0.5076970946153642	0.17427740315063092	-4.088904533726641	1.777471036008972	2.4656927622105465
BARX2	-1.6582970076268262	-0.7714678598185002	1.186165839435974	0.9970749103938373	-0.13258266410793457
BATF	0.692103347472716	1.4686194470113219	-0.9332294088528466	0.018336771472911118	-0.914306260955171
BCL11A	0.5830177533467731	1.764238861277332	0.9918591007926062	-1.4750673351411037	-1.339917291099806
BCL11B	0.897546818758102	2.0264825178266492	1.563582659696436	-2.5295703541318524	-1.2554643622755004
BCL3	0.21177549060624376	-0.6840956639814865	-0.10722686084494566	0.6693653803230045	-0.26855702468764364
BCL6	-0.17975511845720163	-0.1483943840218836	-0.40872071211045385	0.04061446273892495	0.650772806604576
BCLAF1	0.6286276024486992	0.46764557615922614	3.245842539350903	-2.102341642896894	-1.8971094376042053
BCOR	2.1174292718753196	0.4479252192049083	1.228306186758217	-1.2910725525592226	-2.1233127044398845
BHLHA15	-2.1804771922193096	1.2547785257040545	-0.6080629615863394	0.8761836293890485	0.6338822225709462
BHLHE40	0.43498490162196574	0.4250849496975397	0.566726251876928	0.5868781111456669	-1.959152998662531
BHLHE41	-0.35495551966973454	0.45567995343309126	0.27127386201403164	0.41875808676482024	-0.7755873104081015
BMAL1	-1.4835967324837738	0.2909529676344578	-1.3598997083112394	1.4171831903948833	0.9330896598065824
BMAL2	-2.652029609485792	-1.6304316545900803	-1.6413436541047983	3.4815386595668683	1.5804179104817913
BRCA1	-2.452622375764866	-0.23623923485250586	-1.2759450488544344	1.2827274889287248	2.3168809986271928
BRD4	-2.326101410763399	-0.11877633570025599	-0.3896349622433962	0.8811223377896501	1.658618008370115
BTG2	0.07425305099167287	-1.026152385203457	0.3608602617950731	0.013579817557377232	0.38806002984533244
CDX1	1.4211004970028362	1.5669577478777725	-0.09393991645018931	-2.1336783136059645	-0.1390531096223207
CDX2	-0.7874783354991044	-0.6027177947445728	0.1622989624887974	-0.7140245380595586	1.8371929624110035
CEBPA	-0.9293931361516358	-1.8737073743336397	-1.5096386670118256	2.186248936239874	1.484269495132998
CEBPB	-2.2699521327400274	-3.1252477747038148	-2.9203575817666585	3.4467484426791124	3.7622830464993156
CEBPD	-0.3968306778674044	-2.4905121799129573	-2.828226812464877	2.865301099767968	2.06862692797675
CEBPE	-0.531513100040388	0.3828215170733321	0.9471464837675518	-0.40086817499434524	-0.3294375514017436
CEBPG	-1.9583717986298066	-1.2260924272100044	-2.1139603682912473	2.782012473970209	1.8562162551646113
CEBPZ	0.11285464251405529	2.3822682932300525	-1.1141583169627047	-0.3054727294139593	-0.584910440710273
CIITA	-0.6085148508542548	0.9974074486951057	-0.35592253578793726	-0.7925362085779623	0.9790391558077757
CLOCK	-1.6253292495193596	-1.3835419546693442	-2.325341475701779	2.3196530929378145	2.397715130015353
CREB1	-3.9579085167901527	-1.7385694234032743	-4.292487423880927	4.024476505276759	4.930317006743324
CREB3	-1.3554137667593513	-0.8612025544618673	0.9988431166145388	-0.605685704988632	1.612371827980276
CREB3L1	-0.371205766083196	-1.1540483062699114	-0.8620268887037493	2.067579743290601	-0.13196658704335504
CREB5	0.6099857863696617	1.1162563105515222	1.719788089907701	-1.230933166544273	-1.8367213841008598
CREBBP	-0.7539602931834987	0.5395071534169436	-3.5280280794838257	1.3484226934565284	2.306608554417101
CREBZF	-1.446905217994698	-1.0890134784875947	-0.5512968988778437	1.6142865196298832	0.9925735056804813
CREM	0.7880823255393097	1.3002710767755246	-0.6074606953258407	-0.06134890659057522	-1.1047766888129456
CRX	0.5388058437980152	-0.7124017882403265	2.2017887229305053	-1.6394913960412851	-0.3200767047717546
CTBP2	-0.346969548315138	-1.1275106535316286	-0.0866275417479276	0.7223918303095548	0.5267321182402666
CTCF	-0.2946403613191581	0.7144760067889586	0.4805494386188711	-0.15684667373261163	-0.6176530826145445
CTCFL	-0.6674651554455922	-0.025385578113025973	-0.8718807961259907	0.6757303353473753	0.7652829056027283
CTNNB1	-1.1634635738000914	-1.4227434273010666	-2.387439038779262	2.17917279765355	2.220967785398753
CUX1	0.925536176632754	-0.3500250850514072	-1.9490824936871678	1.5057699097040766	-0.27155351673480016
CXXC1	0.583529367891729	1.54135575182426	-0.6004191999688746	0.17522306200189236	-1.3794719038120924
DACH1	0.1662213784078387	-0.7842863483187543	2.046473910760322	-1.3476747199489778	-0.08414054348101253
DBP	-1.3703795402407866	-0.7490681323710486	-0.06311251685319816	1.1993497331474576	0.613425152549464
DDIT3	-0.9532292259787684	-0.8069745600508728	-0.1262467939046095	0.17482014461715165	1.466792720026432
DEAF1	0.2394420509052591	-0.5449384439719407	-1.2271961295161495	1.031331847062781	0.31695208624500953
DLX1	3.012549632939035	2.1928790901069175	3.026912083658947	-5.248141685620476	-1.816645815045504
DLX2	0.3391870232266357	-1.7320136738981395	-0.14152501656611413	0.5878300698445638	0.5886780263813803
DLX3	-1.546625555171157	-1.0997153807927755	-2.1457298770842606	1.821968175598019	2.4623330306039852
DLX4	-1.4904235597694426	-1.6512504312905654	-1.8529919834961215	1.4629495586566628	2.960250843214395
DLX5	-3.354628342282028	-2.766006058682617	-2.6350832648355174	4.66134812593514	2.848229084356064
DMTF1	-1.6997044705910573	-0.8781804147693195	-0.6471188704887004	1.344697227794365	1.4466770199080385
DNMT1	-1.1169406083337605	-0.07503052162582877	0.1309247637535807	1.2432637159659037	-0.4096779163399913
DNMT3A	-0.33530309503941974	1.6289761802951537	3.246173619505809	-2.0772808858832397	-1.9802223946136948
DNMT3B	0.5767825536704912	0.7121476625017721	1.1299438797454562	-1.3069860627210645	-0.8034574829150367
DOT1L	-1.6958931422650811	-1.1972325298382998	-1.1902999883289487	0.8969283723860098	2.739443146428457
E2F1	0.9478379622813596	-1.6369284106722544	-0.9567798955878584	-0.0510577004125893	1.4709569965408988
E2F2	0.7147903111294295	0.1987154078182532	1.4913475443366795	-1.4709726522930393	-0.6954218601605049
E2F3	1.7452622331220802	-0.038248584100927865	0.9985280276517146	-2.046846401607312	-0.32455283438272353
E2F4	1.0304584731394635	0.34860924286927963	1.04556163531415	-2.1328592438847265	0.06676262140333428
E2F5	1.137795944785798	0.6800199625111434	1.7277176706000288	-1.864968018500584	-1.2790071145943311
E2F6	1.4286310677339398	0.013486987943093177	0.1325239056645799	-1.0705611656251832	-0.28116016891142764
E2F7	2.0199461505936394	-0.7253664337980943	-0.9432207064365445	0.10432563846613625	-0.44017464254547045
E4F1	-1.821873526440914	-1.1844233340049537	-1.1512384996153016	2.3322081760614575	1.2267735918249763
EBF1	0.5681722411719277	-1.1318552229408154	-1.1418849044066655	0.056584655173080485	1.4775853398047682
EBF3	0.3614756737624922	1.632484678121793	-0.009130234467037732	-0.5913894473053662	-0.9980817377177342
EGR1	-2.42854871084564	-2.8160639422004365	-2.48386431629562	3.729305252892293	2.909044542576595
EGR2	-2.2262510732217367	-2.1535078445812084	-2.3640617765943635	3.197721333723355	2.649301031065786
EGR3	0.47799931187066286	1.2053595431696071	0.8733487930179122	-1.5271035946890512	-0.613669593961955
EGR4	-1.038106249500646	-0.5454076118814819	0.23623891251495469	0.6780585803854432	0.41573811633455054
EHF	-0.7568798452078954	-1.489348672578773	0.5658587895041919	0.863478537747039	0.3887803256642561
ELF1	-0.25300029866395585	-1.7438617414292357	-2.196407600799913	1.9810533101568124	1.66977804403837
ELF2	-0.3072992341857015	-3.938714792025798	-1.8928621562674481	2.476896243219597	2.651058502534456
ELF3	-0.9865474443650926	0.037909439660507305	1.9757300965970723	-0.5569626095270458	-0.48923096123015936
ELF4	-0.408992866035668	-0.9503719186224459	-1.2026636984001862	0.6441785527771329	1.6443880796781087
ELF5	0.3739520429101693	1.6708628566112815	0.4195519468245812	-0.9484324149061777	-1.0774934322584364
ELK1	-3.1173818987697453	-1.0558601043354912	-0.4175260938135746	2.3008783510346613	1.61365242999361
ELK3	-1.0234462574337748	-0.9331143738868896	-0.9660708072718452	2.958602167431328	-0.5861281939349696
ELK4	-0.8087601410816472	-0.725057243110445	-1.5452930572680512	1.2255455741469283	1.533232046847618
EMX2	-0.17943803202555975	-0.37701553245834846	-0.5594237713199972	0.520172170167438	0.4595104147671477
EN1	0.15884766644367362	-0.34502028656644307	1.1894244118702206	0.3796185308479019	-1.4755555451840872
ENO1	-0.7235086502582563	0.264543202947397	0.8611674347167237	-0.6199397748482705	0.270426900349138
EOMES	-2.244152555991042	-1.6891408810529092	0.9568294557493627	1.5151179554452887	0.8112643551670763
EP300	0.8720513024423261	0.12951687435046008	-1.2361732520948534	0.6576573637604362	-0.39282695690560154
EPAS1	-1.8858292309079898	-1.1037141290177892	-0.3817906517895339	2.108346316256329	0.6953044844625172
ERF	-0.2560284924070737	0.5897128008953906	0.609362351429079	-0.07700930912061563	-0.7688212883614203
ERG	-0.4196637373719085	-1.011965694714452	-1.2971609823906378	1.6198355204737995	0.7256128737026869
ESR1	-2.588986217446043	0.902776172202082	-2.6627975214107926	2.5275601577894355	1.5375880059342713
ESR2	-3.23223263388626	-1.287193734951769	-1.0608151789233324	3.5114880050234363	1.2209576851146873
ESRRA	-0.3927381071609668	0.8857900621744272	-1.5941149685597387	1.1222272239877167	0.005166794445509302
ESRRB	-2.7271279939843236	-1.1114707291324164	-3.0074729929152504	3.185224120338185	2.922606604937937
ESRRG	-0.8324836736667235	-0.7434685419295252	-1.486868867211004	1.3297442945378557	1.3968557494993623
ETS1	-4.560248462989248	-4.98417787244513	-5.462521462278703	6.831035091576975	6.211204977858984
ETS2	-2.816025391415903	-3.14774396130889	-4.084217722013047	4.662524091499136	4.113024276924176
ETV1	-2.5916705851211375	-2.033833219843022	-0.9135717467315336	2.930864543928213	1.7282909559421442
ETV3	0.46863194970295075	1.2648021853124725	1.6454687354434698	-1.4307068116724448	-1.5329057676744262
ETV4	-2.899987025493359	-1.4202164380326363	-2.8335849284759913	3.4688052378746823	2.84646307565402
ETV5	-1.00773198753465	-0.03712079438578364	-1.2366643607779373	2.5870075346850196	-0.6483574800699871
ETV6	0.11220999069971356	-0.37509007431591007	0.43926830670395545	-0.4166426705658196	0.2193731485948536
ETV7	-0.277421341266947	-1.56163133600565	-3.289219648214039	2.1033890262080366	2.504287931045123
EWSR1	-1.8429977411047378	-1.5574456521098121	-1.9476233988301268	2.9447942487011494	1.6734046948850079
EZH2	-0.038879710666420056	2.16995139229392	-0.010661294963939031	-1.3639831532660647	-0.21426173392106027
FEZF1	1.0272671590431244	-0.020760599594105634	3.489164313738467	-2.060913411686157	-2.156767622116613
FEZF2	-2.586741397157541	-4.549604188268629	-0.7335625253775079	3.336106907784001	3.1385801227974084
FGF2	0.1433804262708135	-0.8064218596151181	-1.2819352409635894	0.12219416503711637	1.6726753381732624
FHL2	-0.17211581299785775	0.7834288303047925	-0.09055394782760504	-0.4224547895436062	0.07798309838145875
FLI1	-2.5813626258789126	-1.3331060723595758	-1.397069097291782	2.5114711703928077	2.095684041990341
FOS	-4.089244253177407	-4.149497949530285	-5.16614995405853	6.338978495385572	5.342021432663549
FOSB	-3.631577376401562	-2.573622829916011	-4.254334436229563	5.814967422508511	3.302329038290209
FOSL1	-2.4824774797854445	-1.9377570933273316	-0.8436268170287703	2.7881234334331753	1.636667189574829
FOSL2	-3.7936277280208546	-2.412497057260649	-1.564742130921778	2.902644532628575	3.8259127324666227
FOXA1	-0.3648373887421431	-1.0761807956296399	-0.14370850556323356	0.4165300150614364	0.8951825090243806
FOXA2	0.8519750707081579	2.229355973052747	0.170988278236229	-1.5687673462624059	-1.0393469958723396
FOXC1	0.9758788376590039	0.39241375274564394	1.7963397573098945	-2.713394564027829	-0.03242073144007822
FOXC2	-0.5827847863712398	-2.6974844438694867	-1.0322226462802493	0.9883708116893133	2.6731572858584127
FOXD3	-1.6032065069762014	-1.3789103997503231	-3.8867691599392926	3.4012633085934096	2.747876642423485
FOXF2	0.5926314495453356	0.4057109592864741	0.6908264144522567	-0.15135833203719778	-1.4006215124905463
FOXG1	1.311144469105864	2.659886714264278	0.6310188447798845	-2.0010917055812567	-1.7969009235194957
FOXH1	-0.8400761666015428	-0.35123402210974186	-0.6700607434682332	0.5318024495589918	1.1448276460575233
FOXJ1	1.3698390703279109	-0.40722599997938697	-0.4384460548422105	-1.1901698660519044	0.8180977354780666
FOXL2	-1.0598309944822868	-2.8844708002474673	1.5863754199605422	1.6901694691757319	-0.13212447105225755
FOXM1	-1.8097463447911848	-1.4978716729498005	-2.1280188976111223	1.9091856395456224	2.914324792278508
FOXN1	1.0451227959315772	0.9240186467757348	0.18556942074792276	-1.104244814330149	-0.683354987346254
FOXN4	2.266761497183005	0.3637317055867023	0.028984893429887353	-1.4314687691934531	-0.8360478385245245
FOXO1	-0.4294457859228407	-0.4069545074217737	-1.943316712249199	1.8336103366053422	0.6556817387977959
FOXO3	0.9624374901351944	-2.117230695528618	-2.185860317727754	2.016853258732756	0.803786426134392
FOXO4	-0.7148451563825745	-0.296581024276549	-0.4327956576241116	0.73721654692127	0.5214686279635217
FOXP1	0.6293737295409194	-1.8192774186300726	-1.6076069887966353	1.0380343376085202	1.3660102949879986
FOXP2	0.42236028216526467	1.842471513035976	-1.3166364188926558	0.7368009851879292	-1.3756651868928094
FOXP3	-0.7799794107913647	-1.233296806612969	1.2115564769159157	0.24076222543566903	0.24034237624615884
FOXQ1	-0.7643965010246753	1.0497882933271663	0.6345588792443919	-1.1109157185284255	0.4377897600701913
GABPA	-1.1410903038857683	-0.3125195241399164	-3.6264524036012076	2.6290971837075165	2.0447248756437877
GATA1	-2.722901899754562	0.0890637704937537	0.11807203425120819	1.3065503985192142	0.8781728165986502
GATA2	-1.6830226567860485	-0.6618722663042464	-0.6725151365676173	1.2640850695798533	1.3698441743558505
GATA3	-2.0807662640950575	-2.2334435024352297	-0.45446628531523503	1.8253005584456705	2.175813068931409
GATA4	-2.09562570934442	-1.9284128601096693	-2.589909471598303	3.79453829469539	1.9165574388745459
GATA5	-0.9368921343020923	-0.5992556603269608	-0.7697103724982853	1.2219914681759643	0.7758913489509411
GATA6	-4.036761805828949	-2.414453636321525	-0.949699935904608	2.3643049630418544	4.026898389678024
GBX2	0.6668420516142228	-0.19665614168545403	-0.476253047872829	-0.9038131898739127	1.0171842760420924
GCM1	-0.6441500934166317	0.12842376989291715	-0.42649881764117253	0.677310655418714	0.17099289854985364
GFI1	-0.6725451269080364	-2.2379345215861655	-2.622967233581663	2.610588494651	2.1920733363956204
GFI1B	-0.13434512754454014	-1.706338687241321	-1.2052758887790491	1.023334602559133	1.5906108029941535
GLI1	-0.3098876881588925	1.7966722499705308	-0.5988995363256041	-0.27346447805204466	-0.27206457147700563
GLI2	0.31208645424312137	1.163005252867691	1.2751317394497435	-1.438231938048123	-0.9268349033277232
GLI3	-0.47304551988099125	1.2619672719606132	0.7408635299618267	-1.0544276868947766	-0.1712481915734599
GRHL3	-0.930139236704749	-0.7021236625085745	0.9712012350047589	-0.4102367698095076	0.9043884650416086
GSC	-1.6075398569923964	-0.5192521797242456	-2.079777635734338	1.331578831487455	2.5205512486236508
GTF2I	-2.0236746432433916	-0.9398384839386494	-0.6792024853210878	1.7854747666097202	1.342220803509989
GTF2IRD1	0.6850580576268487	0.4957510359759487	-0.016730420959892304	0.013669429194971138	-1.0313466557008504
GTF3A	-3.720088704777927	-3.5586817113008222	-3.9877008727562355	5.463668230707325	4.302480439591662
HAND2	-1.5011015790854043	-2.8093171484454684	0.45864307180923136	1.8747861144275961	1.1398854415054127
HBP1	0.8477403909635762	-1.7287985305510143	1.6841698663228037	-0.11467740273626335	-0.938383617778504
HCFC1	0.1003903054738976	-0.47052500714979184	-0.4232497680408726	0.17307163404874054	0.5232000134951839
HDAC1	4.849052199683979	2.939876433290059	2.4091054019862943	-4.14939948490243	-4.701034531161269
HDAC3	0.5081821737765096	0.9945294902064479	-0.477954183427931	-0.6019226843940623	-0.13404295207390213
HDAC4	-0.3325485854815256	-1.3177543503103935	-2.145179385627776	1.9707180852719557	1.3572036553761277
HDAC5	0.08525016897788615	1.2362769780813605	1.0878403351365722	-0.8697190735917875	-1.2151911528967048
HDAC7	0.8045150734076577	0.48243476784488365	1.0344855713605807	-1.266225251462618	-0.7758322027011507
HDAC9	0.9210128428282611	0.3012196546682144	2.30445176638761	-1.509947265432085	-1.7401222894803314
HDGF	-0.1347452882219417	0.5624776685454331	-1.1902994797471842	0.23536635566928055	0.601117298981152
HES1	-1.733671543110639	-1.5811225754611793	-1.225775179911585	3.0373466987272812	0.7671019477391403
HES6	-1.7112091981184707	-0.7077361733640787	-0.850266012911664	1.9818880606782157	0.821639142922435
HESX1	0.5552951716042276	-0.3768748792556853	0.13509167335494687	-0.10513599913010718	-0.2249651915121877
HEY1	-0.9710300249441979	1.3526380496044448	0.14103100664086196	-0.023578552061411056	-0.319385895862765
HEY2	0.4935097524038767	1.001922723671963	1.3978016879978619	-2.355083463473515	-0.07779488153406403
HHEX	-1.4312669461039973	-0.7571277775550146	-1.6751987250385836	2.437168368839785	0.9299295414516127
HIC1	0.8968492828516602	-0.39760998778581275	0.7266318883082535	-0.6969266398084051	-0.46423273539971255
HIF1A	-4.75748747713922	-2.3008003365731753	-4.66459480798027	5.436954005433453	4.943115481563254
HINFP	0.03733547403963609	0.260638789390062	-0.4557631264490674	0.3375425492861449	-0.16059954819742947
HIPK2	-0.8849140402412755	0.10891020308140774	0.9718688231007835	0.026874119860736873	-0.27709229999033547
HIVEP1	-0.3804628663022977	-0.7776553861946549	3.386132864523565	-1.793274663765292	-0.4373643405171746
HLF	-1.2472480445692402	0.6573776455507631	-1.4847663850069173	0.8538982899710188	1.1627934102293136
HLX	-0.7907135774807624	-1.0471931492844662	1.278481801284241	-0.26365202679565697	0.5870218811574919
HMGA1	-0.6306135512309766	-0.7760490295471937	-1.8380253198263736	1.480957391947297	1.4229077357392654
HMGA2	-2.2376479649985326	-1.209736581552949	-3.4306757774933243	4.041315532022645	2.0346254527479806
HMGB2	1.0033170393702275	-0.7088606290333677	1.251116511442045	-0.6424035579394881	-0.8950369111249007
HNF1A	-4.148074123834571	-1.3663256150024763	-0.5272245373825808	2.771681837686298	2.4057745558278314
HNF1B	-0.5994235215787521	-0.7782782307704994	-2.5552052632738818	1.7262904136595913	1.844514874451458
HNF4A	-0.07615556571995626	1.0898740596766563	-0.17403871119288744	-0.47089525027981655	-0.12214357903800302
HOPX	-1.6882471236082406	-1.6712420859506845	-0.9087268602453681	2.0334677552656766	1.5844504465210472
HOXA1	-2.911023998957509	0.7916558138220744	-1.24633231644421	2.478278885244819	0.5594462817078937
HOXA10	-0.7507563718076563	-0.3570716616441803	-0.6197922011552591	0.3001472342120397	1.2718300750728806
HOXA11	2.011939038103802	0.24795924662982416	-1.4490503727584818	0.2933876441880914	-0.9241288252486596
HOXA13	0.7575595647942045	-0.1710633379179071	0.6176774034411829	-2.315760914769233	1.3696495911953162
HOXA2	2.4401008026056403	-0.10344517323362866	-0.21213010440821575	-0.12233319027517685	-1.8149113096180611
HOXA5	-1.601676582228657	-1.7379477778116814	-1.82109976115264	2.710161068451994	1.7289751803340174
HOXA7	-1.4409304804678857	0.718103683247407	-1.196108076055541	1.0170033875714366	0.823161675646482
HOXA9	1.5357080960803973	-0.0557025691111708	0.9335995288902533	-1.736070073008244	-0.3942200892359323
HOXB1	-2.664970076830985	0.016765131184214414	-0.7565988649472285	2.472431788435497	0.47790527947041833
HOXB13	1.1185173338573733	1.9100370091158372	2.0404804306596285	-1.8781918812608687	-2.5587306773705927
HOXB3	-2.130198112552507	0.26044609764084564	0.6077817700957168	1.2049767218542735	-0.18516390654177603
HOXB4	1.1115156279920348	1.5195029505139133	1.3538137734655933	-1.6189861921783728	-1.832261156571069
HOXB7	-0.7293622516777049	0.23125654454340738	-1.206704904700552	0.5444868886751799	1.0937728908905784
HOXC6	0.08905341927489135	-1.226198424205759	0.7161058228677386	-0.319350553029833	0.5471102572958474
HOXC8	0.6805602278230435	0.7118093465788791	-0.8718119884867587	0.3184270749255249	-0.6810774150766847
HOXD1	0.703122054375807	-0.8548870651384239	0.1975227270433307	-0.23306444881128882	0.105123653839401
HOXD13	-0.24236408257285738	-0.5521624762315888	-0.46894749282244125	-0.3218928715001573	1.4953753148772426
HOXD3	-2.8290861120594	-3.781147068882061	-2.260742419898103	3.6580087353196595	3.9161055135269036
HOXD8	1.6339316395939474	-2.234211165002968	0.4611924383339979	-0.6002711827112714	0.5074541825623817
HR	-1.3900743984153945	-0.23703438403277208	-1.2008471109866683	1.9144801453564828	0.5693553665214893
HSF1	-0.6705709713965764	-0.3403351607532128	-2.5779273448097375	1.375055160685453	1.96360436790098
HSF2	-2.5697976938993192	-0.9152413621575944	-0.9264932439819158	1.908379314159403	1.9374848045472346
HSF4	-0.5615361323051956	-0.5476664172441208	-1.4207675899382968	1.1130684024044557	1.160573848728915
HTATIP2	-1.568549542195639	-0.9597855834900713	0.1427715212430169	1.4969643995307402	0.43322585900164057
ID1	-2.541757276179265	-2.1843200068779387	-3.680846142714354	3.2439237228471836	4.233890168252497
ID2	-2.740353886513862	-2.1788469662098056	-1.133578241804828	2.3684369017481504	2.821966013912394
ID3	-1.3335054175498966	-2.0792559813997236	-2.0806590092891613	1.6156908190185786	3.223424901450716
ID4	0.9183061867419127	0.8634240709142161	-0.0020282553267987665	0.23211724930732	-1.799687441284032
IKZF1	1.6595233258787072	1.5350131966833684	0.6296944647583869	-0.9815298893772906	-2.3251058763153534
ING4	0.6041739755710571	0.9519008494625826	0.9616050710385936	-0.7020518261442285	-1.5201110580755908
IRF1	0.5602598760589138	-2.2010232112348813	-4.902783934624039	2.699697428741619	3.210705576382077
IRF2	-1.5626185332000047	-2.006752573222637	-3.2550392516636917	3.053639358141425	2.9700895286528204
IRF3	-1.243324547252595	-3.4965802510312667	-4.024840161402638	3.1572117619120967	4.543338135030955
IRF4	-2.2669297690055066	-0.0867066543154506	-0.8909684883184511	1.4277611900216929	1.479144188538881
IRF5	-3.4599045249326865	-1.049955289982526	-1.143583510031559	2.2573549801817663	2.6996302550371265
IRF6	-0.4049264679497062	0.9167866721270296	-1.2470054514922526	1.4480609890407132	-0.7148549178438683
IRF7	-2.0825069583027984	-2.8798293815569824	-4.08918385523486	3.170006656276125	4.866640583324039
IRF8	-0.6343152669714701	-0.7311661359819207	-0.3978234010564697	1.066552282729701	0.402794329313737
IRF9	-2.1558461633796706	-5.664313103243037	-6.271104875545216	4.885528598940494	7.496727994343858
IRX1	-0.8313395666849123	-2.1361244189838127	-0.11764775497842926	1.304225578515572	1.182231313610515
ISL1	0.5173926650642624	1.2016364370369326	-4.498877395770983	1.6423517413232702	1.2462091199898286
JARID2	0.7104965053930745	1.0911185633527682	0.8296578336078858	-0.8732693292775198	-1.4104234436402618
JDP2	0.7546893609819469	1.4402884348994591	-0.6994750578017599	0.01428200949881935	-1.1786882141446795
JUN	-4.3426298950459525	-3.313058176583209	-5.918691962626558	5.5797265568267544	6.48471592514149
JUNB	-3.9699296217468554	-3.326233492771618	-2.98930653530891	4.814070355738134	4.056711332180775
JUND	-7.046181254625078	-5.224638429593638	-5.568982386139093	8.781475800317782	6.66293273843364
KAT2B	1.8601407256046922	-1.6756110318460335	0.4350396569037583	-0.32545304745232023	-0.43005418995850164
KAT5	-0.754022473727592	-3.1679700341095645	-1.3103578834443792	1.8252699152645866	2.5704555801273097
KAT6A	-0.023420192909128796	0.9616184406504928	-0.9178256405363916	0.6391160962326551	-0.5424457363151738
KAT6B	0.5719222006266984	0.14533663849005218	-1.80201962524563	1.347926991977366	-0.3218370598310131
KAT7	-0.15175841237145574	-0.7229884604919152	-0.8711849604895414	0.36662768165028126	1.1961603966081449
KCNIP3	-0.03528787754611036	-0.35589943688372155	-0.017582379880293035	-0.8978460063290494	1.3267149291672735
KDM2A	-0.3588134353228278	-0.75709183973297	-1.269872981837872	1.3642308989814504	0.7165010450279934
KDM5A	-1.2740866909081923	-0.34366044144143865	-1.4976540312808961	0.6463742299379562	2.2415808638931836
KDM5B	-0.5635710266601722	-0.5877444115599898	-1.9924205281438838	1.8239267616356107	0.9857458973950027
KDM5C	-0.40090830503431185	-0.05432186747908207	-0.21314610172217296	0.5171310000432473	0.05785091714418114
KDM5D	-0.8391127651653382	-0.9990120574382232	-4.95733383871857	3.319386864038761	2.896675755482772
KLF1	-0.21122115670871824	0.6646047612898808	0.14676533410882758	-1.314549228462609	0.9539334899632015
KLF10	-2.0938282643868984	-0.708025182104291	-1.0249869330806953	1.9792367278532137	1.3519855929373954
KLF11	-0.9842544789182631	2.0419566208057183	0.35615237100079666	-1.139320623967898	0.14520779446587695
KLF13	-0.1265769537343207	-0.791129027590806	-1.253682382888813	0.4524007849618993	1.5171907828666071
KLF15	-0.6903549126278804	2.153280982869153	-3.436261079461243	1.1413051131121834	1.07400186061344
KLF17	3.388510705836119	4.139143440858548	3.793852376763537	-5.450918183176443	-4.288115003189616
KLF2	0.04104778026957066	0.11880631375627383	2.3286626573857174	-0.1958951750561504	-2.251865090484887
KLF4	-2.828651971959732	0.23751717352447796	-2.311933353141173	2.058596863110006	2.4627064769861096
KLF5	-2.816256414568582	-1.6671738657987722	-1.6052410542277433	3.1777807499651822	2.059039823563434
KLF6	0.0742024220573502	-1.5337598151837224	-2.759239998969256	2.233776627987426	1.4836941601988793
KLF7	-1.2215305702285972	1.6352433307308578	0.24160661818974946	-0.43493920834448785	0.033589318632009625
KLF8	-0.3986726401329763	-1.069921473222688	-0.5876844027488253	1.2031589351697418	0.5007988977445733
KLF9	-1.3398568543774962	-0.4278153686322726	-1.8354247461089095	2.766240478477217	0.3772344981936918
KMT2A	-1.1255981165392117	-0.3344393038162184	-1.5272715379844628	1.2968248143982448	1.411333634837096
KMT2B	-0.7173836984352563	-0.38399300970685135	0.8438080498493262	-0.004743959479573727	0.13187061324058155
LEF1	-0.2225738191069377	0.3902568613221892	-0.9316185232799057	0.013258120063504662	0.806948440304129
LHX2	-1.017744763766687	-0.03984541859750531	0.2913678540671811	0.2750554640277123	0.37470252299920676
LHX8	-0.820395894250162	-0.21089986924319334	-0.8251633295155076	-0.09808809846406093	1.8612795884317013
LITAF	0.39568176406420463	0.9632128701107381	-1.2747433684916323	0.9149896572261419	-0.875456595326671
LMO2	-2.764657319697407	-1.9922103967952978	-2.2849262676321596	3.1538103490607248	2.983031459532495
LMX1B	2.069676613236617	-1.4665873226124557	-2.2249080695731718	-0.1121762686762828	1.637766328019268
LRRFIP1	5.262281363922218	6.789599872776059	-0.2704630056823753	-3.8957294495334662	-5.794271585717917
LYL1	-0.2816272180934839	-2.412020014295829	-1.6505618367406059	1.2530502134487678	2.492542461879767
MAF	-0.9573829736880362	0.7577077945526007	-0.10765711844673949	0.707106107634932	-0.40369732646578615
MAFA	-0.3846332682151915	-1.9432660245048905	-0.3501206050791103	0.940977395278887	1.247019747999654
MAFB	-0.7797207694805764	1.448690233636899	0.9442094185230329	0.5101562342366645	-1.9655438698178842
MAFG	-1.8624205573839145	-1.5622773035933453	-1.405797489714262	2.8741495837416644	1.2300272936049021
MAFK	0.14739386080222605	-3.1226893690051347	-1.2116177371604928	1.2669785903399062	2.218787730899901
MAML1	0.9757015690244183	0.44710854308378034	0.5943894062234292	-0.2161371480141239	-1.6190156752304217
MAX	0.45233213988173915	0.6963723996643268	0.636070440183362	-1.3549964974767779	-0.1284823046211645
MAZ	0.2963397951976551	-0.18384054468831892	-1.3062832221524465	0.018071415382986514	1.1653410535575275
MBD1	1.1877161470968358	-0.671983785677685	-0.4055233248214927	0.0279683170760683	-0.1723198185488205
MBD2	-1.8391899737335615	1.096521886120177	1.422602776405947	0.09053219194525024	-0.72200338067947
MECOM	0.8315273485609018	1.1783215621777992	0.8644083271882165	-1.9924928108571156	-0.39641977925483707
MECP2	0.6737180042246099	-0.7377410674403685	1.2585519224041541	-1.0158761353489558	-0.16482095287591542
MED1	-1.2651091310818763	-0.7502200361674252	-1.3285995783958338	0.6914911188037055	2.3444034002370846
MEF2A	-2.542108374721481	-1.7609375853570435	-3.8719000202050675	5.458338035771736	1.6484434483936439
MEF2C	0.5587770300658077	2.134157538622816	-2.3309118801898814	0.5305753641728707	-0.49510611875280514
MEF2D	-1.5048719249316374	-1.3991794109648996	-2.447644700839811	2.5734540883416237	2.1428577216842517
MEIS1	-0.10379259622676877	0.7646683348232852	0.949319947880291	-1.2791877198185904	-0.06918321302674928
MEOX1	-0.9398341343081423	1.9825880678864098	3.1202985097020304	-2.0416923606077986	-1.6236922819093458
MEOX2	-2.3116966944561472	-0.06291147076361796	1.6643920246430588	0.6002692508145341	-0.14905642209138648
MESP2	-2.5000609134005853	-1.2150770078963946	0.18465656880364903	1.3701219147510177	1.5952176530145774
MITF	0.3599478793815749	-0.06069119065787353	-0.48874450619009535	0.794263631112755	-0.6661160701339459
MLXIP	1.1280674564668312	3.885190970245019	1.9781446159262857	-2.6947320685329337	-3.2097009734272133
MLXIPL	-1.4602479883814643	-1.1316275840603822	0.5728231746636684	1.827326143129508	-0.32116155992562956
MNT	-1.3342282023852452	0.38132583708436857	-0.6363522448711447	0.5913175244616289	0.9057719116177305
MSC	-1.3591980918053228	-1.027121581079063	-1.0632267334463257	2.125655459923259	0.8121784582581216
MSX1	-0.9556292328884721	-1.1315235430861834	-1.4005887893495461	-0.12020844576439356	3.334924766470376
MSX2	0.30551164761665894	0.1607654739539159	0.27058835534634096	-2.2137478931390366	1.752127681846039
MTA1	1.2630580662159565	-0.3544004879399448	-0.8989464240770461	0.6732793270010993	-0.7149594911210633
MTA3	-0.4246542201680433	-1.1882307622442727	1.2278930906003176	-0.18949067721159435	0.33361348269699465
MTF1	0.4820286005888142	1.7950881363679534	-0.9553937838047187	-0.4577700058247138	-0.4398827192025782
MTF2	0.06464434443701249	-0.32677463785346594	0.9474180183142167	0.09531051999294261	-0.8483554425991707
MXD1	1.0695246936840377	-0.5384129694455054	0.10101939824481232	-0.11295256609673558	-0.5244582941530779
MXI1	2.121362811137146	1.7085716945548763	2.0697115539136743	-3.10747619948006	-1.9957953368942536
MYB	-1.4454653391143213	-2.4123396794460925	-2.5368439614742018	3.7218955006969145	1.737447689476623
MYBL1	-2.012225048577145	-2.068904405236017	-2.033105512008054	3.5185664077923597	1.699306667852716
MYBL2	-1.025684512387364	-2.675455767580682	-2.7745907948194817	2.82612755160968	2.7873353723543333
MYC	-2.890512799280456	-2.622102192681812	-2.9313139151859082	2.9863081381507635	4.443251066387795
MYCN	-1.4186221755113602	-2.5920652042892205	-2.3467891138624317	2.2803032690941607	3.2535093269337234
MYF5	-0.038165510290017884	-1.6778665363773764	0.36351015569297157	0.956128493800645	-0.01902209265689642
MYF6	1.8275034986835927	-1.464925666342306	-0.4257539523917439	0.059626096299899616	-0.1321323586737959
MYOCD	-3.764709423124241	-1.9888890559878472	-6.1402765925719445	6.556205638286347	4.023364117745609
MYOD1	-1.427322075384058	-0.4874491272069258	0.7193659482340623	1.183574473708982	-0.3131590871415175
MYOG	-1.3185386557895842	0.7646245157691275	-0.9355950272542858	0.25249850315599914	1.252770199149785
MYRF	-0.8112958459892082	-0.5315876397148696	-0.7109384798093686	1.5884815793177574	0.1433909710681783
MYT1	-0.4808227810391237	-0.4285863925148045	-0.4521739601595644	0.6914282956413565	0.48297462640245803
MZF1	-0.46172838240495845	-0.5645229000816677	-0.807341943720145	1.1524891174286178	0.42443723887577406
NAB2	0.9661199972950142	1.3351168061551515	1.259023299899332	-1.01190202101481	-2.121654488786487
NANOG	-3.559598752307692	-2.817878647627139	-3.2516869579906396	3.794768850674017	4.650181897699531
NCOA1	-2.1544625409857874	-1.7707152166717688	-3.0377095957958002	3.1112744191946793	3.042415463036201
NCOA2	-1.1571390024232837	-0.5379686338312254	-1.8938500217705252	2.027965182473345	1.168657872238156
NCOA3	-0.6018609838172271	-0.3693424906253052	-0.7861070924978645	0.19219646217191313	1.4301399575923257
NCOR1	-1.3451581096573186	-0.5114397644496451	0.6540870003160595	-0.05563009946140158	1.0592519202905075
NCOR2	-1.072702826810831	-1.1700211202253765	-0.2506995321273815	0.5916319663258506	1.5376289974104607
NEUROD1	0.896237306174041	0.6225167234964907	2.0531538102798335	-1.5370859617114923	-1.69659857695904
NEUROD2	-0.6569584199886159	0.39625474433732016	0.4623910152357187	-0.3542021144946754	0.20947020871728295
NEUROD6	-0.9349187630576845	-0.774947311056481	-0.3201812171232037	0.16650511913446886	1.6274423237245192
NEUROG1	1.3991970634109536	1.9002189604198199	1.2257551642803957	-2.5471207136604823	-1.2570485804848806
NEUROG2	0.12286920838053388	-0.41542129828212004	-0.7771869645147681	0.34573167336783334	0.6224600615378428
NEUROG3	-0.06267776727116449	2.150533839189561	-1.7890097970762227	-0.6101341238940241	0.7758301030803922
NFAT5	-1.0026974229954215	0.0575290482297894	-0.7282337905932379	1.2555930489017106	0.22482012509966387
NFATC1	-0.9926571121997733	-0.6714465576672378	-2.730309685798516	2.0826442141494663	1.903257828719519
NFATC2	-3.463600203072134	-1.9575274197110049	-2.45133469034478	3.795375120579316	3.0595194865697617
NFATC3	-1.0603980506049748	-1.0715710727604648	-1.005599235760882	1.1890341086998804	1.5456216037519048
NFATC4	0.08105555570967773	-0.9434627575339544	-1.1893345981093384	1.935753802759665	-0.24636042346451598
NFE2	0.05935499881150228	-0.6373612072458877	0.536936670696656	-0.4776143952567682	0.4501300971056506
NFE2L1	-1.1443591060048215	-1.1438919839850232	-0.6504772421228112	1.3006952927498394	1.2029318629875339
NFE2L2	-1.7279634032265447	-0.9434905801167256	-3.8067127414333712	3.318017847301067	2.5205090633944676
NFE2L3	-0.846251477912705	-1.0519179853684522	-1.9061137836550628	1.9492609843590543	1.3985127842090195
NFIA	-0.363655511183795	1.3764009509778266	-0.6192477550400609	0.3218019913594182	-0.5159588130363245
NFIB	-1.0462085792327973	1.4377190995558937	0.020061962887934024	0.06699130036597874	-0.29766062702955254
NFIC	-1.515101865346919	0.9419773994029323	0.40308881834358645	1.623730454971287	-1.5599720409819753
NFIL3	-0.34270177869727814	-0.047923510963542505	-1.1005725715332852	-0.31236481031015556	1.8008648821653812
NFIX	0.0024102270042278924	0.1259810966755326	1.1745435876567694	-0.4425471711607038	-0.794442117583015
NFKB	-2.61567109531574	-1.2433968294420261	-5.48286888051861	4.725104398844251	3.712267731608927
NFKB1	-3.9528787902281413	-2.9959512428776423	-4.865400199246713	5.172847429046631	5.259027983773726
NFKB2	-2.5239082307568697	-2.300950705211817	-2.7578236637883116	3.6218140137091606	2.971358720849696
NFKBIB	0.9184095200033177	0.9463047958464571	-2.2323250658852345	0.3592743169680255	0.22749843051466162
NFYA	-1.0274645031011114	1.0440627411445604	-0.19596201754737547	-0.19119581983463405	0.5050328277593744
NFYB	-2.0623866950679766	-1.7709274917502675	-2.445976187753483	3.0683833282675765	2.412092782723803
NFYC	-0.5640903181700485	0.5463617199832649	-0.5000059662433449	0.29479677566318535	0.25247357816274063
NKX2-1	-0.2465690652427426	0.22827700870606382	0.3595626358630247	-1.4593079342509045	1.2866830147464015
NKX2-2	-1.1853185749087791	0.515962777332001	0.7061142509654768	0.7391383245173615	-0.848268178031169
NKX2-5	-3.6777565625633857	-2.268335156816994	-2.606802839021279	4.846548554119434	2.5097973201374777
NKX3-1	0.09919710637010028	-0.5560236431088074	-1.375244622841391	1.542227790729729	0.04145689806395322
NKX3-2	-0.5720748506857791	0.8250869514924464	-1.061610091192156	-0.045810296588953414	0.9709592180254738
NKX6-1	1.2169663442652991	0.48082052354862415	-1.5161387776925723	0.1503291462041251	-0.15693533165151408
NONO	-4.125427473475375	-1.3058178573441763	-3.0317064009549473	4.3080291438191205	3.1571562640079383
NOTCH1	-0.882206874901504	0.769680262266719	0.7387003492405798	0.16911787211240245	-0.7388131020329095
NOTO	-2.6658115571544236	-2.25917868117525	-0.9390851178532184	2.305949027743659	2.692312858323339
NPAS2	-0.905477997835221	-0.3342149850636319	-0.10150957892815723	0.6037408218960351	0.5423895931429976
NPM1	0.3451742699664467	0.06839032594598228	0.5912743098588691	-0.7151583683953234	-0.17898971672262529
NR0B1	1.37078122182463	0.39363788496009183	1.7754333107137372	-0.3941489484781476	-2.927339898082168
NR0B2	2.462874314599277	1.600170579304383	2.1527758937048187	-2.5251141153270433	-2.945924517866445
NR1D1	-0.9139840540291663	-0.8870983531524712	3.1924393592635645	-0.1490355167392663	-1.4721981606167553
NR1H2	-0.549188579931766	0.2945329539618908	0.9980022953805515	0.46851437740730484	-1.248874362756458
NR1H3	-0.5403934624262685	-0.5996852593089553	-1.4291099175919018	1.8797440163589887	0.34847189251907507
NR1H4	0.10972942943900685	0.7762130394338154	-1.9103805124050113	0.7536558232901542	0.35373157068143657
NR1I2	-2.6822052569057986	-0.4504691880646549	-2.225992447827214	2.3500925646563307	2.4799193523647602
NR1I3	0.6593984182514708	-1.4451268162719697	-2.4868831537256324	1.7540086202667289	1.1278549522821713
NR2C1	-2.0651129128965007	-1.7554625306750102	-4.195092617221628	4.576173544412641	2.4965113755298134
NR2C2	-2.626194884093526	-0.632680200853309	-1.5365379915054738	2.8681966033243977	1.3157939260594973
NR2E1	-0.4942532236030603	0.17116953850460942	-0.021779961188354492	0.30175742373846276	0.005923394945895735
NR2E3	0.2955180022941763	2.0072939786311794	-1.4602381646312879	-0.7090631426612264	0.34179590729178255
NR2F1	-1.218876239243476	-0.20110756286906672	-0.5238784595751647	1.126288505186361	0.5712194798074851
NR2F2	-2.6073256218236094	-1.2138273953041607	-1.0294844768683786	2.4647443882749513	1.7057365069884296
NR3C1	1.9497044510008077	2.7855072187842325	-2.2818528736612986	0.32274057508075354	-2.124500770871895
NR3C2	-1.2514399122906423	-0.8913991581749934	-4.533608031748889	3.282096125674365	2.8062612127104023
NR4A1	-3.4563598134700055	-1.3251589533043115	-1.2614617593280544	3.1037329677865775	2.1071243361601777
NR4A2	-0.4625740434205877	-1.3219734294176337	-1.3951446403776777	2.294189851890083	0.3733534978165546
NR4A3	-0.4942352657095456	1.3682904374862532	0.27407095304747225	0.333613614902322	-1.297283222819004
NR5A1	-0.6346136533791135	0.07395874916566032	-2.4860031479238494	1.4710007660476503	1.3964813349614487
NR5A2	-2.7890341235871055	-0.7786927974534292	-1.0665440052671358	2.4079447363005015	1.6192517911289033
NR6A1	0.2617592046190909	0.32454157894410746	3.63133998390631	-2.058457473901813	-1.877216946632278
NRF1	-2.261810943242011	-1.126228697395436	-1.7344421799747693	2.146093817860055	2.373589526769908
NRG1	-2.0573741294971395	-1.2464252203832653	-1.6529121564513491	3.074129436275237	1.1808435196134623
NRL	-0.036144575307313964	-1.329238359557193	0.44411880649675606	-0.0990295235609722	0.7761406075360145
NSD2	-0.5954475465615138	-1.493092030171126	0.002133415820428271	0.910025592538128	0.7568438781373729
NUPR1	-0.947128011360554	-0.037106224089032414	0.3090555552924333	-0.1390445674124232	0.7452975958059491
OLIG2	0.06272122777177931	0.37093182081589504	-0.25858893999467303	-0.18081256525354825	0.09916378750393978
ONECUT1	-0.14622743941719635	2.3755616433318862	0.296453195153788	-1.6124618558369335	-0.3166824834762361
OTX2	1.8589754108602916	0.42390226018473925	3.6373562643439525	-3.3521002893029648	-2.012175630214869
OVOL1	0.18244243217040612	-0.42025892790608305	-0.16727854168363834	-0.298452294214511	0.6691015843216351
PATZ1	-0.5516869563891792	-0.35238765135114447	0.16420494982856565	0.47158816559737604	0.11060655781753134
PAWR	-0.30104553311888166	0.1740177468426653	1.4145535943471597	0.1829496260992933	-1.4826876795681119
PAX2	-0.5435256257234478	-0.8009776446667363	0.7027038580128705	-0.4626209344728805	0.9553701414378722
PAX3	0.6376067908294265	-0.044565722973593534	0.37813953913770165	-0.4234935688255512	-0.46378992847799516
PAX5	-1.3290654932540455	-1.0446860768761608	-1.9714386201489453	1.5353715235120913	2.3579946974979107
PAX6	0.31115133459651617	1.5368077667647853	-1.0201533872104036	0.5381556097044394	-1.103717043834286
PAX7	-3.0402976137037605	-0.8014769507131926	-2.109445135901992	3.044181060820756	2.214387723108982
PAX8	-0.5395259471593344	0.9982481093616766	0.051214659596364016	-0.23281373909029032	-0.10880889990539669
PAX9	-0.2629548362505801	-0.28476757079285653	0.5293656497650925	-0.39280190374231966	0.3749264472014086
PBRM1	-0.4168129181673585	1.6105326429464764	-0.2424649992047206	0.6587270171193251	-1.4052505457982616
PBX1	-1.6096539836453347	-1.5179401264099457	-1.1202664895600065	1.1537257775182939	2.5675995542545045
PDX1	0.3142526359809933	-0.7281125151929624	-0.025333034566890907	0.3495535591644988	-0.057421230748724225
PEG3	-1.1280748741413473	2.102804015284142	-1.1000954780646126	-0.7913695672359079	1.3046022520989626
PGR	-0.7584796329183982	0.9721392330304215	-0.6614252997299611	0.5825886098723776	-0.0690251631506687
PHF20	-1.0057724999634412	0.19448665949377278	-0.33486940634004747	1.14139090719503	-0.15202728664325046
PHOX2A	-0.10958700635443305	0.4034786200572201	-0.04092470046857925	0.01473992958853881	-0.20183622093466144
PHOX2B	1.5021827357621274	-1.060258715846029	-1.2082695294629917	0.46583290429017554	0.17596858066168053
PIN1	-1.774457333763222	-1.955097640226676	-1.8713445646706468	2.1391238945806927	2.7428264615378635
PITX1	1.5069890480063863	0.6622639616713192	1.5531999102393022	-1.0255725159471945	-2.3531460119879717
PITX2	-0.045375534515967736	0.43075063857228146	-0.6341185887958007	-0.15403280221880702	0.4969137264837364
PITX3	-1.7192142388141238	-0.40816754341969924	-1.2296616322141827	0.7783032991045958	2.29005787751401
PKNOX1	-3.4580721365410527	1.0701412301283526	-0.10128777190996577	1.1193036455706078	1.1836738774624675
PLAG1	-1.7863840185570066	-2.383536892354743	-2.7551134993554744	2.98407770255699	3.0578313827917096
PLAGL1	1.1983796040187278	-0.1427860206554783	1.2782115527830866	-1.8087892199670381	-0.2783315179327468
PML	1.2455462710812395	0.339891444489041	0.8386142956218222	-1.3022373235163303	-0.8302430284375407
POU1F1	-0.39462689904109993	-2.1887069285845278	-0.10503829554106528	1.2624808552837488	0.8561281154881746
POU2F1	-3.426971319240836	-1.6410508293167743	-4.0005012063571295	4.112067656063793	3.972882205587841
POU2F2	-2.1188114296084035	-2.2464033811709245	-5.734320519079541	4.776085560822062	4.265131118080421
POU3F1	-0.1987442103212668	0.24519478601196554	0.9497524165658161	-1.67671766503988	0.8766616187159049
POU3F2	-0.052609445515225804	0.8348172063305483	0.9774858305455422	-1.071822267369742	-0.42953377225514233
POU4F1	0.5397539973323413	2.057439762532097	0.9149333841941333	-1.709152557356046	-1.2034671782557853
POU4F2	-0.29415954317737375	1.6837159249824944	0.5998609248085338	-0.8248937924029045	-0.7893987882202448
POU5F1	-1.5039198941730025	-1.148193679081277	-1.4759493543600177	1.7673476753799386	1.851288167022664
PPARA	-1.00338683141631	-1.3316133903328695	-1.1914525284411803	1.6317397596311911	1.4034586267287483
PPARD	1.663515223777873	0.7278336553999409	-0.08976690835206991	-1.8546869437162374	0.007924277850422918
PPARG	-1.3988300240472806	0.7341015723970591	-0.5644169885913901	0.17359654960665236	1.0663355421927667
PPARGC1A	-1.4126739637446082	-2.2872578542905266	-3.093436472590314	3.071550228052298	2.878158646892641
PRDM1	0.5646536152381331	2.2570216893807222	0.9638439141139372	-1.2613354427961405	-1.9300066550542812
PRDM2	-0.005848136334793112	0.9505859879749354	0.3658491737371584	0.04005717067017914	-1.1768760920764114
PRDM4	-0.3001139587819875	-0.9826676261252036	-0.8871813227891175	-0.1563480751955906	2.1351145659653015
PREB	-1.5219503464526987	-1.467573965203015	-0.4934875381181449	1.8662026754069445	1.0339263324147603
PROX1	1.2663428274643425	2.0584255238303313	2.333998382448417	-1.8230979209864397	-3.1702601680261604
PRRX1	0.389244750673516	-0.35628795907474403	-5.701434069747177	3.9488077091872986	1.2952439470145827
PTF1A	0.8119136087062846	2.2834442828983232	1.3947716936822234	-2.204065764817532	-1.5739321058723532
PURA	-1.452565416005905	0.07957953932776252	-0.44643552697325556	1.2240586941942353	0.37333396522406664
RARA	-4.005343164769342	-1.5742489631543672	-4.392411066149634	5.7072477782917534	3.0909171403998887
RARB	-0.5802633613414391	0.7989656415819568	-1.0383819847456381	1.5084866663116212	-0.7332752911460098
RARG	-0.5850381137334406	0.8449678461895652	0.8563958933711893	0.22989184447142336	-1.258294490573411
RB1	0.3786527340827	-0.48938311036582754	0.6129723804289813	-0.6292661082921779	0.12672093200652187
RBPJ	-2.924140098147609	0.4872968993123561	0.13685727823779098	0.9137545392393165	1.1532566450666277
RCOR2	-1.5871889982938963	-2.0005740203577904	-1.734143663556112	2.3716312165575832	2.2139833349296096
REL	-5.607247053250839	-4.95933763768443	-6.105132545916178	6.889881401165066	7.737463671419787
RELA	-3.352904475745425	-1.2196823613618706	-4.76138785178941	4.245442883243364	4.177513964770684
RELB	-1.7820110406392788	-1.4466665747433987	-1.2132542367318218	1.9060399540195925	1.9338112473139069
REST	1.8520700830720003	-0.4910243828639862	0.5845185802791957	-1.3460324264217798	-0.41121494994673696
RFX1	0.7717582260685566	0.409566785432402	-2.1283247277738586	0.8303594375765548	0.17580331976950897
RFX5	-0.9798307590180246	0.4401285366678436	-0.7532654706043295	0.9232016237783359	0.2838893373296851
RFXANK	-1.3762651941923192	0.8075038544495013	-1.0489987772655418	0.8958732123874623	0.6769354462152135
RORA	-2.841635721471607	-1.2716809312625357	-2.3416857660501496	1.5239673269896996	4.319744307354237
RUNX1	-1.8922389972383418	-0.5435617370026653	-2.264931086895801	1.7920667964742512	2.481246615032097
RUNX2	-0.6975076876258374	0.9995290262249619	-1.7853544514655193	1.4993262147793773	-0.029793637650730165
RUNX3	1.2466207899378077	1.3388707116195429	0.9272743928445096	-1.5775551605649245	-1.428165264109723
RXRA	-3.9285283132550006	-2.1609942209408546	-3.7911655713672094	4.530899764992246	4.187004172652874
RXRB	-0.19610642695550085	0.7560326984975129	0.15296184976211186	0.22107521637677666	-0.8296125318158433
SALL1	-1.762540395692887	0.008282420676070431	-4.11608138559607	3.213777958421639	2.2035533710575277
SALL2	-1.5353868804394346	0.4669837786430509	1.2391165798774189	-0.055683274746925054	-0.14595339176817068
SALL3	-2.2897426511620895	-0.9278528688721025	-1.224570681941027	2.770349584017548	1.040848105389896
SALL4	-0.48895552639329315	0.4513184455492429	-1.5162717331584477	0.07841020942197502	1.5167299295962964
SATB1	-0.3227502926300342	-0.046804871077505396	0.6656409942662037	0.42711318650072905	-0.801677521568485
SATB2	-0.6283987336435035	-0.34194111281496714	-2.2537281148108406	1.8362472956136382	1.0940529548120739
SCX	-3.877177222045083	-3.408503141717089	-3.443679575474294	4.748072588808905	4.566366556891909
SF1	0.24779388091479626	1.8772972386425921	-0.5257987773000825	-0.2893617544472257	-0.9066429615816308
SFPQ	0.6760904385392461	1.0085155489510427	-0.00977273035211599	-0.5837723219433774	-0.7890274611192165
SIM2	0.8938872480808745	1.4484631735096671	-0.530144010799907	-1.3053999991237442	-0.03142732938252659
SIN3A	-0.14509475503133387	-1.3148278786722676	-1.1102018670045894	1.2958718887072334	0.8876675280119953
SIRT1	-0.6191880720072119	-1.3681009521452836	-1.488468041968025	2.0343774231234995	0.9341241681246834
SIX1	0.32181714115919036	-1.7378934051843917	0.567050382995095	0.32884179568180566	0.1843801875566719
SIX4	-0.44764694234942554	-0.09289099648917058	-1.0864038396748932	-0.01074722547886358	1.5879190062222281
SKIL	2.8721331329629063	2.1836599476496223	2.5111760240358176	-2.648227745771902	-4.020816582076972
SMAD1	-3.299226422760665	-2.363276349416471	-3.0757389100221624	3.7844712535552456	3.875727325756221
SMAD2	-5.003226248294794	-3.4863639492942156	-4.5091603862613585	6.127409959373285	5.218862958165817
SMAD3	-4.380568988217398	-3.591200730935286	-3.790579590629973	5.81181809728109	4.357052419965777
SMAD4	-2.8378941192314864	-3.1384758661925907	-3.7059310731803903	4.227149672185102	4.2253388590904395
SMAD5	-1.3865501604217636	-0.6508524763035597	-0.11702914749897457	0.3411791651842315	1.5466954176038143
SMAD6	1.4794604483356957	2.0014709094310894	2.954373386769088	-2.2226480820595587	-3.5023793267700043
SMAD7	-2.3511113080662756	0.28815733367899304	1.3760252990962363	-0.3945981275492362	0.9855124191479341
SMARCA1	-0.2520148841625824	0.2859084280155873	0.30337777731056764	0.2540118282953096	-0.5834761530491998
SMARCA4	-1.5310379991849374	-1.2490920684252342	1.8004185823210526	-0.15423051029654902	0.7891238918718173
SMARCA5	0.6896835108299514	0.9824754579232464	0.7491968915471705	-2.0496225062037965	0.0713438531723035
SMARCB1	0.6783131254339814	0.6869708946496618	1.3517069731658478	-1.0180108033339643	-1.4165620893369897
SMARCC1	0.2511258614350509	-0.013678337618606215	0.48897487091163233	-0.31062315379029654	-0.36829673302979293
SNAI1	-1.859967823736162	-3.8337655362575225	-1.3680793288402422	3.5852448556567595	2.2512344117437046
SNAI2	-1.1923772091013496	-1.059419947834147	-0.728716839908163	1.239965505118138	1.323773071952694
SOX10	1.0598411352617727	1.7810681886081383	1.329171041859856	-1.8067300106329767	-1.765780952396698
SOX11	0.6935278544230342	0.46393066582405823	0.2222598896991486	-0.08351544299012036	-1.1458758453383715
SOX17	-1.1863125010638456	-0.7300789637895431	-0.9147082948328564	1.6524688988308374	0.7834889251226076
SOX2	-3.190683551374861	0.8157971560513878	-1.059204707034839	1.5338166553841086	1.6482041089977546
SOX4	-0.5195050710132355	0.9774287075940329	0.837527890966939	-0.5598638676284473	-0.5384009532654797
SOX5	0.7315960691120644	0.4334302837344919	-0.2566673713126373	0.42780683613043324	-1.238794043493126
SOX6	-0.0211406384325319	0.6960890346002031	-1.6711619330186598	1.040917711256375	-0.016331677115637593
SOX9	-1.3876890133250526	1.1288186520374184	1.7792623546341502	-0.4303264276564017	-0.9480327587763957
SP1	-5.963700192773965	-2.189993466188923	-6.821267463277703	8.186281672286762	5.1047296605591646
SP2	-1.190090380217698	-0.21416314214018167	0.22231608291428345	0.6877925724130892	0.28999942496936415
SP3	-5.409578170176428	-2.0523868624010784	-4.691578911903823	6.309489442755331	4.409670556204835
SP4	-2.017499801462951	0.8213819082061332	-1.413044049985791	2.0794664802981364	0.318788619081825
SP7	-0.12405694676270919	0.6206762433358324	-0.07279891141841212	1.1052233284340358	-1.5325339802997775
SPDEF	1.653072890785051	1.3933370900544488	2.1842564943317018	-2.334556768983697	-2.273457444392997
SPI1	-0.979424637279351	0.9328346041937287	-2.9637400226843504	1.857603565184561	1.0698059324190776
SPIB	1.3471942465913784	-1.8618298253420438	-0.5632849018159225	0.9544785926114923	-0.2145767000386945
SREBF1	-0.0886355541860176	2.406190399679697	0.4271372938573659	-1.4753350026588832	-0.6762969458080119
SREBF2	-2.0484539239605457	1.291489513416157	0.07536015652829564	0.4778753750170828	0.23599747413905325
SRF	-5.2288085681931635	-3.8163490579178205	-7.948523285517345	7.618404496332945	7.503020278984724
SRSF2	-0.055839821182505946	-0.5593446616522847	-0.5532071944241729	0.6005293513280949	0.39910311487268013
SRY	-0.4084716912597295	1.555233561780688	-1.6616550222737145	0.5321836128234767	0.1930198030098509
SSRP1	-2.043255726155177	-1.887072055295035	-2.0609647845101584	2.8396781073142066	2.3544963891275246
STAT1	-2.5050803629040916	-4.955347441825189	-6.733060560338058	5.703389068607541	6.804237585907215
STAT2	-2.1138270600879263	-5.877964968902995	-6.907843393962382	5.578610038475458	7.505711501880407
STAT3	-4.190207611397459	-2.1358120092331014	-3.3420374845616343	4.833839808912079	3.624271297558244
STAT4	-0.3329681809831073	-1.2903089787943667	-0.8259386329408218	1.0998512453733098	0.9715371149490555
STAT5A	-0.39657989451214876	-0.030792012456575854	-1.5372241559361726	1.2082159758469349	0.6011297690618385
STAT5B	-0.3248288047599013	0.804780377827261	-2.1042535958536215	1.218203562815323	0.4137781174989603
STAT6	-1.4390503086986668	-0.35465428568223495	-1.8134738115713906	2.4061819335115384	0.7829603439735435
STOX1	-0.6683467775823551	-0.1500344804920051	-0.30925481138184235	0.5638289344528825	0.4266570883584529
TADA2A	-0.3356223596650845	0.21987852225551588	-0.41953775890823997	0.12880675376957082	0.4091404580997842
TAF1	0.6323133808840578	1.8804039270022752	-0.7698216966524921	-0.7220370142613252	-0.5426760993918139
TAL1	-0.8155059741897662	-1.0597664801443818	-0.09872997545535155	0.9414673159105114	0.6742084218817094
TBP	-1.6140641442729662	-1.349564521163344	-2.515800266198738	2.774362617961988	2.050447385293446
TBPL1	-0.018533135584007515	-1.3416771049376395	-0.1664328588208803	0.9561878000062696	0.22098904935637026
TBPL2	0.7810824730166559	1.4364198166163649	-1.2663797842688715	-0.7223596789793982	0.17848170326773583
TBX1	-0.1485006221950134	0.07369053111366378	-1.6452916215672193	2.0373688509798096	-0.5156493197524655
TBX15	-2.5004850949311783	-1.475203358845222	-1.3195306978695691	2.972420476669868	1.5520857300372666
TBX18	-2.8141432167724894	-3.2895129136243004	0.6964797156098571	2.980376706546302	1.2837029286470634
TBX2	0.6304350469354089	-1.292197483262134	-0.9913585103806981	0.09918259579056536	1.352714930571891
TBX21	-0.25593787644561544	-2.135501219163092	-0.4200738302897978	0.9411524115777544	1.3544322995135039
TBX3	0.7171163989828183	-0.3325320107509414	0.8834497178752767	-0.8852131470613172	-0.3016123395489601
TBX5	1.2398816729030897	0.5737904543518647	-0.3941931807284047	-0.3675261906007139	-0.8078426383047789
TBXT	-3.6809742028154115	-3.3492753709270735	-0.02983384966010535	1.9377583779482148	4.005338380680534
TCF12	-1.4163062567746996	-1.3908671679354292	-0.8887484524039806	1.522745159536443	1.6482761376939725
TCF21	-0.6788618902966544	-1.6816988157268702	-2.4737590709388457	2.472561574266884	1.74872282368521
TCF3	-2.5819595005311933	-1.1327313559411267	-2.109207510379299	2.7899310444033234	2.340941696438818
TCF4	-0.5915440620477267	-0.20421471489246193	-3.164032603753906	1.9792756358058785	1.70251571518708
TCF7	0.3069513504703374	1.5716116273839122	-0.36350855528204024	0.10376890360916965	-1.3081700015458686
TCF7L2	-1.3613827588915686	-0.1574322252895222	-1.9688061672113337	1.4006071832134541	1.8128874650045355
TEAD1	-1.2456673301230952	-2.364407117279299	-3.26737787942101	2.0045484402288505	4.1357474839960044
TEAD2	-1.8182641885290234	-0.40703979908341437	-3.8721047677454186	2.7758043677018254	2.8296872345866486
TEAD4	0.20599752691523052	0.24205701383124495	-1.3311820965514016	0.3591746608492833	0.5524634953194768
TEF	-1.0051692843275148	-0.7696725732690582	-0.8822605938485398	1.2448055194534846	1.064755790813587
TET1	-0.26019801690935873	0.7080623177556931	0.6028559316888814	-1.2087304209532406	0.39036424321149954
TFAM	-0.24569570777946867	-0.9570541361594345	-0.13890036750001647	0.227621077887038	0.8918085314413221
TFAP2A	-1.0735227805250316	0.06485457499599821	-4.155667616358111	3.795579466794909	0.9235805988070794
TFAP2B	-2.9058210849628376	-0.07571962551437911	-1.8366802587366868	1.744072283649879	2.6579857095344224
TFAP2C	-1.241090091996924	-1.2116470636332919	-0.9663352307796077	2.59287100231086	0.24250694996059705
TFAP4	-1.437838966304301	-0.1826347696818879	-0.5114573262884587	0.8697323580448785	1.0275342709386157
TFCP2	-1.634449878725469	-0.8035257051481024	-3.3720171884141146	2.8165592544236087	2.4369258635616458
TFDP1	-1.3524248830174965	-1.1731542176550116	-1.8927835833936246	1.7044309957784785	2.218984916853297
TFDP2	-0.8775147761460141	-0.7305431629676097	-1.9004632676954845	1.2683165132786889	1.9097968212999168
TFDP3	-0.14581870151324458	-0.8515060581655478	-0.169784243164704	0.5565617981948462	0.3832758102316978
TFE3	-2.9970828696921052	-2.0168409134952427	-1.6848660789478733	3.3381397874860483	2.4128259045173586
TGFB1I1	-3.3042017385448483	-2.0632512481916376	-3.597980638409215	2.8993787084966556	5.134783525686726
TGIF1	2.7602481594860317	0.7680274646804215	1.353065346557483	-2.405337924772772	-1.8741009481315876
THAP11	1.0989240754078098	1.6459539554165978	1.9632922972467162	-2.251162626695439	-1.8386292813515341
THRA	-0.24090172030522097	1.1960593502420342	0.08720392001590573	-0.43514248673704975	-0.35774395791802827
THRB	-1.20915506772631	-0.14407327590419525	-0.9101806855959828	1.2403936509869031	0.7775149819014747
TLX1	-2.661181425812628	-3.421976267225099	-3.486727327745508	4.027540739781871	4.292631959975394
TP53	-1.3161223340452737	0.030338517583104685	-0.31658437533820616	1.2117975048435872	0.17110883601798552
TP63	-0.11873135183756638	-0.1331557158132045	-1.6506064671220178	1.7489866941207124	-0.05271861355549682
TP73	-1.2845952038275579	0.8133294562665818	-0.2436588196276862	1.1046653867499774	-0.4486940520292612
TRIM28	-1.0770765687259864	-1.4731952821345464	-0.7103372499673272	0.892036599872768	1.9179027075922173
TRPS1	-0.1309967087418594	0.015103758028861205	1.402847613944214	-0.8827918498997686	-0.32605568070287744
TSC22D1	-0.3068086484278259	0.610774066296429	0.10882232947918918	-0.2400497084971787	-0.05829995428275349
TTF1	-0.5415519553873263	1.663701183977782	-0.14317161391377406	-1.0288224115592912	0.4233737806195264
TWIST1	-0.6833633612906155	-0.9308382728904825	0.06277587641140374	0.4367861889712826	0.8412615411037107
TWIST2	-0.7612594501918412	-0.6086886080596411	-0.03454708201553379	0.8924958932993334	0.24770502640094377
UBTF	0.6044699521542554	-0.04403399061493716	0.5376462222276249	-1.1199018049273983	0.17249868362918386
USF1	-3.080388132766276	-1.45756810598901	-3.5802294898074525	3.815351898564594	3.4098741230057907
USF2	-1.2656814044404552	-0.5521076170133229	-2.086851185535924	1.758632641148932	1.7696341264482425
VDR	-1.262279635161688	-1.1332361851443176	-1.481529280998813	2.116301570127266	1.2384725152854368
VEZF1	-0.31516015456753743	0.2049376290997418	0.14275224572262724	-1.024303845502395	1.1075296207331957
VHL	-0.9243069434295191	1.1667761371545613	0.5589256980509523	0.054467009759246	-0.7161179610179248
VSX2	-0.1771596104409513	-0.17661379690337586	0.2940582306697398	0.07605749319740428	-0.07184832163148588
WT1	-0.7384233126519532	3.0121589408526805	0.17923123572396982	-0.7994439167367132	-1.0646603567242254
WWTR1	-1.387117118720736	-0.8681966104488544	2.874566487729189	-0.6396274393690305	-0.19411169703815098
XBP1	0.44187188803360505	0.40666937833672445	-1.3704211370937698	0.4208194716891695	0.17320286560918688
YAP1	-2.2735053705690773	-1.145802391126874	0.6875288499772517	0.17344747086185103	2.143236026329335
YBX1	-2.918257326698727	-0.3258285751939893	-0.017366140629741244	0.9861018435216843	1.8830020430590995
YBX3	-1.714315539151534	-0.9734564575751963	-0.09433214982744124	0.9695128455371957	1.3962496524348595
YY1	-0.30848300871047163	-0.14524839777320128	-0.4288935789911974	-0.12026158602125257	0.9639255755552016
ZBED1	0.6496346819169079	0.2843088902184791	0.13629480366501187	-0.28432084967904114	-0.6526016620851955
ZBTB14	1.8057183310095037	2.027494152829123	1.0211302706129204	-2.5926920785189322	-1.4793959277524569
ZBTB16	2.6153565435346593	-0.09938726590652687	-0.6680006261191803	0.14216217793203081	-1.8136364062659402
ZBTB17	0.6917581656416509	0.7273315339603923	1.2299588015634022	-0.914301385066557	-1.4538176924637445
ZBTB18	1.333579022717074	3.9017431388615584	1.6251194255905428	-1.890011572099444	-3.944437811227272
ZBTB33	0.036256563830827135	-0.7833388454154505	0.5328972297367366	0.7601556715734681	-0.767672787685757
ZBTB4	0.6111019807036364	-0.6861734708566596	-0.3541409699505569	-0.023983627244605944	0.37562806893972295
ZBTB7A	0.1988040484152904	0.6461037772848701	2.47738182037967	-1.0864426672384826	-1.9942898941637828
ZBTB7B	-2.79281643118745	-1.393376075414103	0.042691907927584094	2.585152360447528	0.8153293575115432
ZEB1	-0.32823635011616625	1.7559535050905068	-1.4997575220433619	-0.6491585489560321	1.0936739742150656
ZEB2	-1.3710059783099107	-1.2679358285354632	-2.6379309411295315	2.0613979066998174	2.6669463268562668
ZFHX3	-0.2784655124252401	1.0698647327209603	0.7108935736493166	-0.8555249603489018	-0.3832147551608831
ZFP42	-2.728681248987469	-2.987490113024218	-0.5025897175530271	1.7989318215313546	3.4618427781795114
ZFPM1	-0.5020980468183924	0.08104765826994736	-0.0299728493365167	0.4288820086087085	-0.04533386822603288
ZFPM2	1.5506228768160326	0.8923047675024226	-0.15652017440567711	0.036717907748583446	-2.035472309216579
ZGLP1	-0.07853004304694866	0.023491556191554814	0.6144356451916377	-0.3339367350368836	-0.19505236916188767
ZHX2	1.5469627779730393	0.6325563968624585	0.24345236051918032	-0.6520098128458518	-1.4642091257572056
ZIC1	-1.7728467288255894	0.6491734153858121	-0.8927225968682533	1.0031374460275555	0.8958926981099357
ZIC2	-2.0814493287747773	-0.03438791414420643	-0.3109073960770785	1.8273241404468272	0.2453322617436913
ZKSCAN7	-2.2891196583478948	-1.3760119829294666	-3.611993548066022	3.1618441905831136	3.3655013837839363
ZMYND8	-0.37880266372916926	1.285534401562894	1.9430201524617279	-2.4148386652623137	0.014625712419569562
ZNF143	-0.6720315630741842	-0.3778095214946407	-0.37391059549965633	0.5272848255308714	0.7199256361407831
ZNF148	0.4367050164202254	-1.0221699920918905	0.15537707391749084	-0.34574192477113797	0.6523271858123939
ZNF236	0.7583868126220499	0.059890342525416994	-1.0774329100333364	0.19617891446277017	0.11693018905539168
ZNF331	-0.5955575704355397	0.9349456379343337	0.6183269249581298	-0.11431634303967846	-0.7044203389205534
ZNF335	0.28828773926608275	0.8235415898760717	-2.4075911844291107	1.156468916472255	0.20579259379775028
ZNF350	-0.5619392367460623	0.144256919568744	0.3642702295588622	-0.6206074333042014	0.7179231527864527
ZNF354C	0.8740245172358168	0.22192352646509675	-0.49704298884648707	0.7467211588945768	-1.308198599743525
ZNF362	-1.0494925047618278	0.969502549709375	-0.7715915187324672	0.8686014558423584	-0.003248468725779809
ZNF382	1.596629224792546	2.228797671420836	2.9054579555190525	-2.4080213141643863	-3.541938047622646
ZNF384	-3.0957531648285035	-2.078189227124387	-0.9419252729784428	3.216278578162259	1.9427480516707714
ZNF395	0.43669791311858974	-2.5704927259656296	-2.470498061141386	1.567753288974867	2.434814562572645
ZNF436	-0.3562094312570909	0.15862569127877915	-0.24969899021461756	0.5308686136634815	-0.13463686236127267
ZNF699	0.2623371082881922	1.075513931419751	-0.7276632795308736	0.3734723319252569	-0.7962608477094172
ZNF76	0.34804189850479106	-0.7220281045606867	-0.18609171175636383	0.26920232960220214	0.15599486063531473
ZNF804A	0.1374661546889271	-0.8268702694902923	-5.589068300195162	2.8089875001152067	3.050014626170847
ZNF91	0.5135682850998184	1.2209441719996217	-0.4563657182343625	0.2472848674038486	-1.278622743459308
