TF	C1	C3	C4	C5	C6
AHR	-2.467879450114889	-2.9811614534074096	2.338136577712833	2.4816748433551634	3.1826565075690088
AR	-0.009231563895805033	-0.7317393821220276	0.532217685550397	-0.25169575872604993	0.7505403393301087
ARID2	2.49303597184895	1.7852075218957568	-3.2134763736257335	-0.5147600939334044	-2.3682320266364765
ARID3A	-1.5075152248203247	0.4223317577277333	1.2929009977338388	-0.2893072735254201	0.4404265485025858
ARNT	1.1201645586151416	1.0626798321704034	-1.756773956492424	0.18668286751398697	-1.4870435689606352
ASCL1	2.146754941897747	2.488346894146112	-0.7514045058056389	-4.0038228286310025	-2.2772877379410024
ATF1	-0.8061371327598031	-1.1786034443515991	1.0407385541770235	0.5737551221288351	1.2657655180061391
ATF2	-0.5264921897383606	-3.906497033011707	1.4367314463587058	2.8176863425501444	2.4608041413405854
ATF3	-1.07225727938651	-1.8406151335461098	1.935248996458931	-0.34741381334797045	2.4832702601861936
ATF4	-4.624541271583517	-6.526451177967331	3.9864935354716433	8.362808676443448	4.535654052976798
ATF6	-0.16734780837334537	-0.3610676569196549	-0.43771894843229486	0.9856298774554159	0.3126845639778494
ATF7	0.2616993068713546	0.8260740756184831	-0.3462075401185265	-0.7087935672069124	-0.5859919644031895
BACH1	-1.2375620460367978	-2.0917229542544757	0.8337520166311885	2.4034473565097594	1.7777213253318476
BACH2	-2.101666128956154	-2.026835819537196	2.899211854833265	0.8956956988907946	2.16140434860896
BATF	-2.4600934178272293	-1.5199283775098584	0.9651182965516882	1.2224609592427536	3.4741737032551243
BCL11A	-0.2860473438568013	-0.31879269559935225	1.1872960241112687	-0.7328776274711968	0.3272961620628141
BCL6	0.35920199064048713	-2.12398598881061	0.7343940587457857	0.8554479338836438	1.0922897523031534
BHLHE22	-0.9648896105122252	-0.40472066343936597	0.2923225976484826	0.9595424224378487	0.7705726845581672
BHLHE40	-2.2784072814852787	-0.36407259877854126	2.699260559599203	0.10247248705492165	0.9173681195481167
BMAL1	-0.6226168196372519	-0.669252769474998	0.24942909767012642	0.060826521480650445	1.4832439430794229
CDX2	0.3503048436410169	-1.708980404390135	0.18375295021156104	-0.030166114554115133	1.785885993826329
CEBPA	0.12634914154246135	-1.2534150365129768	-1.39976329068564	2.491539350471007	0.8136187446277166
CEBPB	-1.6405015660878437	-1.763866056334795	1.0999140203164228	1.96052487436841	1.9760835236381284
CEBPD	-3.384463647228405	-3.8404367321632833	4.792732530748076	1.884918576946581	3.801717587904736
CEBPG	-0.40553627899368133	-0.5866168145542849	-0.47612321954197645	1.2237147915430167	0.7825340125839243
CLOCK	-0.8039703999070932	0.176329463814873	0.37115924569782144	0.05352366759429168	0.4285547328439056
CREB1	-1.3825211478984272	-1.8272685422473163	0.5769599593837705	2.24900398258587	1.9714152352050605
CREB3	-0.3669286019746828	-0.15761250393750958	0.3972368078398478	0.566121581699985	-0.14064373719220932
CREB3L1	-0.8728066416538406	-0.2963492222221531	1.1370261438467688	-0.25570889322911405	0.7230214237098384
CREM	-1.5318675996124078	-0.4506229578187815	0.5157337364267904	1.0933691639677612	1.2671103307122684
CTCF	-0.1695203710005163	2.744419794930213	0.43063014765432606	-1.7677684356664443	-2.545960696066714
CTCFL	-1.2578133846401107	0.7667762766359807	2.6721243392656517	-1.8241627250326342	-0.38268158928503837
CUX1	-1.8698014468191761	-0.9392238475067604	1.8660075794628637	-0.03566009373453098	2.0821875874349907
DEAF1	-0.8548353951850026	-0.12477392218702164	1.9890690723321773	-0.6633102724359727	-0.001219553478060929
DUX4	1.1167675075288857	0.5092289466498665	-1.9040846554257747	0.6044268568164839	-0.9180979249968781
E2F1	-0.23716414694481086	-0.40297370521693116	-0.35704025282325985	2.319705481121439	-0.7341726020992233
E2F2	-0.41262800645905007	-0.4479114433226124	0.5867889382543849	1.1699620767129855	-0.3588935347406492
E2F3	0.14774311237406043	0.10665773572880903	-0.35314796253944497	0.4108489716771301	-0.359787131385693
E2F4	1.3426682708398299	0.4029307947063723	-0.5611032060610479	-0.1761541692246174	-1.6776137599934478
E2F5	2.1477900255508446	2.9461640541743432	-2.708997317116165	-1.6554735617677392	-3.053348864370481
E2F6	0.017426225202063262	0.7501272446718463	1.0198376033713565	-2.0095656311853354	-0.34599092594593134
E2F7	-0.8804541733568805	-1.7475983808454996	1.3700116770495356	1.3046553431530925	1.2383479045160166
EBF1	2.539485889525864	1.2504808012946085	-1.0282915757822275	-2.970110918984936	-1.6701634619660788
EGR1	-4.191384453179493	-2.4087167886946292	6.740295291678946	-1.5911413754258061	3.9645194957599195
EHF	-0.011058291971456607	0.5495490888294152	-1.673953640456595	2.094374662302663	-0.9431765358589304
ELF1	0.2775469316303308	0.07039391736567431	0.23895551952681107	-0.6040937800016261	-0.18514743740761824
ELF3	-0.13047235791853512	-1.1907594954868166	-0.12012436809276786	1.3212202829237496	0.8471557610814968
ELF5	0.44002564476308437	0.36884408858950873	-0.4723300787676106	-0.3802445365410997	-0.3391303036301547
ELK1	-1.2714061282151496	0.26832204033424745	0.5792083875986713	0.22331666590795576	0.5830109445940986
ELK4	-0.7610545363668125	-1.4470494281488606	0.6850958544479594	0.7401184574909898	1.7777691054613285
EOMES	-0.31666502302645566	0.3020245902730935	-0.13206072727525742	1.1542704031579736	-0.8496374575669046
EPAS1	-3.0866539506021025	-0.7659000707619712	1.8476792963638011	2.5929043460633427	1.2633234340227637
ERG	-0.7296937937303937	-0.8345298568891953	2.1290765800730926	-0.5888356627275895	0.6344072156506967
ESR1	-3.142350143276152	-0.4296767506881802	2.7195002770505896	0.3732570935750996	1.9126111171049223
ESR2	-0.49186517503824667	0.7059907776016079	1.1583945936009659	-1.0522719530985054	-0.5417736020748267
ESRRA	-2.537378707468073	-0.3665170720614063	0.7950960813054678	1.4576189775539286	1.9182064460291977
ETS1	-4.464200318675192	-1.7684057506416941	4.661670511132756	0.25750344980013196	3.8229794828291968
ETS2	-3.4592669321375897	-3.9843935657152896	2.6844293153942593	2.836659255988913	5.288754814873202
ETV1	0.7632719851444718	1.5764682756661206	-1.2636689544941568	-1.80734103986936	-0.5190248738394395
ETV4	-0.48281548845556754	-1.6019140976449184	1.5420094186084619	0.5596126045893095	0.969251957115636
ETV6	0.1917768096033678	0.676944725187417	-1.160743616411984	-0.5767712092314056	0.3727324233872539
FLI1	-4.716219215118311	-2.2002542511916983	3.319048911449767	2.5053135137579807	4.13549519580498
FOS	-4.299081659838426	-3.665428410820821	2.624544275651819	4.463379211142848	4.645559965399128
FOSL1	-2.8074360036825667	-1.8058896081732934	2.115402430411524	0.786078249204579	3.6222162673707547
FOSL2	-5.2549221994808635	-3.3418540551451814	4.737077512561072	1.890037833755759	5.641372731007083
FOXA1	2.4797609568060075	-0.4297012431222562	-3.227926394808971	0.090151558018649	0.26484663605988457
FOXA2	0.8925590096908101	0.4269383007347992	-0.34306097784888556	-1.6028498362454302	-0.11617431436069556
FOXJ2	1.0061893506458988	0.9018395576614113	-1.766293983628337	-0.2611029188865156	-0.723337387971361
FOXK1	-0.20322645001520262	-0.14313691957610394	0.291224638889969	0.1100472316917437	0.10476086843630394
FOXK2	1.4876356315057457	2.61160164167061	-2.0736174425710865	-2.312690393361066	-1.7491211953678658
FOXL2	-1.4275471532451336	-2.0255333642887927	1.3216455221157397	0.2082121219498611	3.3269869910644925
FOXM1	-0.7352035022139126	-0.643268896854988	-0.012107526168556131	1.366435098999885	0.7439761668209459
FOXO1	-0.46379169539733034	-3.336595770796884	1.524520137965634	2.0550278313222705	2.13675038904508
FOXO3	2.1891813613373006	0.5595777050850118	-1.339547823623455	-2.274710042356155	-0.5251650836518058
FOXO4	-1.082027765059781	-2.159235358416047	1.3279637010626828	1.5630628905355284	1.9070311157551254
FOXP1	1.1521032342604893	1.8880551618184718	-3.638215364551332	0.4692954962266887	-1.155477190832905
FOXP2	-0.6183063808380161	-0.5487066465722289	0.5126568064053885	-0.15878598654605472	1.2450614175897474
GABPA	1.500412977142095	0.8652946744654987	-1.7607930885438967	-0.22297362932702394	-1.3675904074398033
GATA1	1.4761273542535607	1.1818014471101725	-1.8742684075234057	-0.6384561032680093	-1.3231085710982695
GATA2	1.0205070966584635	-0.4563220949590826	-2.496389924467274	0.7975944068925007	0.9613458619504469
GATA3	0.41741569831456715	0.14447083472658848	-2.005349096807208	1.0557061770841618	0.24122571281244193
GATA4	-3.139901411497831	-0.920960535284789	2.844023452955218	0.28176833539101764	2.5594976177360818
GATA6	-0.8987855233891884	-0.1667236213603676	-0.2817609056271786	1.542231185744873	0.3986209222826486
GFI1B	-0.2999926032352013	0.376859062062851	0.37144721027281	-0.1576947702852859	-0.3468566658694421
GLI1	-2.045811119764954	-1.1546764184237037	1.4276484376176717	1.1095236765565963	2.0679296970564267
GLI2	-0.15223531230681386	1.093327850558293	-0.3151374572863684	0.4738295183085517	-1.4348427940620552
GRHL2	-1.8919429371259346	-0.8882004754105977	0.8513508083091731	1.731449955847617	1.5080160995097807
HBP1	1.943504182798871	-0.6002295315205252	-1.097542429114535	0.45147677940107095	-1.0917114393279288
HES1	-1.004902910765552	-1.6969215818830574	1.6143139411919631	0.6182867955980731	1.6807107211568602
HHEX	-0.24864625738437096	-3.7925925936245592	2.02782199132191	1.9968165983224837	2.0646985545803616
HIC1	-0.3974072231698997	-0.6299364769338632	0.15828572225022086	1.0925908332352625	0.3452636465953788
HIF1A	-5.374359746162326	-3.971540918262565	3.601424947500283	5.550226290603638	4.671825882895558
HINFP	-1.3928759880740555	0.4200808430779973	-0.025744115385700712	0.8563308593162892	0.5686553309957469
HMBOX1	1.7259319238708555	1.1107699919025475	-2.233693042273653	-0.33888786672149657	-1.469793634208225
HNF1B	-0.4185554912390612	1.3883484339391823	-0.438656807680884	-1.1364801499149952	-0.02236682231142826
HNF4A	-1.039740638029148	0.008571560662488976	0.33123036668407907	0.2642927084398575	0.8384034127479614
HNF4G	0.14412546932367323	1.5612396716023351	-0.6528637602265441	-1.0239817151954564	-0.9075877323251922
HOXA9	1.473969660160395	0.98574089605527	-0.7860403725432661	-0.5878123990854145	-2.112736267076125
HOXB13	0.8199200133945037	-1.7590991211056375	-0.5974429741710326	0.17862210804862427	1.7908728727865764
HSF1	-1.2706797720298255	0.7511039804968757	2.57614638032272	-2.312614110626525	0.15780558142332615
IKZF1	-0.49722089736118147	-0.8606975902467483	-0.03298140921251263	0.7416145740929737	1.2779899438216753
IRF1	-4.561695653414948	-6.725507851710173	2.187067015448975	5.513543638192171	8.831195667513692
IRF2	-1.3825029270219327	-1.7745418439707499	-0.21022361614049626	1.6417451490159487	3.1507715387923607
IRF3	-3.4566589401561587	-0.7481935719961977	4.185655897315246	-1.3652849701163725	2.862870819765747
IRF4	0.43413869891636553	-0.8504579219495534	-0.6300003868070264	0.9155117579529032	0.43894854668066374
IRF9	-4.605077813314558	-5.848123565994175	2.890176953059128	4.954105055317555	7.459538566068029
JUN	-5.795602778256344	-7.4968327574436335	6.558653632611278	5.59576039428596	7.358807855888527
JUNB	-3.1585699981867035	-0.9682608169463921	2.299911916317203	0.9993966880639151	2.55887527254985
JUND	-4.4030026238107425	-3.316172997385369	4.344651949212857	1.4732710190340632	5.191586957290396
KDM5B	-0.3404089987442121	-0.6183495521171737	0.44477865793882015	0.6180381097944931	0.3826390343525897
KLF1	-2.5119307511450986	-0.5659208445794996	2.5978256336511065	-0.10355908097231273	1.78082879642095
KLF13	-2.0792821408509887	-0.6427437766056332	2.7792152876450995	-0.00714931501873999	1.0606846730756867
KLF3	0.9517967454306243	-0.3597425161502416	-0.6953086121856469	0.562876562264209	-0.5813962989852675
KLF4	-3.2023900053931738	-3.0318827513874638	2.7007261447809485	3.1299598158054263	3.344953315591409
KLF5	-2.321876157201103	0.06125166470408982	2.706822542734362	-1.1070358986044468	1.3889719924294779
KLF6	-1.067731295217364	-1.040735133326525	1.540590854855681	0.6785613352631423	0.8615128169500422
KLF9	-2.70273448738879	-0.09701894887002879	3.4052040285367604	-0.9370985945724742	1.3179601176342752
KMT2A	0.26353815626448623	0.12353650642893547	-1.0063065734723147	1.8017877563133724	-1.093261940041685
KMT2B	-0.5500530924072777	0.5209824352179192	0.49018516168272447	-0.5230165406118272	-0.020506106484472493
LEF1	-2.9544950369197727	-2.6311940489671826	2.9707753427324306	1.9043797104917801	3.2294969137318135
LHX2	0.7502294937076381	1.1808070645986677	-1.0035368906658229	-0.8265546851302079	-1.0165976117320477
LYL1	-2.3028537293918734	-0.3439542093461411	2.4727512157989358	-0.44815534124960393	1.598529272421696
MAF	-0.8139900132526944	0.7065679623893989	0.2995592987779664	-0.6786670598256452	0.381010213921524
MAFB	0.5242450390455585	0.34325078272288234	-1.122956078561503	0.21161075452669767	-0.30073328965294965
MAFF	1.4530284459711507	2.071344421988766	-2.272448201909871	-1.561258576445512	-1.38970358670481
MAFG	-0.6554793925089338	-0.01872239878951432	0.6323476062311979	-0.6434792270458947	0.8454398332425332
MAFK	0.041949632173531495	0.11530366034689658	0.037577054747933276	-0.8036392250298213	0.4232853822942611
MAX	0.6403163437993313	0.1449563450162806	0.30235059538568837	-1.379815012377007	-0.1798633348832102
MAZ	-2.8600854070155126	-1.4347399447452203	5.313728450874366	-1.7441685951681718	2.2916298940548736
MBD1	-0.8267165550229584	0.8009903600109514	1.859173609225793	-1.8848955793341016	-0.18840921778655062
MBD2	-0.599209365843975	1.3684633511710167	1.3473342149806578	-2.165033711506489	-0.5706091385792356
MEF2A	0.38241967470509486	-2.3647930987865045	0.3420010094843686	0.9522875910288388	1.6876392736827353
MEF2B	0.49523003422962136	-0.325038656625083	0.025841434309681475	-0.5986502185111772	0.27645477690528686
MEF2C	0.7100804971560309	-0.5058050191441067	0.11045071721332382	-0.9880687879309955	0.4922516345834063
MEIS1	0.20811613171330057	0.18362532879727375	-0.13316641665552365	-0.674294888436081	0.15795076420765056
MEIS2	1.2591059590075235	1.0204516756492705	-1.1668263828148464	-1.3178319250063244	-0.9018523144379854
MITF	-0.8451664228882726	-0.1473974286565219	0.5978086153856982	-0.2140170380249952	0.9498440834475684
MNT	-0.9205909226184523	1.5147626973215162	2.0196205186868514	-2.8252581198543965	-0.425676230078575
MXI1	-1.5964346718519482	-0.02952539717511199	1.3315376724179637	0.3100365443361933	0.6525485470900749
MYB	-1.7061918330284112	-3.0575752929450397	3.5212066029273	-0.5705076804616308	3.7319764834578133
MYBL2	0.5324915051872557	-1.2040741495100855	-0.14189358458662021	0.45934131421355373	0.7287349480780921
MYC	-2.763541389973056	-2.486522190201109	2.0837114583596503	4.095107719049876	1.7640473785933646
MYCN	-0.7863254688322261	0.3672860833874181	1.678840280821363	-0.6322695691196407	-0.51756500714471
MYOD1	0.5216127310762608	1.2381703202204712	-0.7419852321313833	-0.004042256181019545	-1.7315494893496046
NANOG	-0.94220174216878	-2.2003943423954535	0.8977630740112779	1.6563974408428617	2.105322153732525
NCOA1	1.369822279281238	1.0685100300966148	-2.1638319904025876	-0.12919597918810405	-1.178457552503159
NCOA2	2.092398081535761	1.3545298052763621	-2.870670641657297	-0.9480297532116477	-1.1876123060055885
NCOA3	1.1405554991489375	1.2855946503828577	-2.0361508050725914	-0.3552166080612193	-1.1079071787365242
NEUROD1	-2.2777241676453923	0.5912617255096664	3.192668716324922	-1.4723468302088596	0.43593533446342286
NFATC1	-1.118846369011932	-1.1483836420237536	0.3329630880172507	0.9919964243504025	1.9546844845143556
NFE2	-1.499716257052014	-0.46866482783517194	1.3773033825754297	-0.2245050942160065	1.5475250567225127
NFE2L1	-0.47559725488022114	-0.12304999041419422	0.20365238560879317	0.3749424769292143	0.29886066533240846
NFE2L2	-2.3586437318559055	-2.909503619161248	3.4383593455568575	1.5942520448906918	2.647412024698308
NFIC	-3.7849624328600564	-2.758133533539061	4.203045747714254	1.2892128435251125	3.8719089870896775
NFKB1	-5.346834811560875	-5.507093319756414	5.15205325187815	4.382273106681737	6.314973754988223
NFKB2	-0.9839457669043543	-0.28532301051673753	-0.6609388548631742	0.6839920818301618	1.7583890488339236
NFYA	-1.4734600740781256	-1.0082221212285698	1.277057755636458	0.26636430477305495	1.9516507678676869
NFYB	-0.12358704271699973	-0.3958882105649476	0.46187299701945617	-0.26536422057589476	0.5089428275277854
NR1H2	-2.4836535691262225	-1.4260555010864788	3.197274227295619	0.7409899330176504	1.6759500231426259
NR1H3	-3.7205292245752095	-3.113513378070391	4.862785942950477	0.9456181762201027	3.9541292779154475
NR2C2	0.5458885389333185	0.033304311798644494	-0.3608307224794984	0.23975704818183796	-0.6358494953464482
NR2F1	-0.7674116830748375	2.3998179514592466	1.689719146320183	-3.6277041245048944	-0.8868568434473012
NR2F2	-2.587542236125266	0.49083458236329064	2.019264204736114	-0.8670668213923867	1.5846340932455483
NR2F6	0.36634517284694906	2.00271527371356	-1.1079361625044284	-1.6902910033715939	-0.8339679173895049
NR3C1	0.7408293371831969	1.910697132003992	-0.42892761672080787	-2.809908035839198	-0.9012330700578465
NR4A1	-1.8547627332748209	-1.1389976164086273	0.4442248425467763	2.8935893669458155	1.2164405504034652
NR5A2	-1.734032904874196	-0.7605994873158495	0.7507153417301039	1.5129586189845112	1.3971922430404438
NRF1	-0.332137668454555	1.172045315611468	0.8366672115799422	-1.908692253266223	-0.3852221691524036
ONECUT1	2.0555946466161754	0.5081903669893042	-2.3948307448569617	0.05572281314442487	-1.242925473964215
OTX2	-0.3251996159852831	-1.4870925454376969	-0.0747486462894204	0.47409257035281205	2.1933428354769435
PAX5	-1.5335282071590302	-0.9694640731889271	2.168733117298	0.4819298428216696	0.9557993223064236
PAX6	-4.155819856340051	-4.393096944776014	4.361427524119924	4.677139387399922	3.659900448390777
PAX8	-0.5355960709232356	0.4027952741079558	0.47304580214820624	0.3727484262203805	-0.6117043169310077
PBX2	0.9351596243336321	1.0285993553628956	-1.2562093461693484	-1.0743705551122427	-0.6025489761898315
PBX3	0.22955938260180628	1.1327742236740002	-0.6740147305507095	-0.8959270149901579	-0.5075731629703603
PDX1	0.9940938415229099	-0.37783175598418384	-0.4115041790062773	0.25489087983654496	-0.6204089497875573
PGR	1.2927679372249223	2.400880905837137	-2.5560666461337824	-0.5287947551624272	-2.241197125170471
PKNOX1	-1.4521106868160796	-0.46681314907537896	0.9285568098538752	0.8045557765751269	1.037834195183943
POU2F1	-2.5706058029305034	-2.669395028618286	2.329517276387673	3.2788058624002496	2.2188147783004335
POU2F2	-0.5726313424689352	-1.6134943520423168	0.9245818424956121	0.9781773828706846	1.3344079888234692
POU4F2	2.1336989250284484	0.7111073513933305	-2.254716698996547	-0.3339960623058911	-1.4357786899472749
POU5F1	2.2724534296764927	2.679875345182237	-2.408846937304657	-3.168436432970041	-1.854577129673021
PPARA	-1.3760248290084152	-3.6462973192352357	2.812338301556609	1.2463296066138105	3.255123350813511
PPARG	1.7047401623729723	1.267413497388568	-2.1821975603032278	-1.6177195352324654	-0.6335043373050592
PRDM1	1.306525621932491	0.3716816877871434	-2.3562708138100232	-0.8698969874523093	0.6892482461256219
PRDM14	-0.4154642795465389	0.6652047735260423	1.7415298632061802	-1.9510552482742272	-0.37904114537145683
PROX1	-2.133038585063865	-2.4665570393290053	2.21158329571788	1.1430339368360325	3.260432250430958
RARA	-4.998309053547785	-1.9565934409360266	4.29137168197194	2.151777661909375	3.5502044541713595
RARB	-1.5146948473198265	-1.5104807524639718	1.0283531492396945	0.6234710867535488	2.645912036158827
RARG	2.2684977060064853	0.8500655104485748	0.20529705533699527	-4.975632347946844	-0.22370617398514672
RBPJ	1.028395849189829	0.06814933667338763	-1.9455691572379443	1.455907138958868	-0.8585433214330438
REL	-6.1871074954638905	-5.604539930781666	5.154295201836482	5.156743967265085	6.9170230083024276
RELA	-2.6214305674001004	-1.6733877330047802	1.6339791929897798	1.2123411605671566	3.2827074957620863
RELB	-2.2062994173449932	-1.7589068268284773	1.3045104729158976	0.473887794896434	3.7827434552764165
REST	2.4875369066359	2.5519595993064086	-2.205494433310407	-1.8180072993854388	-3.289929254793595
RFX1	1.4747420424482236	2.2162357202322216	-0.9103265796545473	-2.563177500878143	-2.0619961030400815
RFX2	0.7220218886864349	0.8292920920130733	-0.32053619952995416	-1.1066306736303522	-0.8929940611755283
RFX5	-3.297708912243432	-2.216154489003524	2.3154535149394975	1.4762017877548932	4.082097447433504
RUNX1	0.7471865119936875	1.3275024105558169	-1.180061506853377	-1.0712996642024273	-0.8462442430906107
RUNX2	-1.4112855778754887	-3.4955725916706144	1.950532066944356	3.4093402399391217	2.081387414421877
RUNX3	0.5965249571483426	-0.4847425919089843	-0.7868976095720714	0.218341856901189	0.44368980898009824
RXRA	-1.8841083082271748	0.21655537648215717	1.5179371348492983	0.32482493216817215	0.501986446602502
SATB1	1.12192440188666	0.38642796060714946	-0.4043420267095373	-2.159428934540571	0.16131211219954206
SIX2	-0.6696356168632305	-1.0404706541458741	0.8745628316504444	0.9362364397810374	0.7413104974721041
SIX5	-0.5049019980315806	1.2843627646976765	2.442948858361495	-2.9275124618533646	-0.9684381886150742
SMAD1	-3.6812175750499687	-3.2627085270040106	3.5798827444816106	5.492621754340509	1.492485992295201
SMAD3	-3.6164302145909852	-5.124278876949367	5.226884491279256	2.173015199454271	5.262494887395036
SMAD4	-4.129041613454163	-3.0034815070153353	3.4571749757637447	4.535111169812722	2.6441173778031613
SMAD5	-0.610061268036109	-1.210361786301529	0.19831464362548004	2.7529437636442804	0.008828612285482372
SNAI2	0.6990478577251048	1.6074903308828428	0.23145635242520746	-2.796778204872159	-1.0530352951072706
SNAPC4	-1.1725382807678513	0.5993338882062635	2.1070848596835052	-1.4345312191212547	-0.0570450467357538
SOX10	3.2251798700254826	3.116340163000275	-3.3903174523821042	-3.5075394481603714	-2.5265692859448055
SOX11	1.256762785364569	1.6401497535476761	-1.1192989035006689	-1.8346099808788552	-1.3788463599912024
SOX13	0.3755868892360622	0.4044087102922489	0.3973915135261784	-1.628299023461135	-0.07204114171986815
SOX2	2.535732649580324	1.5346463378136799	-3.789220209588072	-0.7111742154239449	-1.3658916249718736
SOX6	1.534314735788875	1.2342214314571731	-2.114151556861174	-1.882957252284969	-0.20079706616586926
SOX9	-1.5793055669255147	2.1874296013814303	-0.303147765075534	-0.5702467377631328	-0.20256026022128593
SP1	-5.370606993448218	-5.120738213106706	6.066915076731277	2.3276124902876045	6.675886314151625
SP2	-0.5091992076581016	0.6681134035471256	0.48577007421566365	-1.1985128923902189	0.2911968398647866
SP3	-1.957969683726952	-1.526243656752983	2.371828971361264	0.06536860457540734	2.4628196373546976
SP4	-0.8431326654657327	0.21352024118804888	0.7944333761534346	-0.014296251863012234	0.08684815383206392
SPI1	0.09127522519667139	-1.755966580305107	-1.3695882858992348	1.2851542123174573	2.553316068173116
SPIB	1.3566473940472674	-0.8729625532200493	-0.298352298265836	-0.2727490498415317	-0.07030103361803475
SREBF1	-0.6862677781281729	1.1388861934080716	-1.003268734217698	-1.3044269371447978	1.3578397231379309
SREBF2	-0.5697519217621706	1.0753588598324593	-0.4431256913373972	-2.67885662837923	1.9208752218263125
SRF	-5.5885489543714675	-7.789382436799012	6.4256804031244315	4.699948327508161	8.375757093355793
STAT1	-3.73935631578868	-6.009991483341812	1.98316483989954	5.635955216566399	6.813059967769565
STAT2	-9.576078753851375	-11.9922265190059	5.426589743510844	10.491474928380011	15.705660971485988
STAT3	-3.936349601282915	-4.622518540135923	4.418868581147732	4.15276575973458	4.076752892548351
STAT4	-3.1053846911592853	-2.911380511502639	2.7934971011952405	2.8714901453552018	3.1766486428205982
STAT5A	0.0092034751548666	0.44179409439246614	0.5245614797780692	-0.5531686995156758	-0.6612531151292297
STAT5B	-0.9595840425958989	0.278728339624372	0.22244835055039217	0.7832560309129313	0.017801496250764246
STAT6	-0.6166077796066326	-0.4700651133062337	0.8166225702403828	0.05392871805732728	0.6668891768015708
TAL1	0.24463816286855372	0.023385423498552164	-0.5573146677137911	-0.5267723755916157	0.6097413453702306
TBP	-2.7147118731128335	-2.893196831808924	2.508939267874173	2.6649850102772144	3.072659819051856
TBX21	-1.555794113021969	-1.4926311987267193	0.934767829082401	1.043669799122053	2.4098602897586843
TCF12	1.2310441843973141	0.8376450547586687	-1.2000122376556284	-0.9774743897011092	-0.8629688364269728
TCF3	-2.022356914219403	0.2017131717512828	3.516574602964356	-1.962984154870252	0.7512127948795088
TCF4	-0.8137777542386603	-0.6242099150132333	-0.16019262343975577	0.4419197685837916	1.7397485819045926
TCF7	0.36526191032833333	-0.6805235428876677	0.6333730736347417	-1.0325161744837006	0.7417566900049549
TCF7L2	-0.08169000179063396	-1.4388475613550609	0.8007127343139727	0.39721066923409654	1.0409044885045018
TEAD1	-0.33506115688132243	-1.3194313946046659	0.05535245758567921	0.8861644172910833	1.5013524087299563
TEAD2	-0.005130475210408715	-0.03184289771083539	0.47274139892151384	-1.1780023458287832	0.5978464679217248
TEAD4	-0.006737980546304047	2.0470983159224367	-1.0531669675498696	-1.6133576701458126	-0.5156266230121068
TFAP2A	-2.503412433357118	-2.9917220743756645	4.004549473706167	0.5741697544709742	3.282165721759582
TFAP2C	-1.6151855107121629	1.3298761574135352	2.1299541559970674	-2.1553787592000675	0.09159349539302317
TFAP4	0.7865443656483415	0.7723804086804412	0.03816075092114077	-2.3401369468980207	-0.1988518357968184
TFDP1	0.6964602759504696	-0.29665867997604284	0.4182787223462289	0.2868658863066311	-1.1466273581124709
TGIF2	-1.7566324898532963	-0.23492996953526304	0.6517489973980539	1.1980817131033594	1.047187069772764
THAP1	-0.41393371251864386	1.9225485474880146	2.6060985968601367	-4.0243037537214645	-1.2172446100064178
THAP11	-0.27023015052615357	-0.5890142163474243	0.4589776387428305	1.268024092196332	-0.31253711007291607
TP53	-0.07608626497614801	1.7558693948063884	0.22177801740249564	-1.269317119888581	-1.5050623608068037
TP63	2.5409809342082665	2.3443359905891925	-2.6172436450532035	-0.8555407860733397	-3.492339370766452
TP73	3.0625894017838924	3.809726519971265	-3.603106387601309	-1.8756662401897217	-4.4578924980260215
TWIST1	0.39488105090131254	0.3840339054950975	0.36240632333657086	-0.8162316070177108	-0.719681276100947
USF1	-2.6272690051623924	-1.7763988694604929	2.0826881797796886	1.689053758354438	2.610710649762882
USF2	-0.9894106536422967	-0.5423548140895174	0.7463648598673197	-0.10611528659297419	1.465990130121849
VDR	-2.349249871036012	0.16927406086573576	0.6878180687300154	0.7867259091444545	1.5808877053424775
WT1	3.202405946412216	2.03258044291854	-1.5243540719487638	-2.97568807537281	-3.1796269037781313
XBP1	0.9442391352905992	0.43031819450902936	-0.899500028228362	-0.09347092707562758	-0.9361237885538211
YY1	0.5246200219546345	-0.014487869326333775	-0.09228242503117397	-0.2723573230666482	-0.36226039228677503
ZBED1	0.10735791058508071	0.22060965327747445	0.3054320099025274	-0.05738797729327802	-0.6922816489546978
ZBTB11	1.882308001582966	0.8789202259645396	-2.5179180286168146	-0.00821025305165933	-1.3631866529167003
ZBTB33	1.155805853439821	0.5905109803198748	-2.139236754625596	0.9335125134079583	-1.139866347361337
ZBTB7A	-0.4901774329221811	2.4852501807723044	2.9052478028516906	-4.8681790674156	-1.4783647910947135
ZC3H8	-0.11772282587759994	0.6451681695207022	-0.32810663825297864	0.33461109686526064	-0.7219207430705026
ZEB1	-3.4479512043314067	-2.2207133308749643	3.8913675566943873	1.343658348372139	2.915381683972565
ZEB2	0.37275484732520764	0.05129806571837103	-1.53060191751541	0.8133169156545632	0.18853159315774898
ZFX	0.6673549743314812	0.995737555501546	-1.0586652003856045	0.04616505762125657	-1.3290922115331576
ZHX1	2.0865318878268098	-0.7483536389640976	-1.7373547580374074	0.12267870547209515	-0.1946919832502617
ZHX2	-0.5448339103000617	-0.048244643493693624	0.20023606104719666	0.6434923937507708	0.06317375045036777
ZKSCAN1	-0.5383780415523777	1.689263412037746	0.69781965509484	-1.8493270644881559	-0.7559495572909395
ZNF143	-0.6305279657166798	0.9128598085347395	0.42854452132384374	-0.3303859888115533	-0.5677710488592379
ZNF197	1.0744393111434563	0.6449522739769177	-1.4860190340706407	-0.16177991540385706	-0.8010333836636621
ZNF217	0.26511864735105944	0.8118479946691823	-0.927381461634303	-0.44030917893962696	-0.24910748981305839
ZNF24	0.06800736803678378	0.5504334744565764	0.8463289081083867	-1.249881932553346	-0.6088085462178618
ZNF263	-1.1665121572425268	3.3145392921531873	3.26238179717316	-5.553337577108454	-1.5022043547146209
ZNF274	0.38304468799807206	1.0005703405349546	-1.0851862989172494	-0.16837150118430347	-0.7515207074780061
ZNF384	0.16312301997540565	0.23621075045408768	-0.41425554763023087	0.2952455512494408	-0.40735074581627967
ZNF584	0.5828776197779574	0.738279230085967	-0.28660992692653364	-0.5214146962742777	-1.1044286949297533
ZNF592	-0.3182830532192587	1.1729413963445345	0.6497394566607212	-1.4218876254354915	-0.6385368323988019
ZNF639	1.988712982966382	0.7573587812866538	-2.7542269261860617	0.5640379349443336	-1.5934858055422363
ZNF644	0.6481797624545077	-2.0025017284648885	-0.6042681214187393	1.2266763484518846	1.4854723140504866
ZNF740	-1.161230628653533	2.648440495030279	0.20586030713677606	-1.6632728781277204	-0.9659523706916994
