node	type	approved_symbol	expressed	in_degree	out_degree
A2M	gene	A2M	True	1	1
AAK1	gene	AAK1	True	1	3
AATF	gene	AATF	True	3	0
ABCA1	gene	ABCA1	True	3	0
ABCB1	gene	ABCB1	True	1	0
ABCC1	gene	ABCC1	True	1	0
ABCG2	gene	ABCG2	True	1	0
ABI1	gene	ABI1	True	4	1
ABL1	gene	ABL1	True	16	82
ABL2	gene	ABL2	True	2	8
ABRAXAS1	gene	ABRAXAS1	True	1	1
ACACA	gene	ACACA	True	5	0
ACACB	gene	ACACB	True	1	0
ACADVL	gene	ACADVL	True	1	0
ACAT1	gene	ACAT1	True	1	0
ACD	gene	ACD	True	1	1
ACIN1	gene	ACIN1	True	2	0
ACLY	gene	ACLY	True	5	0
ACO1	gene	ACO1	True	1	0
ACP1	gene	ACP1	True	1	7
ACSS2	gene	ACSS2	True	1	0
ACTB	gene	ACTB	True	1	0
ACTN1	gene	ACTN1	True	2	0
ACTR2	gene	ACTR2	True	2	0
ACTR8	gene	ACTR8	True	1	0
ACVR1	gene	ACVR1	True	4	2
ACVR1B	gene	ACVR1B	True	2	3
ACVR2A	gene	ACVR2A	True	1	2
ACVR2B	gene	ACVR2B	True	2	1
ADA	gene	ADA	True	0	1
ADAM10	gene	ADAM10	True	1	2
ADAM12	gene	ADAM12	True	0	1
ADAM17	gene	ADAM17	True	2	4
ADARB1	gene	ADARB1	True	1	0
ADCK5	gene	ADCK5	True	0	1
ADCY1	gene	ADCY1	True	5	0
ADCY3	gene	ADCY3	True	1	0
ADCY5	gene	ADCY5	True	4	0
ADCY6	gene	ADCY6	True	3	0
ADCY7	gene	ADCY7	True	1	0
ADCY9	gene	ADCY9	True	1	0
ADD1	gene	ADD1	True	3	0
ADD2	gene	ADD2	True	2	0
ADD3	gene	ADD3	True	1	0
ADGRE5	gene	ADGRE5	True	1	0
ADGRG1	gene	ADGRG1	True	1	1
ADIPOR1	gene	ADIPOR1	True	1	1
ADIPOR2	gene	ADIPOR2	True	0	1
ADORA1	gene	ADORA1	True	1	3
ADORA2B	gene	ADORA2B	True	0	1
AEBP1	gene	AEBP1	True	1	0
AFDN	gene	AFDN	True	0	1
AGAP2	gene	AGAP2	True	3	0
AGER	gene	AGER	True	2	0
AGO2	gene	AGO2	True	5	0
AGRN	gene	AGRN	True	0	1
AHCYL1	gene	AHCYL1	True	1	0
AHSA1	gene	AHSA1	True	1	3
AIFM1	gene	AIFM1	True	3	0
AIMP1	gene	AIMP1	True	1	0
AKAP11	gene	AKAP11	True	1	0
AKAP12	gene	AKAP12	True	3	1
AKAP13	gene	AKAP13	True	1	1
AKAP5	gene	AKAP5	True	0	1
AKAP8L	gene	AKAP8L	True	0	1
AKAP9	gene	AKAP9	True	0	1
AKT1	gene	AKT1	True	27	128
AKT1S1	gene	AKT1S1	True	4	0
AKT2	gene	AKT2	True	7	40
AKT3	gene	AKT3	True	6	16
ALDH2	gene	ALDH2	True	2	0
ALK	gene	ALK	True	2	7
ALYREF	gene	ALYREF	True	1	0
AMBRA1	gene	AMBRA1	True	6	1
AMER1	gene	AMER1	True	0	3
AMFR	gene	AMFR	True	2	1
AMOT	gene	AMOT	True	2	2
AMOTL2	gene	AMOTL2	True	3	0
AMPH	gene	AMPH	True	6	0
ANAPC1	gene	ANAPC1	True	2	0
ANAPC2	gene	ANAPC2	True	0	1
ANAPC7	gene	ANAPC7	True	1	0
ANGPT1	gene	ANGPT1	True	0	1
ANK1	gene	ANK1	True	2	0
ANK2	gene	ANK2	True	2	0
ANKRD28	gene	ANKRD28	True	2	0
ANKRD6	gene	ANKRD6	True	0	1
ANP32B	gene	ANP32B	True	1	0
ANXA1	gene	ANXA1	True	5	0
ANXA2	gene	ANXA2	True	2	0
AP1M1	gene	AP1M1	True	1	0
AP2B1	gene	AP2B1	True	1	0
AP2M1	gene	AP2M1	True	1	1
AP3B1	gene	AP3B1	True	0	1
APAF1	gene	APAF1	True	3	1
APBA1	gene	APBA1	True	0	3
APBA2	gene	APBA2	True	0	2
APBB1	gene	APBB1	True	4	0
APC	gene	APC	True	7	1
APC2	gene	APC2	True	0	2
APEX1	gene	APEX1	True	3	0
APH1A	gene	APH1A	True	1	3
APH1B	gene	APH1B	True	0	3
APIP	gene	APIP	True	0	1
APLF	gene	APLF	True	1	0
APLNR	gene	APLNR	True	0	1
APLP2	gene	APLP2	True	2	0
APOE	gene	APOE	True	0	3
APP	gene	APP	True	13	1
APPL1	gene	APPL1	True	2	0
APTX	gene	APTX	True	1	0
AR	gene	AR	True	27	2
ARAF	gene	ARAF	True	4	3
AREL1	gene	AREL1	True	0	1
ARF1	gene	ARF1	True	2	0
ARF5	gene	ARF5	True	1	0
ARF6	gene	ARF6	True	2	0
ARFGAP1	gene	ARFGAP1	True	0	1
ARFGEF1	gene	ARFGEF1	True	1	0
ARFIP1	gene	ARFIP1	True	1	0
ARHGAP1	gene	ARHGAP1	True	0	2
ARHGAP17	gene	ARHGAP17	True	2	0
ARHGAP18	gene	ARHGAP18	True	1	0
ARHGAP21	gene	ARHGAP21	True	0	1
ARHGAP26	gene	ARHGAP26	True	0	1
ARHGAP32	gene	ARHGAP32	True	2	0
ARHGAP33	gene	ARHGAP33	True	1	1
ARHGAP35	gene	ARHGAP35	True	3	2
ARHGAP44	gene	ARHGAP44	True	0	1
ARHGAP5	gene	ARHGAP5	True	1	1
ARHGDIA	gene	ARHGDIA	True	4	1
ARHGEF1	gene	ARHGEF1	True	3	1
ARHGEF11	gene	ARHGEF11	True	2	1
ARHGEF12	gene	ARHGEF12	True	2	1
ARHGEF17	gene	ARHGEF17	True	1	0
ARHGEF19	gene	ARHGEF19	True	0	1
ARHGEF2	gene	ARHGEF2	True	10	1
ARHGEF25	gene	ARHGEF25	True	0	1
ARHGEF3	gene	ARHGEF3	True	0	1
ARHGEF6	gene	ARHGEF6	True	2	1
ARHGEF7	gene	ARHGEF7	True	1	0
ARHGEF9	gene	ARHGEF9	True	1	0
ARID3A	gene	ARID3A	True	1	0
ARID4A	gene	ARID4A	True	1	0
ARIH1	gene	ARIH1	True	2	1
ARIH2	gene	ARIH2	True	1	0
ARNT	gene	ARNT	True	1	1
ARPC5	gene	ARPC5	True	1	0
ARPP19	gene	ARPP19	True	1	0
ARRB1	gene	ARRB1	True	5	1
ARRB2	gene	ARRB2	True	5	3
ARVCF	gene	ARVCF	True	1	2
ASAP1	gene	ASAP1	True	1	0
ASAP2	gene	ASAP2	True	1	3
ASAP3	gene	ASAP3	True	2	0
ASB2	gene	ASB2	True	1	1
ASB3	gene	ASB3	True	0	1
ASB8	gene	ASB8	True	1	0
ASF1A	gene	ASF1A	True	2	0
ASIC1	gene	ASIC1	True	1	0
ATAD5	gene	ATAD5	True	1	0
ATAT1	gene	ATAT1	True	1	0
ATCAY	gene	ATCAY	True	1	0
ATF1	gene	ATF1	True	7	0
ATF2	gene	ATF2	True	14	0
ATF4	gene	ATF4	True	2	0
ATF6	gene	ATF6	True	2	0
ATF7	gene	ATF7	True	2	0
ATG10	gene	ATG10	True	0	1
ATG101	gene	ATG101	True	0	1
ATG12	gene	ATG12	True	2	0
ATG13	gene	ATG13	True	4	1
ATG14	gene	ATG14	True	1	1
ATG16L1	gene	ATG16L1	True	4	1
ATG2A	gene	ATG2A	True	1	0
ATG2B	gene	ATG2B	True	1	0
ATG3	gene	ATG3	True	1	1
ATG4B	gene	ATG4B	True	4	3
ATG5	gene	ATG5	True	2	0
ATG7	gene	ATG7	True	0	4
ATG9A	gene	ATG9A	True	2	0
ATIC	gene	ATIC	True	1	0
ATM	gene	ATM	True	8	113
ATN1	gene	ATN1	True	3	0
ATP1A1	gene	ATP1A1	True	2	0
ATP2A2	gene	ATP2A2	True	1	0
ATP2B1	gene	ATP2B1	True	1	0
ATP2B4	gene	ATP2B4	True	1	0
ATP7A	gene	ATP7A	True	1	0
ATP7B	gene	ATP7B	True	1	0
ATR	gene	ATR	True	2	39
ATRIP	gene	ATRIP	True	3	0
ATXN1	gene	ATXN1	True	2	0
ATXN10	gene	ATXN10	True	1	0
ATXN3	gene	ATXN3	True	3	0
AURKA	gene	AURKA	True	9	48
AURKAIP1	gene	AURKAIP1	True	1	0
AURKB	gene	AURKB	True	5	40
AVEN	gene	AVEN	True	1	0
AXIN1	gene	AXIN1	True	17	5
AXIN2	gene	AXIN2	True	4	2
AXL	gene	AXL	True	2	1
BACE1	gene	BACE1	True	1	1
BACH1	gene	BACH1	True	1	1
BAD	gene	BAD	True	27	3
BAG1	gene	BAG1	True	0	4
BAG2	gene	BAG2	True	1	0
BAG3	gene	BAG3	True	1	1
BAG4	gene	BAG4	True	0	1
BAG5	gene	BAG5	True	0	1
BAG6	gene	BAG6	True	1	0
BAIAP2	gene	BAIAP2	True	5	3
BAIAP2L1	gene	BAIAP2L1	True	1	0
BAK1	gene	BAK1	True	8	4
BANF1	gene	BANF1	True	4	0
BARD1	gene	BARD1	True	0	1
BAX	gene	BAX	True	11	4
BAZ1B	gene	BAZ1B	True	3	1
BBC3	gene	BBC3	True	1	6
BCAR1	gene	BCAR1	True	8	2
BCKDK	gene	BCKDK	True	1	0
BCL10	gene	BCL10	True	2	1
BCL2	gene	BCL2	True	16	3
BCL2L1	gene	BCL2L1	True	10	5
BCL2L11	gene	BCL2L11	True	9	5
BCL2L12	gene	BCL2L12	True	1	0
BCL2L2	gene	BCL2L2	True	3	2
BCL3	gene	BCL3	True	2	4
BCL6	gene	BCL6	True	5	0
BCL9	gene	BCL9	True	0	2
BCOR	gene	BCOR	True	0	4
BCR	gene	BCR	True	2	1
BECN1	gene	BECN1	True	17	1
BEX4	gene	BEX4	True	1	0
BHLHE41	gene	BHLHE41	True	1	0
BICD1	gene	BICD1	True	1	0
BID	gene	BID	True	9	3
BIRC2	gene	BIRC2	True	2	5
BIRC5	gene	BIRC5	True	6	3
BLM	gene	BLM	True	5	0
BLVRA	gene	BLVRA	True	2	0
BMAL1	gene	BMAL1	True	1	0
BMF	gene	BMF	True	2	0
BMI1	gene	BMI1	True	5	1
BMP1	gene	BMP1	True	0	3
BMP2	gene	BMP2	True	0	2
BMP4	gene	BMP4	True	0	2
BMP7	gene	BMP7	True	0	5
BMPR1A	gene	BMPR1A	True	6	3
BMPR1B	gene	BMPR1B	True	2	4
BMPR2	gene	BMPR2	True	5	3
BNIP2	gene	BNIP2	True	0	1
BNIP3	gene	BNIP3	True	0	1
BORA	gene	BORA	True	2	1
BRAF	gene	BRAF	True	13	6
BRAP	gene	BRAP	True	2	3
BRCA1	gene	BRCA1	True	16	5
BRCA2	gene	BRCA2	True	4	2
BRD4	gene	BRD4	True	1	2
BRD7	gene	BRD7	True	1	0
BRIP1	gene	BRIP1	True	1	2
BRMS1	gene	BRMS1	True	1	0
BRSK1	gene	BRSK1	True	1	3
BRSK2	gene	BRSK2	True	1	1
BSG	gene	BSG	True	2	0
BTAF1	gene	BTAF1	True	0	1
BTRC	gene	BTRC	True	3	12
BUB1	gene	BUB1	True	5	3
BUB1B	gene	BUB1B	True	3	1
BUB3	gene	BUB3	True	2	0
C1R	gene	C1R	True	1	0
C2CD5	gene	C2CD5	True	1	0
C4A	gene	C4A	True	1	0
CABLES1	gene	CABLES1	True	0	1
CACNA1B	gene	CACNA1B	True	1	0
CACNB2	gene	CACNB2	True	2	0
CAD	gene	CAD	True	5	0
CALD1	gene	CALD1	True	6	0
CALM1	gene	CALM1	True	4	5
CALM2	gene	CALM2	True	3	3
CALM3	gene	CALM3	True	3	8
CAMK1	gene	CAMK1	True	3	6
CAMK1D	gene	CAMK1D	True	1	0
CAMK2A	gene	CAMK2A	True	1	35
CAMK2D	gene	CAMK2D	True	0	6
CAMK2G	gene	CAMK2G	True	0	8
CAMK4	gene	CAMK4	True	3	9
CAMKK1	gene	CAMKK1	True	3	5
CAMKK2	gene	CAMKK2	True	7	4
CAND2	gene	CAND2	True	1	0
CAP1	gene	CAP1	True	1	0
CAPN1	gene	CAPN1	True	0	4
CAPN2	gene	CAPN2	True	3	4
CAPRIN1	gene	CAPRIN1	True	0	1
CAPRIN2	gene	CAPRIN2	True	0	1
CAPZA1	gene	CAPZA1	True	1	0
CARD8	gene	CARD8	True	0	1
CARM1	gene	CARM1	True	1	1
CASC3	gene	CASC3	True	1	0
CASK	gene	CASK	True	1	0
CASKIN1	gene	CASKIN1	True	1	0
CASP2	gene	CASP2	True	6	0
CASP3	gene	CASP3	True	6	22
CASP6	gene	CASP6	True	2	4
CASP7	gene	CASP7	True	2	3
CASP9	gene	CASP9	True	20	1
CAT	gene	CAT	True	3	0
CAV1	gene	CAV1	True	3	1
CAV2	gene	CAV2	True	2	0
CBL	gene	CBL	True	10	10
CBLB	gene	CBLB	True	2	6
CBX1	gene	CBX1	True	2	0
CBX3	gene	CBX3	True	1	0
CBX4	gene	CBX4	True	3	0
CBX5	gene	CBX5	True	2	1
CBY1	gene	CBY1	True	1	1
CC2D1A	gene	CC2D1A	True	1	0
CCAR2	gene	CCAR2	True	4	1
CCDC50	gene	CCDC50	True	1	0
CCDC6	gene	CCDC6	True	4	0
CCKBR	gene	CCKBR	True	0	1
CCM2	gene	CCM2	True	1	0
CCN2	gene	CCN2	True	0	1
CCNA2	gene	CCNA2	True	1	0
CCNB1	gene	CCNB1	True	3	0
CCND1	gene	CCND1	True	9	1
CCND2	gene	CCND2	True	1	0
CCND3	gene	CCND3	True	2	0
CCNE1	gene	CCNE1	True	5	0
CCNF	gene	CCNF	True	1	1
CCNH	gene	CCNH	True	1	0
CCNL2	gene	CCNL2	True	1	0
CCNT1	gene	CCNT1	True	1	0
CCNY	gene	CCNY	True	2	0
CCP110	gene	CCP110	True	2	4
CCT2	gene	CCT2	True	1	0
CD274	gene	CD274	True	5	0
CD44	gene	CD44	True	3	0
CD47	gene	CD47	True	1	0
CD55	gene	CD55	True	0	1
CD74	gene	CD74	True	0	1
CDC14A	gene	CDC14A	True	1	6
CDC14B	gene	CDC14B	True	0	5
CDC16	gene	CDC16	True	1	0
CDC20	gene	CDC20	True	6	2
CDC23	gene	CDC23	True	1	0
CDC25A	gene	CDC25A	True	11	5
CDC25B	gene	CDC25B	True	9	1
CDC25C	gene	CDC25C	True	17	0
CDC26	gene	CDC26	True	2	0
CDC27	gene	CDC27	True	2	0
CDC34	gene	CDC34	True	3	0
CDC37	gene	CDC37	True	3	0
CDC42	gene	CDC42	True	15	5
CDC42BPA	gene	CDC42BPA	True	1	4
CDC42BPB	gene	CDC42BPB	True	0	1
CDC42EP4	gene	CDC42EP4	True	1	0
CDC5L	gene	CDC5L	True	2	1
CDC6	gene	CDC6	True	2	0
CDC7	gene	CDC7	True	1	7
CDC73	gene	CDC73	True	0	1
CDCA2	gene	CDCA2	True	1	1
CDCA5	gene	CDCA5	True	2	1
CDCA7	gene	CDCA7	True	1	0
CDCA8	gene	CDCA8	True	2	0
CDH10	gene	CDH10	True	0	1
CDH11	gene	CDH11	True	0	1
CDH2	gene	CDH2	True	4	2
CDH24	gene	CDH24	True	0	1
CDH3	gene	CDH3	True	1	1
CDH7	gene	CDH7	True	0	1
CDH8	gene	CDH8	True	0	1
CDH9	gene	CDH9	True	0	1
CDK1	gene	CDK1	True	7	181
CDK10	gene	CDK10	True	0	1
CDK11A	gene	CDK11A	True	0	2
CDK11B	gene	CDK11B	True	3	1
CDK12	gene	CDK12	True	0	2
CDK13	gene	CDK13	True	0	1
CDK14	gene	CDK14	True	0	3
CDK16	gene	CDK16	True	2	4
CDK2	gene	CDK2	True	14	82
CDK20	gene	CDK20	True	0	2
CDK2AP1	gene	CDK2AP1	True	0	1
CDK4	gene	CDK4	True	7	15
CDK5	gene	CDK5	True	6	77
CDK5R1	gene	CDK5R1	True	6	0
CDK5RAP2	gene	CDK5RAP2	True	2	2
CDK6	gene	CDK6	True	3	6
CDK7	gene	CDK7	True	0	17
CDK8	gene	CDK8	True	1	9
CDK9	gene	CDK9	True	4	10
CDKL5	gene	CDKL5	True	0	2
CDKN1A	gene	CDKN1A	True	21	3
CDKN1B	gene	CDKN1B	True	31	0
CDKN1C	gene	CDKN1C	True	1	0
CDKN2A	gene	CDKN2A	True	3	3
CDKN2AIP	gene	CDKN2AIP	True	1	0
CDKN2C	gene	CDKN2C	True	0	2
CDKN2D	gene	CDKN2D	True	2	0
CDKN3	gene	CDKN3	True	0	1
CDON	gene	CDON	True	1	2
CDR2	gene	CDR2	True	0	1
CDT1	gene	CDT1	True	2	0
CEACAM1	gene	CEACAM1	True	2	0
CEBPB	gene	CEBPB	True	9	1
CEBPD	gene	CEBPD	True	2	0
CELF1	gene	CELF1	True	1	0
CELF2	gene	CELF2	True	1	0
CENPA	gene	CENPA	True	4	0
CENPQ	gene	CENPQ	True	1	0
CENPU	gene	CENPU	True	1	0
CEP131	gene	CEP131	True	1	0
CEP135	gene	CEP135	True	0	2
CEP192	gene	CEP192	True	1	1
CEP250	gene	CEP250	True	2	0
CEP55	gene	CEP55	True	3	0
CEP63	gene	CEP63	True	1	0
CEP68	gene	CEP68	True	1	1
CERS5	gene	CERS5	True	1	0
CERT1	gene	CERT1	True	3	0
CETN2	gene	CETN2	True	2	0
CFL1	gene	CFL1	True	9	0
CFL2	gene	CFL2	True	3	0
CFLAR	gene	CFLAR	True	5	0
CGAS	gene	CGAS	True	1	0
CHAMP1	gene	CHAMP1	True	0	1
CHD8	gene	CHD8	True	0	1
CHEK1	gene	CHEK1	True	9	28
CHEK2	gene	CHEK2	True	9	22
CHFR	gene	CHFR	True	1	3
CHKA	gene	CHKA	True	0	3
CHM	gene	CHM	True	0	1
CHMP2A	gene	CHMP2A	True	1	0
CHMP7	gene	CHMP7	True	1	0
CHN1	gene	CHN1	True	0	2
CHN2	gene	CHN2	True	3	1
CHRNA7	gene	CHRNA7	True	1	0
CHUK	gene	CHUK	True	6	23
CIB1	gene	CIB1	True	1	1
CIC	gene	CIC	True	4	0
CIITA	gene	CIITA	True	3	1
CILK1	gene	CILK1	True	4	1
CIRSR	gene	CIRSR	True	1	0
CIT	gene	CIT	True	0	1
CITED2	gene	CITED2	True	1	0
CKAP2	gene	CKAP2	True	2	0
CKMT1B	gene	CKMT1B	True	1	0
CLASP1	gene	CLASP1	True	0	1
CLASP2	gene	CLASP2	True	3	3
CLCC1	gene	CLCC1	True	0	1
CLCF1	gene	CLCF1	True	0	2
CLCN3	gene	CLCN3	True	1	0
CLIC4	gene	CLIC4	True	1	0
CLIP1	gene	CLIP1	True	6	1
CLIP2	gene	CLIP2	True	1	0
CLK1	gene	CLK1	True	0	4
CLK2	gene	CLK2	True	1	2
CLK3	gene	CLK3	True	0	2
CLK4	gene	CLK4	True	0	1
CLOCK	gene	CLOCK	True	2	0
CLSPN	gene	CLSPN	True	5	0
CLTC	gene	CLTC	True	4	0
CLTCL1	gene	CLTCL1	True	1	0
CLU	gene	CLU	True	0	2
CMTM6	gene	CMTM6	True	0	1
CNKSR1	gene	CNKSR1	True	1	2
CNKSR2	gene	CNKSR2	True	0	1
CNN1	gene	CNN1	True	1	0
CNN3	gene	CNN3	True	1	0
CNR1	gene	CNR1	True	0	3
CNTFR	gene	CNTFR	True	1	0
CNTN6	gene	CNTN6	True	0	1
CNTNAP1	gene	CNTNAP1	True	1	0
CNTROB	gene	CNTROB	True	1	0
COIL	gene	COIL	True	2	0
COL1A1	gene	COL1A1	True	1	2
COL3A1	gene	COL3A1	True	0	1
COL5A2	gene	COL5A2	True	1	0
COL7A1	gene	COL7A1	True	1	0
COMMD1	gene	COMMD1	True	1	0
COP1	gene	COP1	True	2	0
COPE	gene	COPE	True	1	0
COPS3	gene	COPS3	True	1	0
COPS5	gene	COPS5	True	2	2
COPS6	gene	COPS6	True	1	0
CORO1A	gene	CORO1A	True	1	0
CORO1B	gene	CORO1B	True	2	0
CORO1C	gene	CORO1C	True	1	0
CORO7	gene	CORO7	True	1	0
CPAP	gene	CPAP	True	3	0
CRBN	gene	CRBN	True	0	1
CREB1	gene	CREB1	True	21	1
CREB3	gene	CREB3	True	2	0
CREB5	gene	CREB5	True	0	2
CREBBP	gene	CREBBP	True	6	8
CREM	gene	CREM	True	2	0
CRK	gene	CRK	True	8	4
CRMP1	gene	CRMP1	True	2	0
CROCC	gene	CROCC	True	1	0
CRTC2	gene	CRTC2	True	4	1
CRY1	gene	CRY1	True	2	0
CRY2	gene	CRY2	True	1	0
CSAG3	gene	CSAG3	True	0	1
CSK	gene	CSK	True	2	3
CSNK1A1	gene	CSNK1A1	True	2	35
CSNK1D	gene	CSNK1D	True	2	23
CSNK1E	gene	CSNK1E	True	1	17
CSNK1G1	gene	CSNK1G1	True	0	3
CSNK1G2	gene	CSNK1G2	True	0	3
CSNK2A1	gene	CSNK2A1	True	2	150
CSNK2A2	gene	CSNK2A2	True	0	20
CSNK2A3	gene	CSNK2A3	True	0	1
CSNK2B	gene	CSNK2B	True	1	8
CSPG4	gene	CSPG4	True	1	0
CTBP1	gene	CTBP1	True	5	1
CTBP2	gene	CTBP2	True	1	0
CTCF	gene	CTCF	True	1	0
CTDNEP1	gene	CTDNEP1	True	0	2
CTDP1	gene	CTDP1	True	3	0
CTDSP1	gene	CTDSP1	True	0	5
CTDSP2	gene	CTDSP2	True	0	3
CTDSPL	gene	CTDSPL	True	0	4
CTDSPL2	gene	CTDSPL2	True	0	2
CTNNA1	gene	CTNNA1	True	2	1
CTNNA3	gene	CTNNA3	True	0	1
CTNNB1	gene	CTNNB1	True	61	6
CTNNBIP1	gene	CTNNBIP1	True	0	1
CTNND1	gene	CTNND1	True	9	2
CTNND2	gene	CTNND2	True	2	2
CTPS1	gene	CTPS1	True	1	0
CTPS2	gene	CTPS2	True	1	0
CTSD	gene	CTSD	True	0	1
CTTN	gene	CTTN	True	13	0
CTTNBP2	gene	CTTNBP2	True	0	1
CTTNBP2NL	gene	CTTNBP2NL	True	0	1
CUL1	gene	CUL1	True	1	4
CUL3	gene	CUL3	True	2	5
CUL5	gene	CUL5	True	1	1
CUX1	gene	CUX1	True	1	0
CXCR4	gene	CXCR4	True	6	3
CYCS	gene	CYCS	True	3	2
CYLD	gene	CYLD	True	2	3
CYTH2	gene	CYTH2	True	2	1
DAAM1	gene	DAAM1	True	1	1
DAB1	gene	DAB1	True	2	1
DAB2IP	gene	DAB2IP	True	2	0
DACT1	gene	DACT1	True	0	1
DAG1	gene	DAG1	True	3	0
DAP	gene	DAP	True	1	0
DAP3	gene	DAP3	True	1	0
DAPK1	gene	DAPK1	True	5	12
DAPK3	gene	DAPK3	True	1	8
DAXX	gene	DAXX	True	4	2
DAZAP1	gene	DAZAP1	True	1	0
DBF4	gene	DBF4	True	2	0
DBI	gene	DBI	True	1	0
DBN1	gene	DBN1	True	1	0
DCAF1	gene	DCAF1	True	0	2
DCAF15	gene	DCAF15	True	0	1
DCAF4	gene	DCAF4	True	0	1
DCAF7	gene	DCAF7	True	0	2
DCC	gene	DCC	True	3	2
DCK	gene	DCK	True	2	0
DCLRE1C	gene	DCLRE1C	True	2	0
DCTN1	gene	DCTN1	True	3	0
DCTN2	gene	DCTN2	True	1	0
DCTN6	gene	DCTN6	True	1	0
DCX	gene	DCX	True	2	0
DDAH2	gene	DDAH2	True	1	0
DDB2	gene	DDB2	True	2	0
DDHD1	gene	DDHD1	True	2	0
DDIAS	gene	DDIAS	True	1	0
DDIT3	gene	DDIT3	True	3	0
DDIT4	gene	DDIT4	True	1	0
DDR1	gene	DDR1	True	1	1
DDR2	gene	DDR2	True	2	1
DDX21	gene	DDX21	True	0	1
DDX3X	gene	DDX3X	True	2	3
DDX5	gene	DDX5	True	2	3
DEK	gene	DEK	True	2	0
DENND3	gene	DENND3	True	2	0
DENR	gene	DENR	True	1	0
DERL1	gene	DERL1	True	2	0
DFFA	gene	DFFA	True	1	1
DFFB	gene	DFFB	True	2	0
DGCR8	gene	DGCR8	True	2	0
DGKA	gene	DGKA	True	1	0
DGKD	gene	DGKD	True	1	0
DGKZ	gene	DGKZ	True	1	0
DHPS	gene	DHPS	True	0	1
DHX16	gene	DHX16	True	1	0
DHX33	gene	DHX33	True	1	0
DHX9	gene	DHX9	True	2	0
DIABLO	gene	DIABLO	True	4	3
DIAPH1	gene	DIAPH1	True	1	0
DIAPH2	gene	DIAPH2	True	1	0
DICER1	gene	DICER1	True	1	0
DIP2A	gene	DIP2A	True	1	0
DISC1	gene	DISC1	True	0	2
DKC1	gene	DKC1	True	0	1
DLG1	gene	DLG1	True	3	0
DLG2	gene	DLG2	True	1	0
DLG4	gene	DLG4	True	12	5
DLGAP1	gene	DLGAP1	True	2	2
DLGAP3	gene	DLGAP3	True	0	1
DLGAP4	gene	DLGAP4	True	0	1
DLGAP5	gene	DLGAP5	True	1	0
DLK2	gene	DLK2	True	0	1
DLL1	gene	DLL1	True	1	3
DLL3	gene	DLL3	True	0	1
DLL4	gene	DLL4	True	0	1
DMAP1	gene	DMAP1	True	1	0
DMPK	gene	DMPK	True	0	1
DNAJB1	gene	DNAJB1	True	1	0
DNAJC3	gene	DNAJC3	True	0	2
DNM1	gene	DNM1	True	5	0
DNM1L	gene	DNM1L	True	14	0
DNM2	gene	DNM2	True	1	0
DNMBP	gene	DNMBP	True	0	1
DNMT1	gene	DNMT1	True	5	0
DNMT3A	gene	DNMT3A	True	2	0
DNPEP	gene	DNPEP	True	1	0
DOCK1	gene	DOCK1	True	1	1
DOCK6	gene	DOCK6	True	0	1
DOCK7	gene	DOCK7	True	2	1
DOK1	gene	DOK1	True	2	2
DOK3	gene	DOK3	True	1	1
DOK4	gene	DOK4	True	0	3
DPP3	gene	DPP3	True	0	1
DPYSL2	gene	DPYSL2	True	4	0
DPYSL3	gene	DPYSL3	True	2	0
DPYSL5	gene	DPYSL5	True	1	0
DRD2	gene	DRD2	True	2	4
DROSHA	gene	DROSHA	True	1	0
DSN1	gene	DSN1	True	1	0
DSTN	gene	DSTN	True	1	0
DTD1	gene	DTD1	True	1	0
DTNBP1	gene	DTNBP1	True	2	0
DTX4	gene	DTX4	True	0	1
DUOX1	gene	DUOX1	True	1	0
DUSP1	gene	DUSP1	True	1	5
DUSP10	gene	DUSP10	True	0	2
DUSP16	gene	DUSP16	True	1	2
DUSP19	gene	DUSP19	True	0	1
DUSP26	gene	DUSP26	True	0	2
DUSP3	gene	DUSP3	True	1	4
DUSP4	gene	DUSP4	True	0	5
DUSP5	gene	DUSP5	True	0	2
DUSP6	gene	DUSP6	True	0	3
DUSP7	gene	DUSP7	True	0	2
DUSP8	gene	DUSP8	True	0	1
DUSP9	gene	DUSP9	True	0	3
DUT	gene	DUT	True	1	0
DVL1	gene	DVL1	True	12	7
DVL2	gene	DVL2	True	8	2
DVL3	gene	DVL3	True	4	3
DYNC1H1	gene	DYNC1H1	True	2	0
DYNLL1	gene	DYNLL1	True	1	1
DYNLL2	gene	DYNLL2	True	0	1
DYRK1A	gene	DYRK1A	True	1	24
DYRK1B	gene	DYRK1B	True	4	7
DYRK2	gene	DYRK2	True	1	13
DYRK3	gene	DYRK3	True	0	3
DZIP3	gene	DZIP3	True	0	2
E2F1	gene	E2F1	True	12	1
E2F2	gene	E2F2	True	1	1
E2F3	gene	E2F3	True	1	1
E2F6	gene	E2F6	True	1	0
E4F1	gene	E4F1	True	1	1
EAF1	gene	EAF1	True	0	1
EAF2	gene	EAF2	True	0	1
EBF1	gene	EBF1	True	1	0
ECSIT	gene	ECSIT	True	2	0
ECT2	gene	ECT2	True	2	1
EDA	gene	EDA	True	0	1
EDA2R	gene	EDA2R	True	1	0
EDF1	gene	EDF1	True	1	0
EDN3	gene	EDN3	True	0	1
EDNRB	gene	EDNRB	True	1	1
EEA1	gene	EEA1	True	2	0
EEF1A1	gene	EEF1A1	True	2	0
EEF1A2	gene	EEF1A2	True	2	0
EEF1D	gene	EEF1D	True	1	0
EEF2	gene	EEF2	True	2	0
EEF2K	gene	EEF2K	True	11	1
EFEMP2	gene	EFEMP2	True	2	1
EFL1	gene	EFL1	True	1	0
EFNA2	gene	EFNA2	True	0	3
EFNA3	gene	EFNA3	True	0	4
EFNA5	gene	EFNA5	True	0	3
EFNB1	gene	EFNB1	True	1	3
EFNB2	gene	EFNB2	True	0	1
EFNB3	gene	EFNB3	True	0	2
EGF	gene	EGF	True	0	2
EGFR	gene	EGFR	True	31	60
EGLN1	gene	EGLN1	True	0	1
EGLN2	gene	EGLN2	True	2	1
EGLN3	gene	EGLN3	True	0	1
EGR1	gene	EGR1	True	2	1
EGR2	gene	EGR2	True	1	0
EID1	gene	EID1	True	3	1
EID2	gene	EID2	True	0	1
EIF2AK1	gene	EIF2AK1	True	0	1
EIF2AK2	gene	EIF2AK2	True	4	10
EIF2AK3	gene	EIF2AK3	True	4	1
EIF2AK4	gene	EIF2AK4	True	0	2
EIF2B1	gene	EIF2B1	True	0	2
EIF2B2	gene	EIF2B2	True	0	1
EIF2B3	gene	EIF2B3	True	0	3
EIF2B4	gene	EIF2B4	True	0	2
EIF2B5	gene	EIF2B5	True	4	3
EIF2S1	gene	EIF2S1	True	10	0
EIF2S2	gene	EIF2S2	True	6	0
EIF2S3	gene	EIF2S3	True	2	0
EIF3F	gene	EIF3F	True	1	0
EIF3J	gene	EIF3J	True	1	0
EIF4A1	gene	EIF4A1	True	1	0
EIF4B	gene	EIF4B	True	3	0
EIF4E	gene	EIF4E	True	6	0
EIF4E2	gene	EIF4E2	True	1	0
EIF4EBP1	gene	EIF4EBP1	True	11	1
EIF4EBP2	gene	EIF4EBP2	True	1	0
EIF4ENIF1	gene	EIF4ENIF1	True	1	0
EIF4G1	gene	EIF4G1	True	1	0
EIF4G2	gene	EIF4G2	True	2	1
EIF4G3	gene	EIF4G3	True	1	0
EIF4H	gene	EIF4H	True	0	1
EIF5	gene	EIF5	True	2	0
EIF5A	gene	EIF5A	True	1	0
ELAVL1	gene	ELAVL1	True	6	0
ELF1	gene	ELF1	True	2	0
ELF4	gene	ELF4	True	2	0
ELK1	gene	ELK1	True	9	0
ELK3	gene	ELK3	True	3	0
ELK4	gene	ELK4	True	1	0
ELL	gene	ELL	True	2	0
ELN	gene	ELN	True	1	0
ELOC	gene	ELOC	True	0	1
ELP1	gene	ELP1	True	1	0
EMD	gene	EMD	True	1	0
EMSY	gene	EMSY	True	0	3
ENAH	gene	ENAH	True	1	0
ENO1	gene	ENO1	True	1	0
ENOX2	gene	ENOX2	True	1	0
ENPP1	gene	ENPP1	True	0	1
ENSA	gene	ENSA	True	1	0
EP300	gene	EP300	True	16	11
EPB41	gene	EPB41	True	1	2
EPHA2	gene	EPHA2	True	7	2
EPHA3	gene	EPHA3	True	3	4
EPHA4	gene	EPHA4	True	4	0
EPHA7	gene	EPHA7	True	2	0
EPHB1	gene	EPHB1	True	1	3
EPHB2	gene	EPHB2	True	1	6
EPHB3	gene	EPHB3	True	3	1
EPHB4	gene	EPHB4	True	1	0
EPM2A	gene	EPM2A	True	0	1
EPN1	gene	EPN1	True	1	1
EPOR	gene	EPOR	True	2	0
EPRS1	gene	EPRS1	True	2	0
EPS15	gene	EPS15	True	2	0
EPS8	gene	EPS8	True	1	0
ERBB2	gene	ERBB2	True	17	11
ERBB4	gene	ERBB4	True	7	6
ERBIN	gene	ERBIN	True	2	0
ERC1	gene	ERC1	True	0	1
ERCC2	gene	ERCC2	True	0	1
ERCC3	gene	ERCC3	True	3	0
ERCC4	gene	ERCC4	True	1	0
ERCC6	gene	ERCC6	True	2	0
ERCC6L	gene	ERCC6L	True	2	0
ERCC8	gene	ERCC8	True	0	1
ERF	gene	ERF	True	1	0
ERGIC1	gene	ERGIC1	True	0	1
ERGIC3	gene	ERGIC3	True	1	0
ERN1	gene	ERN1	True	1	2
ERO1A	gene	ERO1A	True	0	1
ERO1B	gene	ERO1B	True	0	1
ERP44	gene	ERP44	True	2	1
ERRFI1	gene	ERRFI1	True	3	1
ESPL1	gene	ESPL1	True	4	1
ETS1	gene	ETS1	True	6	0
ETS2	gene	ETS2	True	2	0
ETV1	gene	ETV1	True	4	0
ETV3	gene	ETV3	True	1	0
ETV4	gene	ETV4	True	1	0
ETV5	gene	ETV5	True	1	0
ETV6	gene	ETV6	True	2	0
EWSR1	gene	EWSR1	True	2	0
EXO1	gene	EXO1	True	2	0
EXOC7	gene	EXOC7	True	2	0
EXOSC9	gene	EXOSC9	True	1	0
EYA1	gene	EYA1	True	0	1
EYA3	gene	EYA3	True	0	1
EZH2	gene	EZH2	True	8	1
EZR	gene	EZR	True	13	1
F11R	gene	F11R	True	1	0
F2R	gene	F2R	True	0	3
F2RL1	gene	F2RL1	True	2	1
F3	gene	F3	True	2	0
F8	gene	F8	True	1	0
FAAP20	gene	FAAP20	True	1	0
FADD	gene	FADD	True	9	1
FAF1	gene	FAF1	True	2	0
FAM3C	gene	FAM3C	True	0	1
FAM8A1	gene	FAM8A1	True	0	1
FANCA	gene	FANCA	True	4	0
FANCD2	gene	FANCD2	True	8	1
FANCE	gene	FANCE	True	1	0
FANCF	gene	FANCF	True	1	0
FANCG	gene	FANCG	True	1	1
FANCI	gene	FANCI	True	4	0
FANCL	gene	FANCL	True	0	3
FANCM	gene	FANCM	True	0	1
FAS	gene	FAS	True	1	2
FBH1	gene	FBH1	True	0	1
FBLIM1	gene	FBLIM1	True	1	3
FBN1	gene	FBN1	True	0	1
FBXL15	gene	FBXL15	True	0	1
FBXL17	gene	FBXL17	True	0	1
FBXL2	gene	FBXL2	True	1	1
FBXL3	gene	FBXL3	True	0	1
FBXL5	gene	FBXL5	True	0	2
FBXL7	gene	FBXL7	True	0	1
FBXO11	gene	FBXO11	True	0	2
FBXO21	gene	FBXO21	True	0	1
FBXO25	gene	FBXO25	True	0	1
FBXO3	gene	FBXO3	True	0	1
FBXO31	gene	FBXO31	True	2	1
FBXO33	gene	FBXO33	True	0	1
FBXO38	gene	FBXO38	True	0	1
FBXO43	gene	FBXO43	True	1	0
FBXO45	gene	FBXO45	True	0	2
FBXO5	gene	FBXO5	True	3	2
FBXO9	gene	FBXO9	True	0	2
FBXW11	gene	FBXW11	True	0	8
FBXW5	gene	FBXW5	True	1	0
FBXW7	gene	FBXW7	True	5	9
FBXW8	gene	FBXW8	True	0	2
FEN1	gene	FEN1	True	1	0
FER	gene	FER	True	0	5
FERMT2	gene	FERMT2	True	1	1
FERMT3	gene	FERMT3	True	1	0
FES	gene	FES	True	1	2
FGD1	gene	FGD1	True	0	1
FGD3	gene	FGD3	True	0	1
FGD4	gene	FGD4	True	0	1
FGF10	gene	FGF10	True	0	1
FGF12	gene	FGF12	True	0	1
FGF13	gene	FGF13	True	0	2
FGF14	gene	FGF14	True	2	1
FGF18	gene	FGF18	True	0	1
FGF2	gene	FGF2	True	0	3
FGFR1	gene	FGFR1	True	5	10
FGFR2	gene	FGFR2	True	4	2
FGFR3	gene	FGFR3	True	1	4
FGFR4	gene	FGFR4	True	1	4
FH	gene	FH	True	2	0
FHIT	gene	FHIT	True	1	1
FHL1	gene	FHL1	True	2	1
FHL2	gene	FHL2	True	0	2
FHOD1	gene	FHOD1	True	3	1
FIG4	gene	FIG4	True	1	0
FIS1	gene	FIS1	True	1	0
FIZ1	gene	FIZ1	True	0	1
FKBP1A	gene	FKBP1A	True	0	1
FKBP4	gene	FKBP4	True	2	1
FKBP5	gene	FKBP5	True	0	1
FKBP8	gene	FKBP8	True	1	1
FLCN	gene	FLCN	True	0	1
FLNA	gene	FLNA	True	10	1
FLNB	gene	FLNB	True	1	0
FLNC	gene	FLNC	True	2	0
FLOT1	gene	FLOT1	True	1	0
FLT4	gene	FLT4	True	2	2
FMNL2	gene	FMNL2	True	2	0
FN1	gene	FN1	True	0	1
FNTA	gene	FNTA	True	0	2
FNTB	gene	FNTB	True	0	2
FOS	gene	FOS	True	6	1
FOSL1	gene	FOSL1	True	2	0
FOXC1	gene	FOXC1	True	1	0
FOXH1	gene	FOXH1	True	0	1
FOXJ2	gene	FOXJ2	True	1	0
FOXK2	gene	FOXK2	True	2	0
FOXL2	gene	FOXL2	True	2	0
FOXM1	gene	FOXM1	True	6	1
FOXN2	gene	FOXN2	True	1	0
FOXO1	gene	FOXO1	True	15	1
FOXO3	gene	FOXO3	True	18	0
FOXO4	gene	FOXO4	True	9	0
FOXO6	gene	FOXO6	True	1	0
FRAT1	gene	FRAT1	True	2	1
FRAT2	gene	FRAT2	True	0	1
FRS2	gene	FRS2	True	4	2
FRS3	gene	FRS3	True	1	0
FRZB	gene	FRZB	True	0	1
FSCN1	gene	FSCN1	True	1	0
FST	gene	FST	True	0	1
FSTL1	gene	FSTL1	True	0	1
FUNDC1	gene	FUNDC1	True	3	0
FURIN	gene	FURIN	True	0	1
FUS	gene	FUS	True	4	3
FXN	gene	FXN	True	1	0
FXR1	gene	FXR1	True	1	0
FYCO1	gene	FYCO1	True	1	1
FYN	gene	FYN	True	7	45
FZD1	gene	FZD1	True	1	0
FZD10	gene	FZD10	True	1	0
FZD2	gene	FZD2	True	2	1
FZD3	gene	FZD3	True	3	1
FZD4	gene	FZD4	True	1	2
FZD5	gene	FZD5	True	1	1
FZD6	gene	FZD6	True	1	0
FZD7	gene	FZD7	True	1	1
FZD8	gene	FZD8	True	1	2
FZR1	gene	FZR1	True	3	5
G3BP1	gene	G3BP1	True	3	2
G3BP2	gene	G3BP2	True	1	2
G6PD	gene	G6PD	True	4	0
GAB1	gene	GAB1	True	9	2
GAB2	gene	GAB2	True	6	1
GABARAPL1	gene	GABARAPL1	True	1	1
GABARAPL2	gene	GABARAPL2	True	6	1
GABBR1	gene	GABBR1	True	1	0
GABPB1	gene	GABPB1	True	0	1
GADD45A	gene	GADD45A	True	0	2
GAK	gene	GAK	True	1	1
GAN	gene	GAN	True	0	1
GAPDH	gene	GAPDH	True	1	0
GAS2L1	gene	GAS2L1	True	1	0
GAS6	gene	GAS6	True	0	3
GBF1	gene	GBF1	True	2	0
GCH1	gene	GCH1	True	1	0
GDF11	gene	GDF11	True	1	2
GDF6	gene	GDF6	True	0	2
GDNF	gene	GDNF	True	0	2
GEM	gene	GEM	True	0	1
GFPT1	gene	GFPT1	True	2	0
GFRA1	gene	GFRA1	True	2	0
GGA1	gene	GGA1	True	1	0
GGCX	gene	GGCX	True	0	1
GIGYF2	gene	GIGYF2	True	0	1
GIT1	gene	GIT1	True	1	3
GIT2	gene	GIT2	True	1	0
GJA1	gene	GJA1	True	8	0
GLI1	gene	GLI1	True	12	0
GLI2	gene	GLI2	True	7	0
GLI3	gene	GLI3	True	9	1
GLIPR2	gene	GLIPR2	True	1	0
GLIS2	gene	GLIS2	True	2	0
GLIS3	gene	GLIS3	True	1	0
GLMN	gene	GLMN	True	1	0
GLO1	gene	GLO1	True	1	0
GLRB	gene	GLRB	True	1	0
GLS	gene	GLS	True	2	0
GMFB	gene	GMFB	True	1	0
GMIP	gene	GMIP	True	0	1
GMNN	gene	GMNN	True	3	1
GNA11	gene	GNA11	True	0	1
GNA12	gene	GNA12	True	4	4
GNA13	gene	GNA13	True	6	4
GNAI1	gene	GNAI1	True	19	4
GNAI2	gene	GNAI2	True	2	3
GNAI3	gene	GNAI3	True	9	3
GNAO1	gene	GNAO1	True	4	0
GNAQ	gene	GNAQ	True	6	1
GNAS	gene	GNAS	True	5	2
GNAZ	gene	GNAZ	True	6	2
GNB1	gene	GNB1	True	2	1
GNB2	gene	GNB2	True	1	0
GNB3	gene	GNB3	True	1	0
GNG2	gene	GNG2	True	2	2
GNGT1	gene	GNGT1	True	0	1
GOLGA2	gene	GOLGA2	True	2	1
GOLGA3	gene	GOLGA3	True	0	1
GOLGA7	gene	GOLGA7	True	0	1
GOLGB1	gene	GOLGB1	True	1	0
GOLPH3	gene	GOLPH3	True	1	0
GOPC	gene	GOPC	True	1	1
GORASP1	gene	GORASP1	True	5	0
GORASP2	gene	GORASP2	True	1	0
GPAA1	gene	GPAA1	True	1	0
GPC1	gene	GPC1	True	2	0
GPHN	gene	GPHN	True	1	1
GPI	gene	GPI	True	1	1
GPKOW	gene	GPKOW	True	2	1
GPM6A	gene	GPM6A	True	1	0
GPR161	gene	GPR161	True	0	1
GPR37	gene	GPR37	True	2	0
GPSM2	gene	GPSM2	True	1	0
GPX1	gene	GPX1	True	2	0
GRB10	gene	GRB10	True	6	0
GRB14	gene	GRB14	True	2	1
GRB2	gene	GRB2	True	15	5
GRIA1	gene	GRIA1	True	4	0
GRIA4	gene	GRIA4	True	4	0
GRIN2A	gene	GRIN2A	True	6	0
GRIN2B	gene	GRIN2B	True	12	0
GRIP1	gene	GRIP1	True	0	1
GRIPAP1	gene	GRIPAP1	True	2	0
GRK2	gene	GRK2	True	10	12
GRK5	gene	GRK5	True	0	5
GRK6	gene	GRK6	True	0	3
GRN	gene	GRN	True	0	1
GSK3A	gene	GSK3A	True	9	23
GSK3B	gene	GSK3B	True	21	128
GSN	gene	GSN	True	3	0
GSR	gene	GSR	True	1	0
GSTP1	gene	GSTP1	True	1	0
GTF2A1	gene	GTF2A1	True	3	0
GTF2A2	gene	GTF2A2	True	0	1
GTF2F1	gene	GTF2F1	True	1	0
GTF2F2	gene	GTF2F2	True	0	2
GTF2H1	gene	GTF2H1	True	0	1
GTF2I	gene	GTF2I	True	5	4
GTSE1	gene	GTSE1	True	1	0
GYS1	gene	GYS1	True	7	0
H1-2	gene	H1-2	True	1	0
H2AC25	gene	H2AC25	True	1	0
H2AX	gene	H2AX	True	16	1
H2AZ1	gene	H2AZ1	True	1	0
H2BC21	gene	H2BC21	True	2	0
H3-3B	gene	H3-3B	True	12	0
HABP4	gene	HABP4	True	4	0
HACE1	gene	HACE1	True	1	2
HAS2	gene	HAS2	True	1	0
HASPIN	gene	HASPIN	True	2	0
HAT1	gene	HAT1	True	1	0
HAX1	gene	HAX1	True	1	0
HBEGF	gene	HBEGF	True	1	2
HBP1	gene	HBP1	True	3	0
HCFC1	gene	HCFC1	True	1	2
HCN2	gene	HCN2	True	1	0
HCN4	gene	HCN4	True	1	0
HDAC1	gene	HDAC1	True	8	3
HDAC2	gene	HDAC2	True	3	3
HDAC3	gene	HDAC3	True	7	2
HDAC4	gene	HDAC4	True	5	4
HDAC5	gene	HDAC5	True	11	4
HDAC6	gene	HDAC6	True	3	0
HDAC7	gene	HDAC7	True	7	0
HDAC8	gene	HDAC8	True	1	1
HDAC9	gene	HDAC9	True	2	1
HDLBP	gene	HDLBP	True	0	1
HECTD3	gene	HECTD3	True	0	2
HECW1	gene	HECW1	True	0	1
HECW2	gene	HECW2	True	0	1
HERC2	gene	HERC2	True	0	3
HERC5	gene	HERC5	True	0	1
HERPUD1	gene	HERPUD1	True	2	0
HES1	gene	HES1	True	2	0
HES6	gene	HES6	True	1	0
HEXIM1	gene	HEXIM1	True	1	0
HEY1	gene	HEY1	True	1	0
HGS	gene	HGS	True	1	0
HIF1A	gene	HIF1A	True	17	0
HIF3A	gene	HIF3A	True	1	0
HIPK1	gene	HIPK1	True	0	1
HIPK2	gene	HIPK2	True	4	16
HIPK3	gene	HIPK3	True	0	1
HIRA	gene	HIRA	True	1	0
HJURP	gene	HJURP	True	0	1
HK1	gene	HK1	True	1	0
HK2	gene	HK2	True	2	0
HLTF	gene	HLTF	True	0	1
HMGA1	gene	HMGA1	True	5	1
HMGA2	gene	HMGA2	True	1	1
HMGB1	gene	HMGB1	True	0	1
HMGB2	gene	HMGB2	True	0	3
HMGCR	gene	HMGCR	True	2	0
HMGN1	gene	HMGN1	True	6	0
HMGN2	gene	HMGN2	True	2	0
HMOX1	gene	HMOX1	True	1	0
HMOX2	gene	HMOX2	True	1	0
HNRNPA0	gene	HNRNPA0	True	1	0
HNRNPA1	gene	HNRNPA1	True	5	0
HNRNPC	gene	HNRNPC	True	2	0
HNRNPD	gene	HNRNPD	True	2	0
HNRNPK	gene	HNRNPK	True	4	0
HNRNPL	gene	HNRNPL	True	1	0
HNRNPM	gene	HNRNPM	True	2	0
HNRNPU	gene	HNRNPU	True	2	0
HOMER3	gene	HOMER3	True	1	0
HOXA1	gene	HOXA1	True	1	0
HOXA9	gene	HOXA9	True	1	1
HOXB1	gene	HOXB1	True	1	0
HOXD13	gene	HOXD13	True	0	1
HRAS	gene	HRAS	True	10	6
HRH3	gene	HRH3	True	0	1
HRK	gene	HRK	True	0	2
HSBP1	gene	HSBP1	True	0	1
HSD17B10	gene	HSD17B10	True	1	0
HSF1	gene	HSF1	True	14	0
HSF2	gene	HSF2	True	2	0
HSP90AA1	gene	HSP90AA1	True	5	6
HSP90AB1	gene	HSP90AB1	True	4	0
HSPA1B	gene	HSPA1B	True	1	0
HSPA5	gene	HSPA5	True	1	3
HSPA8	gene	HSPA8	True	3	0
HSPA9	gene	HSPA9	True	1	1
HSPB1	gene	HSPB1	True	8	0
HSPB8	gene	HSPB8	True	2	0
HSPG2	gene	HSPG2	True	0	1
HSPH1	gene	HSPH1	True	2	0
HTR1D	gene	HTR1D	True	0	1
HTRA2	gene	HTRA2	True	6	2
HTT	gene	HTT	True	2	0
HUWE1	gene	HUWE1	True	0	5
HVCN1	gene	HVCN1	True	1	0
ID1	gene	ID1	True	0	2
ID2	gene	ID2	True	2	1
ID3	gene	ID3	True	2	3
IER3	gene	IER3	True	1	1
IFI16	gene	IFI16	True	1	0
IFIH1	gene	IFIH1	True	5	1
IFNAR1	gene	IFNAR1	True	1	0
IFNAR2	gene	IFNAR2	True	2	0
IFNGR1	gene	IFNGR1	True	1	2
IFNGR2	gene	IFNGR2	True	0	1
IGF1R	gene	IGF1R	True	6	8
IGF2	gene	IGF2	True	0	3
IGF2R	gene	IGF2R	True	3	0
IGFBP3	gene	IGFBP3	True	1	0
IKBKB	gene	IKBKB	True	16	23
IKBKG	gene	IKBKG	True	11	2
IL11	gene	IL11	True	0	2
IL11RA	gene	IL11RA	True	1	0
IL13RA1	gene	IL13RA1	True	0	1
IL1RAP	gene	IL1RAP	True	0	1
IL21R	gene	IL21R	True	0	1
IL4R	gene	IL4R	True	0	4
IL6ST	gene	IL6ST	True	6	3
ILF3	gene	ILF3	True	1	0
IMMT	gene	IMMT	True	1	0
IMP3	gene	IMP3	True	1	0
IMP4	gene	IMP4	True	1	0
IMPDH2	gene	IMPDH2	True	1	0
INCENP	gene	INCENP	True	4	1
INF2	gene	INF2	True	1	0
ING5	gene	ING5	True	1	0
INPP5D	gene	INPP5D	True	3	1
INPPL1	gene	INPPL1	True	1	0
INSIG1	gene	INSIG1	True	2	1
INSIG2	gene	INSIG2	True	0	1
INSR	gene	INSR	True	15	15
INTS4	gene	INTS4	True	0	1
INVS	gene	INVS	True	0	1
IP6K2	gene	IP6K2	True	1	0
IQGAP1	gene	IQGAP1	True	4	2
IRAK1	gene	IRAK1	True	5	7
IRAK4	gene	IRAK4	True	1	3
IREB2	gene	IREB2	True	3	0
IRF1	gene	IRF1	True	1	0
IRF2	gene	IRF2	True	3	0
IRF2BP1	gene	IRF2BP1	True	0	1
IRF2BP2	gene	IRF2BP2	True	0	1
IRF3	gene	IRF3	True	7	0
IRF7	gene	IRF7	True	4	0
IRF9	gene	IRF9	True	1	1
IRS1	gene	IRS1	True	31	4
IRS2	gene	IRS2	True	3	1
IRX2	gene	IRX2	True	2	0
ISCU	gene	ISCU	True	1	0
IST1	gene	IST1	True	1	1
ITCH	gene	ITCH	True	7	14
ITGA2B	gene	ITGA2B	True	1	0
ITGB1	gene	ITGB1	True	6	1
ITGB1BP1	gene	ITGB1BP1	True	1	1
ITGB3BP	gene	ITGB3BP	True	1	0
ITGB5	gene	ITGB5	True	3	0
ITPKA	gene	ITPKA	True	3	0
ITPKB	gene	ITPKB	True	2	0
ITPR1	gene	ITPR1	True	3	0
ITPR2	gene	ITPR2	True	1	0
ITSN1	gene	ITSN1	True	0	1
IWS1	gene	IWS1	True	1	0
JADE1	gene	JADE1	True	1	0
JAG1	gene	JAG1	True	1	3
JAG2	gene	JAG2	True	1	3
JAK1	gene	JAK1	True	6	9
JAK2	gene	JAK2	True	14	22
JAZF1	gene	JAZF1	True	0	1
JDP2	gene	JDP2	True	0	2
JKAMP	gene	JKAMP	True	1	0
JUN	gene	JUN	True	23	2
JUNB	gene	JUNB	True	5	0
JUND	gene	JUND	True	3	0
JUP	gene	JUP	True	2	0
KALRN	gene	KALRN	True	1	0
KANK1	gene	KANK1	True	0	1
KARS1	gene	KARS1	True	2	0
KAT2A	gene	KAT2A	True	1	2
KAT2B	gene	KAT2B	True	2	5
KAT5	gene	KAT5	True	5	1
KAT6A	gene	KAT6A	True	0	1
KAT6B	gene	KAT6B	True	0	1
KAT7	gene	KAT7	True	3	0
KAT8	gene	KAT8	True	2	0
KATNA1	gene	KATNA1	True	2	1
KATNB1	gene	KATNB1	True	1	1
KCND2	gene	KCND2	True	1	0
KCNH2	gene	KCNH2	True	4	1
KCNJ11	gene	KCNJ11	True	1	0
KCNJ12	gene	KCNJ12	True	1	0
KCNJ4	gene	KCNJ4	True	2	0
KCNK9	gene	KCNK9	True	1	0
KCNN1	gene	KCNN1	True	1	0
KCNQ2	gene	KCNQ2	True	1	0
KCTD10	gene	KCTD10	True	1	0
KCTD12	gene	KCTD12	True	1	0
KCTD13	gene	KCTD13	True	1	1
KDELR1	gene	KDELR1	True	1	0
KDM1A	gene	KDM1A	True	8	0
KDM2B	gene	KDM2B	True	0	1
KDM3A	gene	KDM3A	True	1	0
KDM4B	gene	KDM4B	True	1	0
KDM4C	gene	KDM4C	True	1	1
KDM5A	gene	KDM5A	True	1	0
KDM5B	gene	KDM5B	True	2	2
KEAP1	gene	KEAP1	True	1	3
KHDRBS1	gene	KHDRBS1	True	5	1
KHDRBS3	gene	KHDRBS3	True	1	0
KHK	gene	KHK	True	0	1
KHSRP	gene	KHSRP	True	4	0
KIDINS220	gene	KIDINS220	True	1	0
KIF11	gene	KIF11	True	3	0
KIF13B	gene	KIF13B	True	2	0
KIF14	gene	KIF14	True	1	0
KIF1A	gene	KIF1A	True	1	0
KIF20A	gene	KIF20A	True	4	0
KIF20B	gene	KIF20B	True	1	0
KIF22	gene	KIF22	True	1	0
KIF24	gene	KIF24	True	1	0
KIF2A	gene	KIF2A	True	2	0
KIF2C	gene	KIF2C	True	5	0
KIF3A	gene	KIF3A	True	2	0
KIF4A	gene	KIF4A	True	4	1
KIF5B	gene	KIF5B	True	1	0
KIF5C	gene	KIF5C	True	1	1
KIF7	gene	KIF7	True	1	2
KIFC1	gene	KIFC1	True	3	0
KIRREL1	gene	KIRREL1	True	1	0
KIT	gene	KIT	True	7	7
KITLG	gene	KITLG	True	0	1
KIZ	gene	KIZ	True	1	0
KLC1	gene	KLC1	True	2	0
KLC2	gene	KLC2	True	1	1
KLF10	gene	KLF10	True	2	1
KLF11	gene	KLF11	True	0	1
KLF13	gene	KLF13	True	1	0
KLF16	gene	KLF16	True	1	1
KLF4	gene	KLF4	True	1	0
KLF5	gene	KLF5	True	4	0
KLF7	gene	KLF7	True	1	0
KLHL12	gene	KLHL12	True	0	3
KLHL13	gene	KLHL13	True	0	1
KLHL15	gene	KLHL15	True	0	1
KLHL2	gene	KLHL2	True	0	4
KLHL20	gene	KLHL20	True	0	1
KLHL22	gene	KLHL22	True	0	1
KLHL25	gene	KLHL25	True	0	1
KLHL3	gene	KLHL3	True	0	1
KLHL9	gene	KLHL9	True	0	1
KMT2A	gene	KMT2A	True	2	1
KMT2D	gene	KMT2D	True	1	0
KMT5A	gene	KMT5A	True	3	0
KNL1	gene	KNL1	True	1	2
KPNA1	gene	KPNA1	True	0	1
KPNA2	gene	KPNA2	True	2	1
KPNB1	gene	KPNB1	True	1	1
KRAS	gene	KRAS	True	8	3
KREMEN2	gene	KREMEN2	True	0	1
KSR1	gene	KSR1	True	5	2
KTN1	gene	KTN1	True	0	1
L1CAM	gene	L1CAM	True	3	0
L3MBTL2	gene	L3MBTL2	True	1	0
LAMTOR3	gene	LAMTOR3	True	0	2
LAMTOR5	gene	LAMTOR5	True	1	0
LAPTM5	gene	LAPTM5	True	2	0
LARP1	gene	LARP1	True	1	0
LARP4B	gene	LARP4B	True	1	1
LARP6	gene	LARP6	True	1	0
LARP7	gene	LARP7	True	1	1
LASP1	gene	LASP1	True	4	0
LATS1	gene	LATS1	True	10	6
LATS2	gene	LATS2	True	6	9
LBR	gene	LBR	True	1	0
LCMT1	gene	LCMT1	True	0	2
LDB1	gene	LDB1	True	1	0
LDB2	gene	LDB2	True	1	0
LDHA	gene	LDHA	True	1	0
LDHB	gene	LDHB	True	1	0
LDLR	gene	LDLR	True	1	0
LEF1	gene	LEF1	True	4	0
LEPR	gene	LEPR	True	1	2
LETM1	gene	LETM1	True	1	0
LFNG	gene	LFNG	True	0	2
LGALS3	gene	LGALS3	True	2	0
LGMN	gene	LGMN	True	1	0
LIF	gene	LIF	True	0	2
LIFR	gene	LIFR	True	4	1
LIG1	gene	LIG1	True	3	0
LIG3	gene	LIG3	True	1	0
LIG4	gene	LIG4	True	1	0
LIMA1	gene	LIMA1	True	1	0
LIMK1	gene	LIMK1	True	7	2
LIMK2	gene	LIMK2	True	3	2
LIN28A	gene	LIN28A	True	1	0
LIN28B	gene	LIN28B	True	1	0
LIN52	gene	LIN52	True	1	0
LINGO1	gene	LINGO1	True	1	0
LIPE	gene	LIPE	True	5	0
LLGL1	gene	LLGL1	True	1	0
LLGL2	gene	LLGL2	True	1	0
LMNA	gene	LMNA	True	4	1
LMTK1	gene	LMTK1	True	0	1
LMTK2	gene	LMTK2	True	1	1
LNPK	gene	LNPK	True	1	0
LNX2	gene	LNX2	True	0	1
LONP1	gene	LONP1	True	1	0
LOX	gene	LOX	True	0	1
LPAR1	gene	LPAR1	True	0	5
LPAR2	gene	LPAR2	True	0	1
LPAR3	gene	LPAR3	True	0	4
LPCAT2	gene	LPCAT2	True	1	0
LPIN1	gene	LPIN1	True	2	0
LPXN	gene	LPXN	True	1	0
LRFN1	gene	LRFN1	True	1	0
LRFN5	gene	LRFN5	True	0	3
LRIG1	gene	LRIG1	True	0	3
LRP1	gene	LRP1	True	3	0
LRP2	gene	LRP2	True	1	0
LRP4	gene	LRP4	True	1	0
LRP5	gene	LRP5	True	5	1
LRP6	gene	LRP6	True	23	1
LRRC45	gene	LRRC45	True	1	0
LRRFIP2	gene	LRRFIP2	True	0	1
LRSAM1	gene	LRSAM1	True	0	1
LTB4R	gene	LTB4R	True	1	1
LTBP1	gene	LTBP1	True	0	1
LYN	gene	LYN	True	4	18
LZTR1	gene	LZTR1	True	0	1
M6PR	gene	M6PR	True	1	0
MACF1	gene	MACF1	True	1	0
MACROH2A1	gene	MACROH2A1	True	2	0
MAD2L1BP	gene	MAD2L1BP	True	1	1
MAD2L2	gene	MAD2L2	True	2	2
MAF	gene	MAF	True	0	2
MAF1	gene	MAF1	True	1	0
MAFF	gene	MAFF	True	1	0
MAFG	gene	MAFG	True	1	0
MAFK	gene	MAFK	True	1	0
MAGEL2	gene	MAGEL2	True	0	1
MAGI1	gene	MAGI1	True	1	0
MALT1	gene	MALT1	True	2	1
MAML1	gene	MAML1	True	0	7
MAML2	gene	MAML2	True	1	0
MAML3	gene	MAML3	True	1	3
MAP1B	gene	MAP1B	True	1	0
MAP1LC3B	gene	MAP1LC3B	True	4	2
MAP1LC3C	gene	MAP1LC3C	True	2	3
MAP2	gene	MAP2	True	2	0
MAP2K1	gene	MAP2K1	True	14	7
MAP2K2	gene	MAP2K2	True	6	3
MAP2K3	gene	MAP2K3	True	6	4
MAP2K4	gene	MAP2K4	True	16	5
MAP2K5	gene	MAP2K5	True	2	1
MAP2K6	gene	MAP2K6	True	4	5
MAP2K7	gene	MAP2K7	True	12	5
MAP3K1	gene	MAP3K1	True	10	8
MAP3K10	gene	MAP3K10	True	2	2
MAP3K11	gene	MAP3K11	True	6	4
MAP3K12	gene	MAP3K12	True	2	3
MAP3K13	gene	MAP3K13	True	0	2
MAP3K14	gene	MAP3K14	True	5	6
MAP3K2	gene	MAP3K2	True	0	5
MAP3K20	gene	MAP3K20	True	0	2
MAP3K21	gene	MAP3K21	True	0	1
MAP3K3	gene	MAP3K3	True	3	6
MAP3K4	gene	MAP3K4	True	1	3
MAP3K6	gene	MAP3K6	True	0	1
MAP3K7	gene	MAP3K7	True	12	14
MAP3K8	gene	MAP3K8	True	2	6
MAP4	gene	MAP4	True	3	0
MAP4K2	gene	MAP4K2	True	1	2
MAP4K3	gene	MAP4K3	True	0	3
MAP4K4	gene	MAP4K4	True	0	5
MAP4K5	gene	MAP4K5	True	1	1
MAP9	gene	MAP9	True	2	0
MAPK1	gene	MAPK1	True	15	160
MAPK10	gene	MAPK10	True	4	12
MAPK11	gene	MAPK11	True	1	12
MAPK12	gene	MAPK12	True	4	7
MAPK13	gene	MAPK13	True	2	6
MAPK14	gene	MAPK14	True	19	65
MAPK15	gene	MAPK15	True	2	1
MAPK3	gene	MAPK3	True	15	125
MAPK4	gene	MAPK4	True	1	0
MAPK6	gene	MAPK6	True	3	3
MAPK7	gene	MAPK7	True	3	8
MAPK8	gene	MAPK8	True	13	57
MAPK8IP1	gene	MAPK8IP1	True	4	4
MAPK8IP2	gene	MAPK8IP2	True	0	4
MAPK8IP3	gene	MAPK8IP3	True	1	7
MAPK9	gene	MAPK9	True	9	27
MAPKAP1	gene	MAPKAP1	True	1	0
MAPKAPK2	gene	MAPKAPK2	True	3	28
MAPKAPK3	gene	MAPKAPK3	True	1	2
MAPKAPK5	gene	MAPKAPK5	True	6	8
MAPRE1	gene	MAPRE1	True	3	0
MAPRE3	gene	MAPRE3	True	2	0
MAPT	gene	MAPT	True	30	0
MARCHF1	gene	MARCHF1	True	0	1
MARCHF5	gene	MARCHF5	True	0	4
MARCHF7	gene	MARCHF7	True	0	1
MARCKS	gene	MARCKS	True	2	0
MARK1	gene	MARK1	True	1	3
MARK2	gene	MARK2	True	3	11
MARK3	gene	MARK3	True	2	3
MARK4	gene	MARK4	True	1	1
MARS1	gene	MARS1	True	1	0
MASP2	gene	MASP2	True	0	1
MAST1	gene	MAST1	True	0	1
MAST2	gene	MAST2	True	0	2
MAST3	gene	MAST3	True	0	1
MASTL	gene	MASTL	True	2	2
MATR3	gene	MATR3	True	1	0
MAVS	gene	MAVS	True	6	2
MAX	gene	MAX	True	2	6
MAZ	gene	MAZ	True	2	0
MBD3	gene	MBD3	True	1	0
MBD4	gene	MBD4	True	1	0
MC1R	gene	MC1R	True	1	1
MCC	gene	MCC	True	1	0
MCF2L	gene	MCF2L	True	0	2
MCL1	gene	MCL1	True	9	2
MCM10	gene	MCM10	True	0	1
MCM2	gene	MCM2	True	5	0
MCM3	gene	MCM3	True	3	0
MCM3AP	gene	MCM3AP	True	1	0
MCM4	gene	MCM4	True	3	0
MCM6	gene	MCM6	True	1	0
MCM7	gene	MCM7	True	3	0
MCOLN1	gene	MCOLN1	True	1	0
MCRIP1	gene	MCRIP1	True	2	0
MCRS1	gene	MCRS1	True	1	0
MCTS1	gene	MCTS1	True	0	1
MCU	gene	MCU	True	1	0
MDC1	gene	MDC1	True	3	2
MDK	gene	MDK	True	0	1
MDM2	gene	MDM2	True	26	20
MDM4	gene	MDM4	True	10	1
MECOM	gene	MECOM	True	4	1
MECP2	gene	MECP2	True	2	1
MED1	gene	MED1	True	2	0
MED12	gene	MED12	True	1	0
MED13	gene	MED13	True	1	0
MED28	gene	MED28	True	1	0
MEF2A	gene	MEF2A	True	8	0
MEF2C	gene	MEF2C	True	7	0
MEF2D	gene	MEF2D	True	9	0
MEGF10	gene	MEGF10	True	1	1
MEIS1	gene	MEIS1	True	2	0
MELK	gene	MELK	True	1	3
MEN1	gene	MEN1	True	0	3
MEOX1	gene	MEOX1	True	1	0
MERTK	gene	MERTK	True	1	0
MET	gene	MET	True	6	8
METTL1	gene	METTL1	True	2	0
METTL3	gene	METTL3	True	3	0
MEX3B	gene	MEX3B	True	0	1
MFF	gene	MFF	True	2	1
MFN1	gene	MFN1	True	2	0
MFN2	gene	MFN2	True	6	0
MGA	gene	MGA	True	1	0
MGRN1	gene	MGRN1	True	1	1
MIB1	gene	MIB1	True	0	5
MIB2	gene	MIB2	True	0	1
MID1	gene	MID1	True	0	1
MIIP	gene	MIIP	True	1	0
MINK1	gene	MINK1	True	0	2
MKNK1	gene	MKNK1	True	6	4
MKNK2	gene	MKNK2	True	4	1
MKRN1	gene	MKRN1	True	0	3
MLF1	gene	MLF1	True	0	1
MMP2	gene	MMP2	True	1	2
MN1	gene	MN1	True	1	1
MNAT1	gene	MNAT1	True	0	1
MNT	gene	MNT	True	1	0
MOAP1	gene	MOAP1	True	0	1
MOB1A	gene	MOB1A	True	2	2
MOB1B	gene	MOB1B	True	2	2
MORC2	gene	MORC2	True	2	0
MOV10	gene	MOV10	True	0	1
MPG	gene	MPG	True	1	0
MPHOSPH10	gene	MPHOSPH10	True	0	2
MPLKIP	gene	MPLKIP	True	1	0
MPRIP	gene	MPRIP	True	1	0
MPZL1	gene	MPZL1	True	2	0
MRAS	gene	MRAS	True	1	0
MRE11	gene	MRE11	True	6	1
MRTFA	gene	MRTFA	True	2	1
MRTFB	gene	MRTFB	True	0	1
MSC	gene	MSC	True	0	1
MSL1	gene	MSL1	True	0	1
MSL2	gene	MSL2	True	0	2
MSN	gene	MSN	True	5	0
MST1	gene	MST1	True	0	2
MSX1	gene	MSX1	True	0	1
MSX2	gene	MSX2	True	0	1
MTCH2	gene	MTCH2	True	0	1
MTMR2	gene	MTMR2	True	1	0
MTMR4	gene	MTMR4	True	0	2
MTOR	gene	MTOR	True	5	27
MTSS1	gene	MTSS1	True	1	3
MTURN	gene	MTURN	True	1	0
MUC1	gene	MUC1	True	6	0
MUS81	gene	MUS81	True	1	0
MVD	gene	MVD	True	2	0
MXD1	gene	MXD1	True	5	0
MXD3	gene	MXD3	True	2	0
MXD4	gene	MXD4	True	2	0
MXI1	gene	MXI1	True	3	0
MYB	gene	MYB	True	5	0
MYBL1	gene	MYBL1	True	2	0
MYBL2	gene	MYBL2	True	2	0
MYC	gene	MYC	True	26	2
MYCBP2	gene	MYCBP2	True	0	3
MYCN	gene	MYCN	True	1	0
MYD88	gene	MYD88	True	1	3
MYH9	gene	MYH9	True	1	0
MYL12A	gene	MYL12A	True	3	0
MYL12B	gene	MYL12B	True	3	0
MYL9	gene	MYL9	True	7	0
MYLIP	gene	MYLIP	True	0	1
MYLK	gene	MYLK	True	6	2
MYO10	gene	MYO10	True	1	1
MYO1E	gene	MYO1E	True	1	0
MYO5A	gene	MYO5A	True	1	0
MYO6	gene	MYO6	True	1	0
MYO9B	gene	MYO9B	True	0	1
MYOM2	gene	MYOM2	True	1	0
MZF1	gene	MZF1	True	2	0
NABP2	gene	NABP2	True	1	0
NACA	gene	NACA	True	1	0
NACC1	gene	NACC1	True	0	1
NAE1	gene	NAE1	True	1	0
NAIP	gene	NAIP	True	0	1
NASP	gene	NASP	True	1	1
NBEAL2	gene	NBEAL2	True	0	1
NBN	gene	NBN	True	6	0
NBR1	gene	NBR1	True	4	3
NCAM1	gene	NCAM1	True	1	0
NCAPH2	gene	NCAPH2	True	1	0
NCK1	gene	NCK1	True	5	3
NCK2	gene	NCK2	True	3	0
NCKAP1	gene	NCKAP1	True	0	1
NCKAP5L	gene	NCKAP5L	True	1	0
NCKIPSD	gene	NCKIPSD	True	2	0
NCOA1	gene	NCOA1	True	2	0
NCOA2	gene	NCOA2	True	1	4
NCOA3	gene	NCOA3	True	12	0
NCOA4	gene	NCOA4	True	0	1
NCOA6	gene	NCOA6	True	1	0
NCOR1	gene	NCOR1	True	2	1
NCOR2	gene	NCOR2	True	6	5
NCS1	gene	NCS1	True	0	2
NCSTN	gene	NCSTN	True	2	3
NDC80	gene	NDC80	True	2	0
NDE1	gene	NDE1	True	3	0
NDEL1	gene	NDEL1	True	8	1
NDFIP1	gene	NDFIP1	True	0	1
NDN	gene	NDN	True	0	2
NDUFB6	gene	NDUFB6	True	1	0
NEDD1	gene	NEDD1	True	5	0
NEDD4	gene	NEDD4	True	3	7
NEDD4L	gene	NEDD4L	True	2	4
NEDD9	gene	NEDD9	True	2	0
NEFH	gene	NEFH	True	2	0
NEFL	gene	NEFL	True	1	0
NEIL1	gene	NEIL1	True	1	0
NEK1	gene	NEK1	True	1	2
NEK10	gene	NEK10	True	0	1
NEK2	gene	NEK2	True	2	13
NEK3	gene	NEK3	True	0	1
NEK6	gene	NEK6	True	1	10
NEK7	gene	NEK7	True	1	3
NEK9	gene	NEK9	True	2	4
NEO1	gene	NEO1	True	4	0
NET1	gene	NET1	True	1	1
NF1	gene	NF1	True	1	2
NF2	gene	NF2	True	6	2
NFASC	gene	NFASC	True	0	1
NFAT5	gene	NFAT5	True	3	0
NFATC1	gene	NFATC1	True	10	0
NFATC3	gene	NFATC3	True	4	0
NFATC4	gene	NFATC4	True	5	0
NFE2L1	gene	NFE2L1	True	1	0
NFE2L2	gene	NFE2L2	True	7	0
NFKB1	gene	NFKB1	True	9	2
NFKB2	gene	NFKB2	True	6	1
NFKBIA	gene	NFKBIA	True	16	0
NFKBIB	gene	NFKBIB	True	2	0
NFKBIE	gene	NFKBIE	True	0	1
NFX1	gene	NFX1	True	2	1
NFYA	gene	NFYA	True	1	1
NGEF	gene	NGEF	True	1	1
NGFR	gene	NGFR	True	1	0
NGLY1	gene	NGLY1	True	1	1
NHEJ1	gene	NHEJ1	True	1	0
NHERF1	gene	NHERF1	True	3	0
NHERF2	gene	NHERF2	True	1	0
NHS	gene	NHS	True	1	0
NIBAN2	gene	NIBAN2	True	1	0
NIFK	gene	NIFK	True	3	0
NINL	gene	NINL	True	2	0
NKD1	gene	NKD1	True	0	1
NLGN1	gene	NLGN1	True	0	3
NLGN2	gene	NLGN2	True	0	3
NLGN3	gene	NLGN3	True	0	3
NLGN4X	gene	NLGN4X	True	0	2
NLK	gene	NLK	True	1	7
NLRX1	gene	NLRX1	True	0	2
NME1	gene	NME1	True	2	1
NME2	gene	NME2	True	1	0
NOD1	gene	NOD1	True	0	1
NOL3	gene	NOL3	True	2	0
NOLC1	gene	NOLC1	True	1	0
NONO	gene	NONO	True	0	1
NOP53	gene	NOP53	True	1	0
NOS3	gene	NOS3	True	23	0
NOTCH1	gene	NOTCH1	True	27	4
NOTCH2	gene	NOTCH2	True	8	0
NOTCH3	gene	NOTCH3	True	5	1
NOTCH4	gene	NOTCH4	True	4	0
NOVA2	gene	NOVA2	True	1	0
NOX4	gene	NOX4	True	1	0
NPAT	gene	NPAT	True	1	0
NPHP1	gene	NPHP1	True	3	0
NPLOC4	gene	NPLOC4	True	1	1
NPM1	gene	NPM1	True	7	3
NQO1	gene	NQO1	True	1	0
NR1D1	gene	NR1D1	True	1	0
NR1H2	gene	NR1H2	True	1	0
NR1H3	gene	NR1H3	True	1	0
NR2C2	gene	NR2C2	True	2	0
NR2F1	gene	NR2F1	True	2	1
NR2F2	gene	NR2F2	True	1	2
NR2F6	gene	NR2F6	True	1	0
NR3C1	gene	NR3C1	True	15	4
NR4A1	gene	NR4A1	True	5	0
NR4A2	gene	NR4A2	True	1	0
NR5A1	gene	NR5A1	True	3	0
NRAS	gene	NRAS	True	4	4
NRBF2	gene	NRBF2	True	1	2
NRCAM	gene	NRCAM	True	2	2
NRG1	gene	NRG1	True	0	2
NRG3	gene	NRG3	True	0	1
NRGN	gene	NRGN	True	2	0
NRIP1	gene	NRIP1	True	1	0
NRL	gene	NRL	True	1	0
NRP1	gene	NRP1	True	2	0
NRP2	gene	NRP2	True	3	0
NRTN	gene	NRTN	True	0	1
NRXN1	gene	NRXN1	True	6	1
NRXN3	gene	NRXN3	True	3	1
NSD2	gene	NSD2	True	0	1
NSF	gene	NSF	True	3	0
NSFL1C	gene	NSFL1C	True	1	0
NSMCE1	gene	NSMCE1	True	1	0
NSMCE3	gene	NSMCE3	True	0	1
NSUN2	gene	NSUN2	True	1	0
NTN1	gene	NTN1	True	0	3
NTN3	gene	NTN3	True	0	1
NTN4	gene	NTN4	True	0	1
NTRK2	gene	NTRK2	True	2	5
NUAK1	gene	NUAK1	True	2	5
NUAK2	gene	NUAK2	True	1	2
NUCKS1	gene	NUCKS1	True	1	0
NUCLEOLIN	gene	NUCLEOLIN	True	0	2
NUDC	gene	NUDC	True	1	0
NUDCD2	gene	NUDCD2	True	0	1
NUMA1	gene	NUMA1	True	2	0
NUMB	gene	NUMB	True	5	5
NUP153	gene	NUP153	True	1	0
NUP210	gene	NUP210	True	1	0
NUP214	gene	NUP214	True	0	2
NUP50	gene	NUP50	True	3	0
NUP62	gene	NUP62	True	1	0
NUP98	gene	NUP98	True	3	0
NUTF2	gene	NUTF2	True	0	1
NXF1	gene	NXF1	True	2	0
OBSCN	gene	OBSCN	True	1	1
OCLN	gene	OCLN	True	4	0
OCRL	gene	OCRL	True	1	0
ODF2	gene	ODF2	True	1	0
OGT	gene	OGT	True	3	0
OPHN1	gene	OPHN1	True	0	3
OPRK1	gene	OPRK1	True	1	4
OPTN	gene	OPTN	True	3	0
ORC1	gene	ORC1	True	1	0
ORC2	gene	ORC2	True	1	0
OSBP	gene	OSBP	True	1	0
OTUB1	gene	OTUB1	True	1	2
OTUD5	gene	OTUD5	True	1	1
OTULIN	gene	OTULIN	True	0	1
OXSR1	gene	OXSR1	True	1	2
OXTR	gene	OXTR	True	0	3
PA2G4	gene	PA2G4	True	2	0
PABIR1	gene	PABIR1	True	1	1
PABPC1	gene	PABPC1	True	3	1
PABPC4	gene	PABPC4	True	0	1
PACS1	gene	PACS1	True	1	0
PAFAH1B1	gene	PAFAH1B1	True	3	3
PAG1	gene	PAG1	True	1	0
PAIP2	gene	PAIP2	True	1	0
PAK1	gene	PAK1	True	17	37
PAK2	gene	PAK2	True	4	11
PAK3	gene	PAK3	True	0	3
PAK4	gene	PAK4	True	1	9
PAK5	gene	PAK5	True	0	4
PALB2	gene	PALB2	True	1	3
PAN2	gene	PAN2	True	1	0
PANX1	gene	PANX1	True	1	0
PAPOLA	gene	PAPOLA	True	1	0
PARD3	gene	PARD3	True	2	0
PARD6A	gene	PARD6A	True	3	0
PARK7	gene	PARK7	True	2	0
PARN	gene	PARN	True	1	0
PARP1	gene	PARP1	True	8	4
PARP10	gene	PARP10	True	1	0
PARVA	gene	PARVA	True	1	0
PASK	gene	PASK	True	0	2
PATZ1	gene	PATZ1	True	0	1
PAWR	gene	PAWR	True	2	0
PAX3	gene	PAX3	True	4	1
PAX6	gene	PAX6	True	1	0
PAX9	gene	PAX9	True	1	0
PBK	gene	PBK	True	2	6
PBX1	gene	PBX1	True	3	1
PBXIP1	gene	PBXIP1	True	1	1
PCBP1	gene	PCBP1	True	1	0
PCBP2	gene	PCBP2	True	2	2
PCGF2	gene	PCGF2	True	0	1
PCM1	gene	PCM1	True	2	1
PCNA	gene	PCNA	True	8	0
PCNP	gene	PCNP	True	1	0
PCNT	gene	PCNT	True	1	1
PCYT1A	gene	PCYT1A	True	2	0
PDCD10	gene	PDCD10	True	1	0
PDCD4	gene	PDCD4	True	4	0
PDCD5	gene	PDCD5	True	1	0
PDCD6IP	gene	PDCD6IP	True	1	0
PDCL	gene	PDCL	True	2	0
PDE3A	gene	PDE3A	True	2	0
PDE3B	gene	PDE3B	True	2	0
PDE4A	gene	PDE4A	True	1	0
PDE4B	gene	PDE4B	True	1	0
PDE4D	gene	PDE4D	True	3	0
PDGFA	gene	PDGFA	True	0	1
PDGFRA	gene	PDGFRA	True	3	4
PDGFRB	gene	PDGFRB	True	8	13
PDHA1	gene	PDHA1	True	7	0
PDIK1L	gene	PDIK1L	True	1	0
PDK1	gene	PDK1	True	2	4
PDK2	gene	PDK2	True	0	2
PDK3	gene	PDK3	True	0	1
PDP1	gene	PDP1	True	1	2
PDP2	gene	PDP2	True	0	2
PDPK1	gene	PDPK1	True	4	21
PDXP	gene	PDXP	True	0	1
PEA15	gene	PEA15	True	4	0
PEBP1	gene	PEBP1	True	3	1
PELI1	gene	PELI1	True	4	1
PELI2	gene	PELI2	True	2	0
PELI3	gene	PELI3	True	1	2
PELP1	gene	PELP1	True	2	0
PER1	gene	PER1	True	6	0
PER2	gene	PER2	True	2	0
PER3	gene	PER3	True	2	0
PEX1	gene	PEX1	True	1	0
PEX12	gene	PEX12	True	0	1
PEX13	gene	PEX13	True	1	0
PEX14	gene	PEX14	True	0	3
PEX19	gene	PEX19	True	1	0
PEX2	gene	PEX2	True	0	1
PEX26	gene	PEX26	True	0	1
PEX3	gene	PEX3	True	0	1
PEX5	gene	PEX5	True	4	0
PEX6	gene	PEX6	True	1	1
PEX7	gene	PEX7	True	1	0
PFAS	gene	PFAS	True	1	0
PFKFB2	gene	PFKFB2	True	7	0
PFKFB3	gene	PFKFB3	True	6	0
PFKFB4	gene	PFKFB4	True	0	1
PFKP	gene	PFKP	True	0	1
PFN1	gene	PFN1	True	3	0
PGAM1	gene	PGAM1	True	3	0
PGAM5	gene	PGAM5	True	1	1
PGD	gene	PGD	True	1	0
PGK1	gene	PGK1	True	1	1
PGM1	gene	PGM1	True	2	0
PHACTR1	gene	PHACTR1	True	0	1
PHB1	gene	PHB1	True	2	0
PHB2	gene	PHB2	True	3	1
PHF12	gene	PHF12	True	0	1
PHF20	gene	PHF20	True	1	0
PHF21A	gene	PHF21A	True	0	1
PHF8	gene	PHF8	True	1	1
PHIP	gene	PHIP	True	0	1
PHKA1	gene	PHKA1	True	1	0
PHKA2	gene	PHKA2	True	0	1
PHKG2	gene	PHKG2	True	1	1
PHLDA1	gene	PHLDA1	True	1	0
PHLPP1	gene	PHLPP1	True	2	7
PHLPP2	gene	PHLPP2	True	0	6
PHOX2A	gene	PHOX2A	True	1	0
PI4K2A	gene	PI4K2A	True	0	1
PI4KB	gene	PI4KB	True	3	0
PIAS1	gene	PIAS1	True	5	3
PIAS2	gene	PIAS2	True	2	0
PIAS3	gene	PIAS3	True	0	2
PIAS4	gene	PIAS4	True	0	4
PICALM	gene	PICALM	True	0	2
PICK1	gene	PICK1	True	0	1
PIDD1	gene	PIDD1	True	1	0
PIGBOS1	gene	PIGBOS1	True	1	0
PIGF	gene	PIGF	True	0	1
PIGG	gene	PIGG	True	1	0
PIGK	gene	PIGK	True	1	0
PIGS	gene	PIGS	True	0	2
PIK3AP1	gene	PIK3AP1	True	0	1
PIK3C2A	gene	PIK3C2A	True	1	0
PIK3C2B	gene	PIK3C2B	True	2	0
PIK3C3	gene	PIK3C3	True	9	0
PIK3CA	gene	PIK3CA	True	9	2
PIK3CB	gene	PIK3CB	True	4	1
PIK3CD	gene	PIK3CD	True	3	0
PIK3R1	gene	PIK3R1	True	17	2
PIK3R3	gene	PIK3R3	True	1	2
PIK3R4	gene	PIK3R4	True	2	1
PIKFYVE	gene	PIKFYVE	True	1	0
PIM1	gene	PIM1	True	0	18
PIM2	gene	PIM2	True	0	6
PIM3	gene	PIM3	True	0	2
PIMREG	gene	PIMREG	True	1	0
PIN1	gene	PIN1	True	7	4
PIN4	gene	PIN4	True	1	0
PINK1	gene	PINK1	True	1	13
PINX1	gene	PINX1	True	1	0
PIP4K2A	gene	PIP4K2A	True	2	0
PIP4K2B	gene	PIP4K2B	True	1	0
PIP5K1A	gene	PIP5K1A	True	1	0
PIP5K1B	gene	PIP5K1B	True	1	0
PIP5K1C	gene	PIP5K1C	True	3	0
PITPNC1	gene	PITPNC1	True	1	0
PITPNM1	gene	PITPNM1	True	2	0
PITRM1	gene	PITRM1	True	0	1
PITX1	gene	PITX1	True	1	0
PJA1	gene	PJA1	True	0	3
PJA2	gene	PJA2	True	1	1
PKD1	gene	PKD1	True	1	1
PKD2	gene	PKD2	True	2	0
PKIA	gene	PKIA	True	1	0
PKM	gene	PKM	True	4	2
PKMYT1	gene	PKMYT1	True	2	1
PKN1	gene	PKN1	True	3	10
PKN2	gene	PKN2	True	3	0
PKN3	gene	PKN3	True	0	1
PKNOX1	gene	PKNOX1	True	0	2
PLA2G4A	gene	PLA2G4A	True	7	0
PLAU	gene	PLAU	True	0	1
PLAUR	gene	PLAUR	True	1	0
PLCB1	gene	PLCB1	True	5	0
PLCB3	gene	PLCB3	True	4	0
PLCE1	gene	PLCE1	True	1	0
PLCG1	gene	PLCG1	True	15	2
PLCG2	gene	PLCG2	True	3	1
PLD2	gene	PLD2	True	4	0
PLEC	gene	PLEC	True	1	0
PLEKHG2	gene	PLEKHG2	True	1	0
PLEKHG6	gene	PLEKHG6	True	2	0
PLIN3	gene	PLIN3	True	2	2
PLK1	gene	PLK1	True	13	96
PLK2	gene	PLK2	True	0	7
PLK3	gene	PLK3	True	0	12
PLK4	gene	PLK4	True	0	5
PLRG1	gene	PLRG1	True	0	1
PLSCR1	gene	PLSCR1	True	3	0
PLXNA1	gene	PLXNA1	True	1	0
PLXNA2	gene	PLXNA2	True	2	0
PLXNA4	gene	PLXNA4	True	2	0
PLXNB1	gene	PLXNB1	True	1	0
PLXNC1	gene	PLXNC1	True	1	0
PMAIP1	gene	PMAIP1	True	1	0
PML	gene	PML	True	9	3
PNCK	gene	PNCK	True	0	1
PNKP	gene	PNKP	True	2	0
PNPLA8	gene	PNPLA8	True	1	0
PNPT1	gene	PNPT1	True	1	0
POFUT1	gene	POFUT1	True	0	1
POGLUT1	gene	POGLUT1	True	0	1
POGZ	gene	POGZ	True	0	1
POLA1	gene	POLA1	True	3	0
POLD3	gene	POLD3	True	1	0
POLH	gene	POLH	True	3	0
POLL	gene	POLL	True	3	0
POLR2A	gene	POLR2A	True	10	0
POLR2E	gene	POLR2E	True	1	0
POMC	gene	POMC	True	0	2
POT1	gene	POT1	True	0	1
POU2F1	gene	POU2F1	True	3	0
POU2F2	gene	POU2F2	True	1	0
POU3F1	gene	POU3F1	True	2	0
POU5F1	gene	POU5F1	True	9	0
POU6F1	gene	POU6F1	True	1	0
PPARA	gene	PPARA	True	6	0
PPARD	gene	PPARD	True	2	0
PPARGC1A	gene	PPARGC1A	True	8	0
PPFIA1	gene	PPFIA1	True	0	1
PPIF	gene	PPIF	True	2	0
PPM1A	gene	PPM1A	True	0	10
PPM1B	gene	PPM1B	True	0	5
PPM1D	gene	PPM1D	True	1	14
PPM1E	gene	PPM1E	True	0	1
PPM1F	gene	PPM1F	True	0	4
PPM1G	gene	PPM1G	True	1	1
PPM1L	gene	PPM1L	True	0	2
PPME1	gene	PPME1	True	0	1
PPP1CA	gene	PPP1CA	True	9	23
PPP1CB	gene	PPP1CB	True	0	7
PPP1CC	gene	PPP1CC	True	3	10
PPP1R12A	gene	PPP1R12A	True	7	0
PPP1R12B	gene	PPP1R12B	True	1	0
PPP1R12C	gene	PPP1R12C	True	2	0
PPP1R13L	gene	PPP1R13L	True	1	0
PPP1R14B	gene	PPP1R14B	True	1	0
PPP1R15A	gene	PPP1R15A	True	3	1
PPP1R16B	gene	PPP1R16B	True	1	0
PPP1R17	gene	PPP1R17	True	1	0
PPP1R1A	gene	PPP1R1A	True	1	0
PPP1R2	gene	PPP1R2	True	4	1
PPP1R3C	gene	PPP1R3C	True	1	1
PPP1R8	gene	PPP1R8	True	4	1
PPP1R9B	gene	PPP1R9B	True	3	1
PPP2CA	gene	PPP2CA	True	10	42
PPP2CB	gene	PPP2CB	True	5	19
PPP2R1A	gene	PPP2R1A	True	0	3
PPP2R1B	gene	PPP2R1B	True	0	1
PPP2R2A	gene	PPP2R2A	True	1	3
PPP2R5A	gene	PPP2R5A	True	2	0
PPP2R5B	gene	PPP2R5B	True	0	4
PPP2R5C	gene	PPP2R5C	True	5	3
PPP2R5D	gene	PPP2R5D	True	2	0
PPP3CA	gene	PPP3CA	True	3	7
PPP3CB	gene	PPP3CB	True	1	3
PPP3CC	gene	PPP3CC	True	1	4
PPP4C	gene	PPP4C	True	1	6
PPP4R3A	gene	PPP4R3A	True	0	1
PPP5C	gene	PPP5C	True	4	4
PPP6C	gene	PPP6C	True	0	2
PRC1	gene	PRC1	True	3	0
PRCC	gene	PRCC	True	0	1
PRDX1	gene	PRDX1	True	7	0
PRDX6	gene	PRDX6	True	1	0
PREX1	gene	PREX1	True	0	1
PREX2	gene	PREX2	True	1	2
PRICKLE1	gene	PRICKLE1	True	1	0
PRKAA1	gene	PRKAA1	True	7	58
PRKAA2	gene	PRKAA2	True	4	16
PRKAB1	gene	PRKAB1	True	1	3
PRKACA	gene	PRKACA	True	4	140
PRKACB	gene	PRKACB	True	4	4
PRKAR1A	gene	PRKAR1A	True	2	2
PRKAR1B	gene	PRKAR1B	True	0	2
PRKAR2A	gene	PRKAR2A	True	1	2
PRKAR2B	gene	PRKAR2B	True	1	1
PRKCA	gene	PRKCA	True	6	122
PRKCD	gene	PRKCD	True	10	61
PRKCE	gene	PRKCE	True	2	19
PRKCG	gene	PRKCG	True	1	21
PRKCI	gene	PRKCI	True	1	8
PRKCQ	gene	PRKCQ	True	2	11
PRKD1	gene	PRKD1	True	5	27
PRKD2	gene	PRKD2	True	2	3
PRKD3	gene	PRKD3	True	0	1
PRKDC	gene	PRKDC	True	6	25
PRKG1	gene	PRKG1	True	1	14
PRKN	gene	PRKN	True	10	18
PRKX	gene	PRKX	True	0	2
PRMT1	gene	PRMT1	True	0	2
PRMT5	gene	PRMT5	True	3	1
PRNP	gene	PRNP	True	1	0
PROC	gene	PROC	True	1	0
PROS1	gene	PROS1	True	0	1
PRP4K	gene	PRP4K	True	0	2
PRPF3	gene	PRPF3	True	2	0
PRPS1	gene	PRPS1	True	3	0
PRPS2	gene	PRPS2	True	1	0
PRRX1	gene	PRRX1	True	1	3
PSEN1	gene	PSEN1	True	16	2
PSEN2	gene	PSEN2	True	8	0
PSENEN	gene	PSENEN	True	1	1
PSIP1	gene	PSIP1	True	2	0
PSMA5	gene	PSMA5	True	0	1
PSMA6	gene	PSMA6	True	0	1
PSMA7	gene	PSMA7	True	2	1
PSMC4	gene	PSMC4	True	1	0
PSMD2	gene	PSMD2	True	3	0
PSMD4	gene	PSMD4	True	5	0
PSME3	gene	PSME3	True	1	0
PSTPIP1	gene	PSTPIP1	True	2	1
PTBP1	gene	PTBP1	True	2	0
PTCH1	gene	PTCH1	True	1	2
PTEN	gene	PTEN	True	14	5
PTGES3	gene	PTGES3	True	1	1
PTK2	gene	PTK2	True	22	11
PTK2B	gene	PTK2B	True	3	11
PTK7	gene	PTK7	True	0	1
PTN	gene	PTN	True	0	1
PTP4A3	gene	PTP4A3	True	1	2
PTPA	gene	PTPA	True	0	1
PTPN1	gene	PTPN1	True	9	28
PTPN11	gene	PTPN11	True	9	20
PTPN12	gene	PTPN12	True	1	10
PTPN13	gene	PTPN13	True	0	8
PTPN14	gene	PTPN14	True	0	1
PTPN18	gene	PTPN18	True	1	1
PTPN2	gene	PTPN2	True	0	16
PTPN21	gene	PTPN21	True	0	1
PTPN3	gene	PTPN3	True	0	1
PTPN9	gene	PTPN9	True	0	5
PTPRA	gene	PTPRA	True	2	2
PTPRD	gene	PTPRD	True	1	1
PTPRE	gene	PTPRE	True	0	3
PTPRF	gene	PTPRF	True	3	4
PTPRG	gene	PTPRG	True	0	23
PTPRJ	gene	PTPRJ	True	1	10
PTPRK	gene	PTPRK	True	0	1
PTPRM	gene	PTPRM	True	0	2
PTPRO	gene	PTPRO	True	0	1
PTPRS	gene	PTPRS	True	2	1
PTPRU	gene	PTPRU	True	0	1
PTPRZ1	gene	PTPRZ1	True	0	3
PTRH2	gene	PTRH2	True	1	0
PTS	gene	PTS	True	1	0
PTTG1	gene	PTTG1	True	6	1
PTTG1IP	gene	PTTG1IP	True	1	0
PXN	gene	PXN	True	8	0
PYGL	gene	PYGL	True	1	0
PYGO1	gene	PYGO1	True	1	0
RAB11FIP1	gene	RAB11FIP1	True	1	0
RAB11FIP2	gene	RAB11FIP2	True	1	0
RAB11FIP3	gene	RAB11FIP3	True	1	0
RAB11FIP5	gene	RAB11FIP5	True	1	0
RAB14	gene	RAB14	True	0	1
RAB1A	gene	RAB1A	True	0	3
RAB2A	gene	RAB2A	True	0	1
RAB33B	gene	RAB33B	True	0	1
RAB3A	gene	RAB3A	True	3	0
RAB3C	gene	RAB3C	True	1	0
RAB3IP	gene	RAB3IP	True	1	0
RAB4A	gene	RAB4A	True	0	1
RAB5A	gene	RAB5A	True	4	2
RAB5C	gene	RAB5C	True	0	1
RAB8A	gene	RAB8A	True	3	0
RAB9A	gene	RAB9A	True	0	2
RABEP1	gene	RABEP1	True	1	1
RABEPK	gene	RABEPK	True	1	0
RABGGTA	gene	RABGGTA	True	1	1
RABGGTB	gene	RABGGTB	True	0	2
RAC1	gene	RAC1	True	24	5
RAC3	gene	RAC3	True	0	1
RACGAP1	gene	RACGAP1	True	3	0
RACK1	gene	RACK1	True	1	1
RAD17	gene	RAD17	True	2	0
RAD18	gene	RAD18	True	0	1
RAD21	gene	RAD21	True	3	0
RAD23A	gene	RAD23A	True	1	0
RAD23B	gene	RAD23B	True	2	1
RAD50	gene	RAD50	True	1	3
RAD51	gene	RAD51	True	9	0
RAD51AP1	gene	RAD51AP1	True	0	1
RAD51D	gene	RAD51D	True	1	0
RAD52	gene	RAD52	True	1	0
RAD54L	gene	RAD54L	True	1	0
RAD9A	gene	RAD9A	True	4	0
RAE1	gene	RAE1	True	0	1
RAF1	gene	RAF1	True	29	8
RALA	gene	RALA	True	2	1
RALBP1	gene	RALBP1	True	1	1
RALGDS	gene	RALGDS	True	0	1
RAMAC	gene	RAMAC	True	0	1
RAN	gene	RAN	True	2	2
RANBP2	gene	RANBP2	True	2	1
RANBP3	gene	RANBP3	True	2	0
RANBP9	gene	RANBP9	True	2	1
RANGAP1	gene	RANGAP1	True	2	0
RAP1A	gene	RAP1A	True	7	2
RAP1B	gene	RAP1B	True	2	0
RAP1GAP	gene	RAP1GAP	True	1	2
RAP1GDS1	gene	RAP1GDS1	True	0	6
RAPGEF1	gene	RAPGEF1	True	3	0
RAPGEF2	gene	RAPGEF2	True	4	1
RAPGEF3	gene	RAPGEF3	True	0	2
RAPGEF4	gene	RAPGEF4	True	0	1
RAPGEF5	gene	RAPGEF5	True	0	1
RAPH1	gene	RAPH1	True	1	1
RARA	gene	RARA	True	6	2
RARB	gene	RARB	True	1	3
RARG	gene	RARG	True	4	2
RASA1	gene	RASA1	True	4	1
RASSF1	gene	RASSF1	True	6	2
RAVER1	gene	RAVER1	True	0	1
RB1	gene	RB1	True	14	4
RB1CC1	gene	RB1CC1	True	2	0
RBBP6	gene	RBBP6	True	0	2
RBBP7	gene	RBBP7	True	1	0
RBBP8	gene	RBBP8	True	7	0
RBCK1	gene	RBCK1	True	0	2
RBL1	gene	RBL1	True	2	0
RBL2	gene	RBL2	True	3	0
RBM17	gene	RBM17	True	1	0
RBM38	gene	RBM38	True	2	0
RBM39	gene	RBM39	True	2	0
RBM8A	gene	RBM8A	True	1	0
RBPJ	gene	RBPJ	True	7	4
RBSN	gene	RBSN	True	1	0
RCAN1	gene	RCAN1	True	5	1
RCC1	gene	RCC1	True	2	0
RCHY1	gene	RCHY1	True	2	1
RCOR1	gene	RCOR1	True	0	2
RDX	gene	RDX	True	2	0
RECQL4	gene	RECQL4	True	4	0
REL	gene	REL	True	2	0
RELA	gene	RELA	True	22	4
RELB	gene	RELB	True	1	0
REST	gene	REST	True	2	0
RFC1	gene	RFC1	True	1	0
RFWD3	gene	RFWD3	True	0	2
RFX1	gene	RFX1	True	0	1
RFX5	gene	RFX5	True	1	0
RGMA	gene	RGMA	True	0	1
RGS10	gene	RGS10	True	1	0
RGS14	gene	RGS14	True	1	0
RGS16	gene	RGS16	True	3	0
RGS19	gene	RGS19	True	1	0
RGS2	gene	RGS2	True	1	0
RGS7	gene	RGS7	True	1	0
RHEB	gene	RHEB	True	4	2
RHOA	gene	RHOA	True	27	9
RHOB	gene	RHOB	True	2	0
RHOC	gene	RHOC	True	1	0
RHOQ	gene	RHOQ	True	0	1
RHOT1	gene	RHOT1	True	2	0
RHOU	gene	RHOU	True	1	0
RICTOR	gene	RICTOR	True	3	0
RIF1	gene	RIF1	True	2	0
RIMS1	gene	RIMS1	True	2	2
RIMS2	gene	RIMS2	True	1	2
RIN1	gene	RIN1	True	3	2
RING1	gene	RING1	True	0	1
RINT1	gene	RINT1	True	2	0
RIOK1	gene	RIOK1	True	1	0
RIOK2	gene	RIOK2	True	1	0
RIOK3	gene	RIOK3	True	0	1
RIPK1	gene	RIPK1	True	8	6
RIPK2	gene	RIPK2	True	1	0
RIT1	gene	RIT1	True	3	1
RITA1	gene	RITA1	True	0	1
RLF	gene	RLF	True	0	1
RLIM	gene	RLIM	True	0	3
RND3	gene	RND3	True	1	0
RNF11	gene	RNF11	True	1	3
RNF111	gene	RNF111	True	1	7
RNF123	gene	RNF123	True	0	1
RNF125	gene	RNF125	True	0	1
RNF138	gene	RNF138	True	2	1
RNF139	gene	RNF139	True	0	1
RNF144A	gene	RNF144A	True	0	1
RNF146	gene	RNF146	True	0	4
RNF167	gene	RNF167	True	1	0
RNF168	gene	RNF168	True	0	1
RNF19A	gene	RNF19A	True	0	1
RNF19B	gene	RNF19B	True	1	1
RNF2	gene	RNF2	True	2	1
RNF20	gene	RNF20	True	1	0
RNF208	gene	RNF208	True	0	1
RNF216	gene	RNF216	True	0	2
RNF31	gene	RNF31	True	0	1
RNF34	gene	RNF34	True	0	1
RNF4	gene	RNF4	True	2	3
RNF40	gene	RNF40	True	1	0
RNF41	gene	RNF41	True	1	2
RNF5	gene	RNF5	True	0	3
RNF7	gene	RNF7	True	3	2
RNF8	gene	RNF8	True	1	3
RNMT	gene	RNMT	True	3	0
ROBO1	gene	ROBO1	True	1	0
ROBO2	gene	ROBO2	True	1	0
ROCK1	gene	ROCK1	True	2	24
ROCK2	gene	ROCK2	True	1	4
ROR1	gene	ROR1	True	1	1
ROR2	gene	ROR2	True	3	1
RORA	gene	RORA	True	1	0
RPA1	gene	RPA1	True	1	2
RPA2	gene	RPA2	True	4	0
RPAP2	gene	RPAP2	True	0	1
RPL10	gene	RPL10	True	0	1
RPL13A	gene	RPL13A	True	1	0
RPL26	gene	RPL26	True	1	0
RPLP2	gene	RPLP2	True	1	0
RPRD1B	gene	RPRD1B	True	1	0
RPS19	gene	RPS19	True	1	0
RPS27A	gene	RPS27A	True	1	0
RPS3	gene	RPS3	True	7	0
RPS6	gene	RPS6	True	2	0
RPS6KA1	gene	RPS6KA1	True	3	32
RPS6KA2	gene	RPS6KA2	True	3	4
RPS6KA3	gene	RPS6KA3	True	7	20
RPS6KA4	gene	RPS6KA4	True	2	5
RPS6KA5	gene	RPS6KA5	True	4	13
RPS6KA6	gene	RPS6KA6	True	0	1
RPS6KB1	gene	RPS6KB1	True	9	20
RPS6KB2	gene	RPS6KB2	True	2	3
RPS6KC1	gene	RPS6KC1	True	0	1
RPTOR	gene	RPTOR	True	10	0
RRAGC	gene	RRAGC	True	1	1
RRAGD	gene	RRAGD	True	0	1
RRAS	gene	RRAS	True	2	0
RRM1	gene	RRM1	True	1	0
RRM2	gene	RRM2	True	1	0
RRM2B	gene	RRM2B	True	1	1
RRN3	gene	RRN3	True	5	0
RSF1	gene	RSF1	True	1	0
RSPH3	gene	RSPH3	True	1	0
RTKN	gene	RTKN	True	1	0
RTN4	gene	RTN4	True	0	1
RUBCN	gene	RUBCN	True	0	1
RUFY1	gene	RUFY1	True	2	0
RUNX2	gene	RUNX2	True	13	0
RUSC1	gene	RUSC1	True	1	1
RWDD3	gene	RWDD3	True	0	1
RXRA	gene	RXRA	True	12	4
RXRB	gene	RXRB	True	2	10
RYBP	gene	RYBP	True	0	1
RYK	gene	RYK	True	1	4
RYR2	gene	RYR2	True	1	0
S1PR1	gene	S1PR1	True	1	2
S1PR2	gene	S1PR2	True	0	4
SACK1D	gene	SACK1D	True	0	1
SACK1H	gene	SACK1H	True	0	3
SAFB	gene	SAFB	True	0	1
SALL4	gene	SALL4	True	1	0
SAMHD1	gene	SAMHD1	True	1	0
SAP18	gene	SAP18	True	1	0
SAR1A	gene	SAR1A	True	0	2
SARM1	gene	SARM1	True	1	0
SASS6	gene	SASS6	True	1	0
SATB2	gene	SATB2	True	1	0
SAV1	gene	SAV1	True	1	2
SBDS	gene	SBDS	True	0	1
SBF1	gene	SBF1	True	0	1
SCAF11	gene	SCAF11	True	0	1
SCAMP1	gene	SCAMP1	True	1	0
SCAMP3	gene	SCAMP3	True	1	0
SCAND1	gene	SCAND1	True	0	1
SCAP	gene	SCAP	True	2	2
SCN1A	gene	SCN1A	True	1	0
SCN2A	gene	SCN2A	True	1	0
SCN8A	gene	SCN8A	True	3	0
SCN9A	gene	SCN9A	True	1	0
SCRIB	gene	SCRIB	True	1	0
SCYL1	gene	SCYL1	True	1	0
SDC2	gene	SDC2	True	1	0
SDC4	gene	SDC4	True	4	1
SDCBP	gene	SDCBP	True	0	1
SDHA	gene	SDHA	True	1	0
SEC14L2	gene	SEC14L2	True	1	0
SEC23A	gene	SEC23A	True	2	0
SEC23B	gene	SEC23B	True	1	0
SEC23IP	gene	SEC23IP	True	0	1
SEC24A	gene	SEC24A	True	1	0
SEC31A	gene	SEC31A	True	1	0
SEC62	gene	SEC62	True	1	0
SEC63	gene	SEC63	True	2	1
SECISBP2L	gene	SECISBP2L	True	1	0
SELENOS	gene	SELENOS	True	0	2
SEMA3A	gene	SEMA3A	True	0	4
SEMA3B	gene	SEMA3B	True	0	4
SEMA3C	gene	SEMA3C	True	0	1
SEMA4D	gene	SEMA4D	True	0	1
SEMA7A	gene	SEMA7A	True	0	1
SENP2	gene	SENP2	True	1	0
SEPTIN2	gene	SEPTIN2	True	1	0
SEPTIN3	gene	SEPTIN3	True	1	0
SEPTIN4	gene	SEPTIN4	True	1	1
SERINC3	gene	SERINC3	True	1	0
SERINC5	gene	SERINC5	True	1	0
SET	gene	SET	True	2	2
SETBP1	gene	SETBP1	True	0	1
SETMAR	gene	SETMAR	True	1	0
SF1	gene	SF1	True	2	2
SF3B1	gene	SF3B1	True	2	0
SFPQ	gene	SFPQ	True	3	1
SGK1	gene	SGK1	True	5	23
SGO1	gene	SGO1	True	3	0
SGTA	gene	SGTA	True	1	1
SH2B1	gene	SH2B1	True	0	1
SH2B2	gene	SH2B2	True	1	2
SH3BP1	gene	SH3BP1	True	0	1
SH3BP4	gene	SH3BP4	True	0	1
SH3BP5	gene	SH3BP5	True	1	0
SH3GL1	gene	SH3GL1	True	1	0
SH3GL2	gene	SH3GL2	True	1	0
SH3GLB1	gene	SH3GLB1	True	0	2
SH3KBP1	gene	SH3KBP1	True	0	1
SH3PXD2A	gene	SH3PXD2A	True	1	0
SH3PXD2B	gene	SH3PXD2B	True	1	0
SH3RF1	gene	SH3RF1	True	2	8
SHANK3	gene	SHANK3	True	1	0
SHC1	gene	SHC1	True	20	3
SHC2	gene	SHC2	True	1	0
SHC3	gene	SHC3	True	5	1
SHCBP1	gene	SHCBP1	True	1	0
SHOC2	gene	SHOC2	True	1	2
SHPRH	gene	SHPRH	True	0	1
SIAH1	gene	SIAH1	True	3	4
SIAH2	gene	SIAH2	True	1	2
SIGIRR	gene	SIGIRR	True	1	0
SIK2	gene	SIK2	True	1	6
SIK3	gene	SIK3	True	1	1
SIKE1	gene	SIKE1	True	1	0
SIL1	gene	SIL1	True	0	1
SIN3A	gene	SIN3A	True	4	0
SIN3B	gene	SIN3B	True	0	1
SIRT1	gene	SIRT1	True	8	13
SIRT2	gene	SIRT2	True	4	1
SIRT3	gene	SIRT3	True	1	0
SIRT5	gene	SIRT5	True	0	1
SIRT6	gene	SIRT6	True	1	0
SIRT7	gene	SIRT7	True	1	1
SIVA1	gene	SIVA1	True	1	0
SKA3	gene	SKA3	True	2	0
SKI	gene	SKI	True	3	4
SKIL	gene	SKIL	True	3	3
SKP1	gene	SKP1	True	1	1
SKP2	gene	SKP2	True	4	8
SLBP	gene	SLBP	True	2	0
SLC12A2	gene	SLC12A2	True	2	0
SLC12A5	gene	SLC12A5	True	1	0
SLC12A6	gene	SLC12A6	True	3	0
SLC1A3	gene	SLC1A3	True	1	0
SLC29A1	gene	SLC29A1	True	2	0
SLC2A4	gene	SLC2A4	True	1	0
SLC4A3	gene	SLC4A3	True	1	0
SLC4A4	gene	SLC4A4	True	1	0
SLC6A9	gene	SLC6A9	True	1	0
SLC8B1	gene	SLC8B1	True	1	0
SLC9A1	gene	SLC9A1	True	5	0
SLC9A3	gene	SLC9A3	True	2	0
SLC9A5	gene	SLC9A5	True	3	0
SLIT1	gene	SLIT1	True	0	1
SLIT2	gene	SLIT2	True	0	2
SLITRK1	gene	SLITRK1	True	1	0
SLK	gene	SLK	True	1	1
SLX4	gene	SLX4	True	0	1
SMAD1	gene	SMAD1	True	25	3
SMAD2	gene	SMAD2	True	27	3
SMAD3	gene	SMAD3	True	42	4
SMAD4	gene	SMAD4	True	25	0
SMAD5	gene	SMAD5	True	5	1
SMAD6	gene	SMAD6	True	3	7
SMAD7	gene	SMAD7	True	8	9
SMAD9	gene	SMAD9	True	2	1
SMARCA2	gene	SMARCA2	True	1	1
SMARCA4	gene	SMARCA4	True	2	3
SMARCAD1	gene	SMARCAD1	True	0	1
SMARCB1	gene	SMARCB1	True	0	2
SMARCC1	gene	SMARCC1	True	2	0
SMARCC2	gene	SMARCC2	True	2	0
SMC1A	gene	SMC1A	True	1	0
SMC3	gene	SMC3	True	1	4
SMCR8	gene	SMCR8	True	0	1
SMG1	gene	SMG1	True	0	2
SMN1	gene	SMN1	True	2	0
SMO	gene	SMO	True	2	13
SMPD1	gene	SMPD1	True	1	0
SMURF1	gene	SMURF1	True	3	10
SMURF2	gene	SMURF2	True	4	10
SNAI1	gene	SNAI1	True	9	0
SNAI2	gene	SNAI2	True	2	0
SNAP25	gene	SNAP25	True	3	0
SNAP29	gene	SNAP29	True	1	0
SNAPIN	gene	SNAPIN	True	1	1
SNCA	gene	SNCA	True	14	1
SNCAIP	gene	SNCAIP	True	5	1
SNCG	gene	SNCG	True	1	0
SND1	gene	SND1	True	0	1
SNIP1	gene	SNIP1	True	0	1
SNRK	gene	SNRK	True	1	0
SNTA1	gene	SNTA1	True	1	0
SNTB1	gene	SNTB1	True	0	1
SNUPN	gene	SNUPN	True	1	0
SNW1	gene	SNW1	True	2	0
SNX27	gene	SNX27	True	1	0
SNX5	gene	SNX5	True	0	1
SNX8	gene	SNX8	True	1	0
SNX9	gene	SNX9	True	1	2
SOCS1	gene	SOCS1	True	1	3
SOCS3	gene	SOCS3	True	0	3
SOCS5	gene	SOCS5	True	0	1
SOCS6	gene	SOCS6	True	0	1
SOD1	gene	SOD1	True	1	2
SOD2	gene	SOD2	True	1	0
SORBS1	gene	SORBS1	True	1	1
SORBS2	gene	SORBS2	True	1	0
SORBS3	gene	SORBS3	True	1	0
SORL1	gene	SORL1	True	1	0
SORT1	gene	SORT1	True	1	0
SOS1	gene	SOS1	True	7	3
SOS2	gene	SOS2	True	1	1
SOX2	gene	SOX2	True	5	0
SOX4	gene	SOX4	True	1	1
SOX8	gene	SOX8	True	1	0
SOX9	gene	SOX9	True	5	0
SP1	gene	SP1	True	14	0
SP3	gene	SP3	True	2	0
SPAG5	gene	SPAG5	True	2	0
SPAG9	gene	SPAG9	True	1	1
SPART	gene	SPART	True	1	2
SPAST	gene	SPAST	True	1	0
SPATA13	gene	SPATA13	True	0	1
SPEN	gene	SPEN	True	3	1
SPHK1	gene	SPHK1	True	5	0
SPHK2	gene	SPHK2	True	2	0
SPIN1	gene	SPIN1	True	1	0
SPOP	gene	SPOP	True	1	9
SPRED1	gene	SPRED1	True	1	1
SPRY1	gene	SPRY1	True	1	1
SPRY2	gene	SPRY2	True	3	1
SPRY4	gene	SPRY4	True	0	2
SPTAN1	gene	SPTAN1	True	3	0
SPTBN1	gene	SPTBN1	True	3	0
SPTLC1	gene	SPTLC1	True	1	0
SQSTM1	gene	SQSTM1	True	13	0
SRC	gene	SRC	True	21	159
SRCIN1	gene	SRCIN1	True	1	0
SREBF1	gene	SREBF1	True	10	0
SREBF2	gene	SREBF2	True	3	0
SRF	gene	SRF	True	11	0
SRGAP3	gene	SRGAP3	True	0	1
SRP19	gene	SRP19	True	0	3
SRP54	gene	SRP54	True	1	1
SRP68	gene	SRP68	True	2	0
SRP72	gene	SRP72	True	1	1
SRPK1	gene	SRPK1	True	0	2
SRPK2	gene	SRPK2	True	4	3
SRPRA	gene	SRPRA	True	1	0
SRSF1	gene	SRSF1	True	6	0
SRSF3	gene	SRSF3	True	0	1
SRSF5	gene	SRSF5	True	2	0
SRSF7	gene	SRSF7	True	0	1
SS18L1	gene	SS18L1	True	0	1
SSB	gene	SSB	True	1	0
SSH1	gene	SSH1	True	3	3
SSH2	gene	SSH2	True	0	1
SSRP1	gene	SSRP1	True	1	0
SSTR2	gene	SSTR2	True	0	2
SSU72	gene	SSU72	True	1	1
ST13	gene	ST13	True	1	0
ST7	gene	ST7	True	1	0
STAG2	gene	STAG2	True	1	1
STAM	gene	STAM	True	2	0
STAM2	gene	STAM2	True	1	0
STAMBP	gene	STAMBP	True	3	0
STAP2	gene	STAP2	True	2	0
STARD10	gene	STARD10	True	1	0
STAT1	gene	STAT1	True	22	2
STAT2	gene	STAT2	True	5	1
STAT3	gene	STAT3	True	43	0
STAT4	gene	STAT4	True	4	0
STAT5A	gene	STAT5A	True	10	0
STAT5B	gene	STAT5B	True	5	0
STAT6	gene	STAT6	True	7	0
STIL	gene	STIL	True	0	1
STIM1	gene	STIM1	True	3	0
STIP1	gene	STIP1	True	1	2
STK10	gene	STK10	True	0	2
STK11	gene	STK11	True	6	22
STK17A	gene	STK17A	True	0	1
STK17B	gene	STK17B	True	1	0
STK24	gene	STK24	True	1	3
STK25	gene	STK25	True	0	2
STK26	gene	STK26	True	0	4
STK3	gene	STK3	True	11	7
STK35	gene	STK35	True	1	0
STK38	gene	STK38	True	5	8
STK38L	gene	STK38L	True	1	1
STK39	gene	STK39	True	2	4
STK4	gene	STK4	True	14	11
STMN1	gene	STMN1	True	13	0
STMN2	gene	STMN2	True	3	0
STMN3	gene	STMN3	True	2	0
STON2	gene	STON2	True	0	1
STRADA	gene	STRADA	True	1	0
STRAP	gene	STRAP	True	1	0
STRN	gene	STRN	True	1	2
STRN4	gene	STRN4	True	0	2
STUB1	gene	STUB1	True	1	16
STX17	gene	STX17	True	2	0
STX1A	gene	STX1A	True	3	0
STX4	gene	STX4	True	1	0
STXBP1	gene	STXBP1	True	4	1
STXBP4	gene	STXBP4	True	1	1
STYX	gene	STYX	True	0	1
SUFU	gene	SUFU	True	6	5
SUGT1	gene	SUGT1	True	1	0
SULT4A1	gene	SULT4A1	True	1	0
SUMO1	gene	SUMO1	True	0	1
SUMO2	gene	SUMO2	True	2	0
SUN1	gene	SUN1	True	2	0
SUN2	gene	SUN2	True	1	1
SUPT5H	gene	SUPT5H	True	1	0
SUZ12	gene	SUZ12	True	1	0
SV2A	gene	SV2A	True	0	1
SVIL	gene	SVIL	True	1	0
SYN3	gene	SYN3	True	2	0
SYNCRIP	gene	SYNCRIP	True	1	0
SYNGAP1	gene	SYNGAP1	True	1	1
SYNJ1	gene	SYNJ1	True	2	1
SYP	gene	SYP	True	0	1
SYT1	gene	SYT1	True	2	1
SYT11	gene	SYT11	True	1	0
SYT2	gene	SYT2	True	1	0
SYT4	gene	SYT4	True	1	0
SYTL1	gene	SYTL1	True	1	0
SYVN1	gene	SYVN1	True	1	3
TAB1	gene	TAB1	True	4	1
TAB2	gene	TAB2	True	3	1
TAB3	gene	TAB3	True	2	1
TACC3	gene	TACC3	True	1	0
TACR1	gene	TACR1	True	0	1
TAF1	gene	TAF1	True	0	2
TAF12	gene	TAF12	True	0	1
TAF15	gene	TAF15	True	1	0
TAF4	gene	TAF4	True	0	1
TAGLN	gene	TAGLN	True	1	0
TAGLN2	gene	TAGLN2	True	2	0
TANC1	gene	TANC1	True	1	0
TANK	gene	TANK	True	0	1
TAOK1	gene	TAOK1	True	1	4
TAOK2	gene	TAOK2	True	0	5
TARBP2	gene	TARBP2	True	1	1
TARDBP	gene	TARDBP	True	1	0
TAX1BP1	gene	TAX1BP1	True	2	1
TBC1D1	gene	TBC1D1	True	1	0
TBC1D4	gene	TBC1D4	True	1	0
TBCB	gene	TBCB	True	1	0
TBK1	gene	TBK1	True	8	19
TBKBP1	gene	TBKBP1	True	0	1
TBL1X	gene	TBL1X	True	0	1
TBL1XR1	gene	TBL1XR1	True	1	0
TBP	gene	TBP	True	5	0
TCF12	gene	TCF12	True	3	0
TCF3	gene	TCF3	True	9	0
TCF4	gene	TCF4	True	5	0
TCF7	gene	TCF7	True	1	0
TCF7L2	gene	TCF7L2	True	5	0
TCOF1	gene	TCOF1	True	1	1
TDP1	gene	TDP1	True	2	0
TDP2	gene	TDP2	True	3	1
TEAD1	gene	TEAD1	True	2	0
TEAD2	gene	TEAD2	True	2	0
TEAD3	gene	TEAD3	True	2	0
TEAD4	gene	TEAD4	True	2	0
TELO2	gene	TELO2	True	2	0
TENT2	gene	TENT2	True	3	0
TERF1	gene	TERF1	True	7	0
TERT	gene	TERT	True	10	0
TESK1	gene	TESK1	True	1	2
TESK2	gene	TESK2	True	0	3
TET2	gene	TET2	True	3	1
TET3	gene	TET3	True	0	1
TFAM	gene	TFAM	True	1	0
TFAP2B	gene	TFAP2B	True	1	0
TFCP2	gene	TFCP2	True	4	0
TFDP1	gene	TFDP1	True	3	0
TFRC	gene	TFRC	True	1	0
TGFB1	gene	TGFB1	True	2	2
TGFB1I1	gene	TGFB1I1	True	2	0
TGFB2	gene	TGFB2	True	0	3
TGFB3	gene	TGFB3	True	0	1
TGFBR1	gene	TGFBR1	True	12	9
TGFBR2	gene	TGFBR2	True	6	5
TGFBR3	gene	TGFBR3	True	1	0
TGIF1	gene	TGIF1	True	0	1
THBS2	gene	THBS2	True	0	1
THEM4	gene	THEM4	True	0	1
THOC5	gene	THOC5	True	1	0
THOP1	gene	THOP1	True	1	0
THRA	gene	THRA	True	4	3
THRB	gene	THRB	True	3	0
TIAM1	gene	TIAM1	True	4	1
TICRR	gene	TICRR	True	1	0
TIE1	gene	TIE1	True	1	0
TIFA	gene	TIFA	True	1	0
TIMELESS	gene	TIMELESS	True	0	2
TIRAP	gene	TIRAP	True	1	1
TJP1	gene	TJP1	True	0	1
TJP2	gene	TJP2	True	0	2
TK1	gene	TK1	True	3	0
TKT	gene	TKT	True	1	0
TLE1	gene	TLE1	True	1	0
TLE3	gene	TLE3	True	1	0
TLK1	gene	TLK1	True	1	3
TLK2	gene	TLK2	True	1	1
TLN1	gene	TLN1	True	1	2
TMED10	gene	TMED10	True	1	1
TMED5	gene	TMED5	True	0	1
TMIGD2	gene	TMIGD2	True	1	0
TNFAIP1	gene	TNFAIP1	True	2	0
TNFAIP3	gene	TNFAIP3	True	1	2
TNFRSF10B	gene	TNFRSF10B	True	0	1
TNFRSF11A	gene	TNFRSF11A	True	1	0
TNFRSF13C	gene	TNFRSF13C	True	0	1
TNFRSF1A	gene	TNFRSF1A	True	3	1
TNFRSF1B	gene	TNFRSF1B	True	1	2
TNIK	gene	TNIK	True	0	2
TNIP1	gene	TNIP1	True	1	1
TNK2	gene	TNK2	True	2	6
TNKS	gene	TNKS	True	2	4
TNKS2	gene	TNKS2	True	1	3
TNPO1	gene	TNPO1	True	1	3
TNRC6B	gene	TNRC6B	True	0	1
TNS3	gene	TNS3	True	1	0
TOB1	gene	TOB1	True	3	0
TOB2	gene	TOB2	True	1	0
TOLLIP	gene	TOLLIP	True	1	1
TOM1L1	gene	TOM1L1	True	1	0
TOMM70	gene	TOMM70	True	0	1
TOP1	gene	TOP1	True	6	0
TOP2A	gene	TOP2A	True	3	0
TOP2B	gene	TOP2B	True	1	0
TOPBP1	gene	TOPBP1	True	2	2
TOPORS	gene	TOPORS	True	1	1
TP53	gene	TP53	True	90	6
TP53BP1	gene	TP53BP1	True	11	1
TP53BP2	gene	TP53BP2	True	1	1
TP53INP1	gene	TP53INP1	True	0	1
TP53INP2	gene	TP53INP2	True	0	1
TP53RK	gene	TP53RK	True	2	1
TP73	gene	TP73	True	15	0
TPH1	gene	TPH1	True	1	0
TPH2	gene	TPH2	True	1	0
TPM1	gene	TPM1	True	2	0
TPPP	gene	TPPP	True	2	0
TPR	gene	TPR	True	1	0
TPT1	gene	TPT1	True	1	0
TPX2	gene	TPX2	True	4	0
TRAF1	gene	TRAF1	True	2	1
TRAF2	gene	TRAF2	True	10	7
TRAF3	gene	TRAF3	True	3	2
TRAF4	gene	TRAF4	True	1	1
TRAF6	gene	TRAF6	True	16	12
TRAF7	gene	TRAF7	True	0	1
TRAK2	gene	TRAK2	True	1	0
TRAP1	gene	TRAP1	True	1	0
TRIB2	gene	TRIB2	True	1	0
TRIB3	gene	TRIB3	True	0	2
TRIM13	gene	TRIM13	True	0	1
TRIM2	gene	TRIM2	True	1	0
TRIM21	gene	TRIM21	True	0	2
TRIM23	gene	TRIM23	True	0	1
TRIM24	gene	TRIM24	True	0	1
TRIM25	gene	TRIM25	True	2	1
TRIM27	gene	TRIM27	True	1	1
TRIM28	gene	TRIM28	True	4	1
TRIM32	gene	TRIM32	True	0	1
TRIM33	gene	TRIM33	True	0	2
TRIM5	gene	TRIM5	True	1	0
TRIM59	gene	TRIM59	True	1	1
TRIM65	gene	TRIM65	True	0	1
TRIM71	gene	TRIM71	True	0	1
TRIM9	gene	TRIM9	True	0	1
TRIO	gene	TRIO	True	1	1
TRIOBP	gene	TRIOBP	True	2	0
TRIP10	gene	TRIP10	True	1	1
TRIP11	gene	TRIP11	True	1	0
TRIP12	gene	TRIP12	True	0	1
TRIP13	gene	TRIP13	True	2	0
TRIP6	gene	TRIP6	True	1	0
TRPC3	gene	TRPC3	True	2	0
TRPC4	gene	TRPC4	True	1	0
TRPM4	gene	TRPM4	True	1	0
TRPM7	gene	TRPM7	True	0	3
TRPV1	gene	TRPV1	True	2	0
TRPV3	gene	TRPV3	True	1	0
TSC1	gene	TSC1	True	5	1
TSC2	gene	TSC2	True	14	2
TSC22D3	gene	TSC22D3	True	0	2
TSG101	gene	TSG101	True	2	0
TSPAN33	gene	TSPAN33	True	0	1
TSPOAP1	gene	TSPOAP1	True	0	2
TSSK4	gene	TSSK4	True	0	1
TTBK1	gene	TTBK1	True	0	2
TTBK2	gene	TTBK2	True	0	1
TTC3	gene	TTC3	True	1	0
TTC5	gene	TTC5	True	1	0
TTF2	gene	TTF2	True	0	1
TTI1	gene	TTI1	True	2	0
TTK	gene	TTK	True	2	10
TTN	gene	TTN	True	2	1
TUBG1	gene	TUBG1	True	1	0
TUBGCP6	gene	TUBGCP6	True	1	0
TUFM	gene	TUFM	True	1	0
TUT1	gene	TUT1	True	1	0
TWIST1	gene	TWIST1	True	11	0
TXNIP	gene	TXNIP	True	1	0
TYK2	gene	TYK2	True	3	6
TYRO3	gene	TYRO3	True	1	1
UBA1	gene	UBA1	True	1	0
UBA52	gene	UBA52	True	1	1
UBAP2L	gene	UBAP2L	True	0	1
UBASH3B	gene	UBASH3B	True	0	1
UBC	gene	UBC	True	4	1
UBE2A	gene	UBE2A	True	3	1
UBE2D1	gene	UBE2D1	True	1	2
UBE2D2	gene	UBE2D2	True	0	2
UBE2D3	gene	UBE2D3	True	0	1
UBE2E1	gene	UBE2E1	True	0	1
UBE2E3	gene	UBE2E3	True	0	1
UBE2I	gene	UBE2I	True	1	5
UBE2J1	gene	UBE2J1	True	2	0
UBE2K	gene	UBE2K	True	0	1
UBE2L3	gene	UBE2L3	True	0	3
UBE2N	gene	UBE2N	True	2	3
UBE2O	gene	UBE2O	True	0	1
UBE2R2	gene	UBE2R2	True	2	0
UBE2S	gene	UBE2S	True	3	0
UBE2T	gene	UBE2T	True	1	0
UBE2V1	gene	UBE2V1	True	1	1
UBE3A	gene	UBE3A	True	2	8
UBE3C	gene	UBE3C	True	0	1
UBE4B	gene	UBE4B	True	0	1
UBL4A	gene	UBL4A	True	1	1
UBQLN2	gene	UBQLN2	True	0	2
UBQLN4	gene	UBQLN4	True	1	0
UBR1	gene	UBR1	True	0	1
UBR2	gene	UBR2	True	0	1
UBR5	gene	UBR5	True	2	2
UBTF	gene	UBTF	True	4	0
UBXN2B	gene	UBXN2B	True	1	0
UBXN8	gene	UBXN8	True	0	1
UCHL1	gene	UCHL1	True	0	1
UCHL5	gene	UCHL5	True	0	3
UCK1	gene	UCK1	True	2	0
UCKL1	gene	UCKL1	True	1	0
UFD1	gene	UFD1	True	2	0
UFL1	gene	UFL1	True	1	0
UHMK1	gene	UHMK1	True	0	4
UHRF1	gene	UHRF1	True	3	0
UHRF2	gene	UHRF2	True	0	3
UIMC1	gene	UIMC1	True	0	1
ULK1	gene	ULK1	True	9	15
ULK2	gene	ULK2	True	1	2
ULK3	gene	ULK3	True	0	1
UNC13B	gene	UNC13B	True	1	0
UNC5C	gene	UNC5C	True	1	0
UNC79	gene	UNC79	True	1	0
UNC80	gene	UNC80	True	0	1
UNG	gene	UNG	True	3	0
UPF1	gene	UPF1	True	5	0
UPF2	gene	UPF2	True	0	1
UPF3B	gene	UPF3B	True	0	1
URI1	gene	URI1	True	1	0
USF1	gene	USF1	True	3	1
USF2	gene	USF2	True	1	0
USO1	gene	USO1	True	2	1
USP1	gene	USP1	True	2	2
USP10	gene	USP10	True	2	1
USP13	gene	USP13	True	1	1
USP14	gene	USP14	True	1	0
USP15	gene	USP15	True	1	1
USP16	gene	USP16	True	3	0
USP20	gene	USP20	True	2	1
USP21	gene	USP21	True	1	0
USP22	gene	USP22	True	1	1
USP24	gene	USP24	True	1	1
USP25	gene	USP25	True	1	0
USP28	gene	USP28	True	2	1
USP36	gene	USP36	True	0	3
USP37	gene	USP37	True	1	0
USP4	gene	USP4	True	1	2
USP5	gene	USP5	True	0	1
USP7	gene	USP7	True	2	7
USP8	gene	USP8	True	1	2
USP9X	gene	USP9X	True	2	2
UTRN	gene	UTRN	True	1	0
UVRAG	gene	UVRAG	True	1	3
VAC14	gene	VAC14	True	0	1
VAMP2	gene	VAMP2	True	2	0
VAMP4	gene	VAMP4	True	1	0
VASP	gene	VASP	True	6	0
VAV2	gene	VAV2	True	1	2
VCL	gene	VCL	True	4	0
VCP	gene	VCP	True	5	4
VCPIP1	gene	VCPIP1	True	1	1
VDAC1	gene	VDAC1	True	4	0
VEGFC	gene	VEGFC	True	0	2
VHL	gene	VHL	True	4	1
VIM	gene	VIM	True	11	0
VLDLR	gene	VLDLR	True	1	0
VPS11	gene	VPS11	True	0	1
VPS39	gene	VPS39	True	2	1
VPS4A	gene	VPS4A	True	0	1
VPS52	gene	VPS52	True	1	0
VRK1	gene	VRK1	True	2	8
VRK2	gene	VRK2	True	0	3
VRK3	gene	VRK3	True	1	1
WAC	gene	WAC	True	1	0
WAPL	gene	WAPL	True	1	0
WASF1	gene	WASF1	True	3	0
WASF2	gene	WASF2	True	3	0
WASF3	gene	WASF3	True	1	0
WASL	gene	WASL	True	6	0
WBP2	gene	WBP2	True	1	0
WDCP	gene	WDCP	True	1	0
WDFY3	gene	WDFY3	True	1	1
WDHD1	gene	WDHD1	True	1	0
WDR45	gene	WDR45	True	0	2
WDR48	gene	WDR48	True	0	1
WDR5	gene	WDR5	True	1	0
WDR62	gene	WDR62	True	2	1
WDR77	gene	WDR77	True	1	0
WDR83	gene	WDR83	True	0	3
WEE1	gene	WEE1	True	6	2
WHR1	gene	WHR1	True	0	1
WIPF1	gene	WIPF1	True	1	1
WIPI2	gene	WIPI2	True	0	1
WNK1	gene	WNK1	True	5	4
WNK2	gene	WNK2	True	1	1
WNK3	gene	WNK3	True	1	3
WNT2B	gene	WNT2B	True	0	2
WNT3	gene	WNT3	True	0	1
WNT5A	gene	WNT5A	True	0	9
WNT5B	gene	WNT5B	True	0	1
WNT7A	gene	WNT7A	True	0	3
WNT7B	gene	WNT7B	True	0	3
WNT8A	gene	WNT8A	True	1	1
WRAP53	gene	WRAP53	True	1	0
WRN	gene	WRN	True	3	0
WSB1	gene	WSB1	True	0	1
WWC1	gene	WWC1	True	2	0
WWOX	gene	WWOX	True	1	0
WWP1	gene	WWP1	True	2	4
WWP2	gene	WWP2	True	0	3
WWTR1	gene	WWTR1	True	7	7
XBP1	gene	XBP1	True	4	0
XIAP	gene	XIAP	True	8	5
XPA	gene	XPA	True	4	0
XPC	gene	XPC	True	1	0
XPO1	gene	XPO1	True	2	2
XPO5	gene	XPO5	True	2	0
XPOT	gene	XPOT	True	1	0
XRCC1	gene	XRCC1	True	3	0
XRCC3	gene	XRCC3	True	1	1
XRCC4	gene	XRCC4	True	1	0
XRCC6	gene	XRCC6	True	2	0
XRN2	gene	XRN2	True	1	0
YAP1	gene	YAP1	True	20	8
YBX1	gene	YBX1	True	7	0
YES1	gene	YES1	True	2	3
YTHDC1	gene	YTHDC1	True	1	0
YWHAB	gene	YWHAB	True	3	1
YWHAE	gene	YWHAE	True	0	3
YWHAG	gene	YWHAG	True	1	1
YWHAH	gene	YWHAH	True	0	1
YWHAQ	gene	YWHAQ	True	3	3
YWHAZ	gene	YWHAZ	True	8	0
YY1	gene	YY1	True	7	1
ZBTB14	gene	ZBTB14	True	1	0
ZBTB16	gene	ZBTB16	True	2	0
ZBTB17	gene	ZBTB17	True	2	0
ZBTB38	gene	ZBTB38	True	1	0
ZBTB4	gene	ZBTB4	True	1	0
ZC3HAV1	gene	ZC3HAV1	True	2	0
ZC3HC1	gene	ZC3HC1	True	2	0
ZDHHC13	gene	ZDHHC13	True	1	0
ZDHHC5	gene	ZDHHC5	True	1	0
ZDHHC9	gene	ZDHHC9	True	1	2
ZEB1	gene	ZEB1	True	1	0
ZEB2	gene	ZEB2	True	1	1
ZFHX3	gene	ZFHX3	True	1	0
ZFP36	gene	ZFP36	True	3	0
ZFP36L1	gene	ZFP36L1	True	2	0
ZFYVE9	gene	ZFYVE9	True	2	2
ZHX1	gene	ZHX1	True	1	1
ZIC1	gene	ZIC1	True	0	2
ZIC3	gene	ZIC3	True	0	1
ZMIZ1	gene	ZMIZ1	True	1	2
ZMYND11	gene	ZMYND11	True	2	1
ZNF148	gene	ZNF148	True	1	0
ZNF281	gene	ZNF281	True	1	0
ZNF318	gene	ZNF318	True	0	1
ZNF322	gene	ZNF322	True	2	0
ZNF420	gene	ZNF420	True	1	0
ZNF462	gene	ZNF462	True	0	1
ZNF521	gene	ZNF521	True	0	1
ZNF692	gene	ZNF692	True	1	0
ZNF746	gene	ZNF746	True	1	0
ZNF76	gene	ZNF76	True	0	1
ZNHIT1	gene	ZNHIT1	True	1	0
ZNRF1	gene	ZNRF1	True	1	0
ZNRF3	gene	ZNRF3	True	0	2
ZRANB1	gene	ZRANB1	True	2	0
ZW10	gene	ZW10	True	0	1
ZWINT	gene	ZWINT	True	2	0
ZYX	gene	ZYX	True	2	0
