TF	C1	C2	C3	C4	C6
ABL1	-1.114093060813535	0.45570637596606517	-0.3663229848743231	1.106830936562677	-0.061920122160514596
AHR	-0.5490605737648315	-0.5715969692794485	-1.2394918990477326	0.9782215077230085	1.141088869264982
AIRE	0.10551630598633907	-0.10217058047782991	0.47786883167035865	-0.14347436129349958	-0.32163848315324756
APEX1	0.30403654504372923	2.6690613461025214	-2.7966949858563495	0.10457625663756147	0.2178813046236815
AR	-0.9043258210150342	-1.227220609137025	-2.8032796881727124	1.8604281188554814	2.564555597469841
ARID1A	0.8519815161404568	1.094048658589878	0.11944541525525833	-0.8087677461148562	-0.9171464678163387
ARID3A	-0.22408351103152677	0.7788563319736376	0.4363074007501032	-0.19769915558862475	-0.6099312038903631
ARID3B	0.4480141244946996	-0.2603978020770498	-0.27530778715294574	0.18338530057903113	-0.10380386205650032
ARID4A	0.1345814892047427	0.5306305496623458	-0.22509799777826064	0.13543809022370884	-0.42870734040887604
ARID4B	1.7936389161880133	0.36473525270785684	1.5055829451853235	-0.8423494772351791	-2.420677366634121
ARNT	0.09148946483758381	-0.2345743263129363	-2.0963408786328994	0.9509903155372106	1.152365182088598
ARX	-1.7461922299686128	-0.3455691249660204	-0.8655951087885215	1.2280876381248242	1.425334344444013
ASCL1	-0.7714331461081907	1.384533493658046	-0.8893960316265492	0.6288546747164633	-0.13198623665082188
ASCL2	-0.4095108697806703	0.7376335682964108	-0.12700015631696318	-0.5210398648158072	0.3923072682810531
ATF1	-1.6385206315820857	-1.5809858612625856	-2.8076408855717836	2.9021930872506587	2.5096490387823858
ATF2	-2.016243850716843	-3.095902592152114	-4.167382382760962	3.813086462866698	4.3817287685445745
ATF3	-0.9375590220105668	-1.0075036745141266	-1.713329103667893	0.4577655124748918	2.7105062611449835
ATF4	-3.1961778669641525	-3.1049149999665016	-3.3095042741309104	4.580909556017555	3.9100498798654053
ATF5	-0.8923013284944664	-0.3779796965257685	-1.2225674191857896	0.7415480211021147	1.4910706126443944
ATF6	0.015891168145467757	0.030501503386337527	1.5285430563267426	-1.372246101328517	-0.1857096871028535
BACH1	1.3629949294966794	1.6144946362829382	1.536054722832746	-2.3762817908709604	-1.6118065150739376
BACH2	2.0035627370789	-0.8106630332272243	0.11366996490042519	-0.8227950068601055	-0.46171226886977484
BARX1	-0.3479181593999966	0.3227292936951246	-3.8230693779612173	2.0207043078159588	1.7187896949325272
BARX2	-1.746692306240814	-0.9346636869185191	0.9890034187877055	0.9048669971210244	0.458295627367282
BATF	0.48350556969830477	1.2116067010102738	-1.0649006015606726	-0.14466507207186793	-0.20903810671289982
BCL11A	0.49292067853079435	1.62571920067863	0.9002153493607178	-1.629791316726226	-0.9735393408280271
BCL11B	1.4171339009122146	2.59421091664119	2.035103069018111	-2.167864330995824	-3.0389550867177815
BCL3	0.15488849360831727	-0.7114871407352588	-0.14711589306508435	0.6694410368345999	-0.07780868067990933
BCL6	-0.16452218291089127	-0.13517869312612102	-0.38865834852670955	0.049443590139396774	0.5534902977165996
BCLAF1	0.5487965630376551	0.3929551309059804	3.088924336630405	-2.286501961281571	-1.509365299140262
BCOR	1.838404728728521	0.22789962733345884	1.021347604345707	-1.541511163583967	-1.272923887683376
BHLHA15	-2.0240342951938395	1.2658920102168836	-0.5393241596431818	0.9818026845013499	0.3847055912964906
BHLHE40	0.0967963636533273	0.04529472857307891	0.25162334101891537	0.328117399547885	-0.6476058946208854
BHLHE41	-0.5192311518092366	0.23047274306689602	0.0929617604567295	0.27630962740518206	-0.06557169833604388
BMAL1	-1.674033809369084	-0.020079685894383442	-1.557655025795291	1.2647629915569796	1.7223213255450933
BMAL2	-3.001113951396738	-2.1141456318129697	-2.0296551289784057	3.2629491402020454	3.0307399066564495
BRCA1	-2.266188951332047	-0.1488562444191627	-1.168717002753885	1.4307803283104874	1.8165106260630683
BRD4	-2.122273886221236	-0.008975351141269964	-0.2907175427596163	1.02486346958939	1.1535301184445548
BTG2	0.15425920544817667	-0.8911804091845712	0.42649259984157173	0.09275373564727339	0.057320414676449064
CDX1	1.5576646057482613	1.7419402324928077	0.10027002543495676	-2.081410396849405	-0.824624112747425
CDX2	-0.5744860211948148	-0.3790384893370122	0.3200303325183615	-0.5967428186176833	1.0264868451908393
CEBPA	-1.0523280661468624	-1.9942860812715058	-1.6145322671865834	2.1723345171620294	1.8879361093210025
CEBPB	-2.2753921039214386	-3.1372617188368808	-2.927769530468549	3.565118753918202	3.7228274740435747
CEBPD	-0.7222948046850487	-2.7904603609509264	-3.0533687432476793	2.7299843921184777	3.0115648348013715
CEBPE	-0.48658833920459543	0.39038666214129875	0.9329377118313383	-0.4089770155876251	-0.3579028061467399
CEBPG	-2.0953052948191346	-1.4440711964038675	-2.257461905780467	2.747640598835036	2.4345404306956415
CEBPZ	0.07785385430511399	2.2573470172811767	-1.1037836579178333	-0.35317141707794253	-0.41648397779516116
CIITA	-0.15596933808776367	1.444418655354053	0.050828853045081085	-0.447936094728107	-0.5827488469713261
CLOCK	-1.7775533507521424	-1.594706254200281	-2.4609974855041283	2.25568982555067	2.911575106135975
CREB1	-4.000010924100712	-1.9384230650015546	-4.363096248088267	4.070297648145886	5.160709342771059
CREB3	-0.9792491998423601	-0.472009264758277	1.2547428471233688	-0.3540969637195909	0.36246235960386347
CREB3L1	-0.8372771936043617	-1.6645980202411064	-1.2838814934302152	1.7495224790264547	1.540275049808085
CREB5	0.6651343059966834	1.170446131201827	1.7399939722829663	-1.2323789611086715	-1.91516295709357
CREBBP	-0.6205259532673398	0.6302493732238169	-3.317059397812681	1.5277459624835896	1.7088321445876764
CREBZF	-1.5689651324481648	-1.2670239538009143	-0.711175022456261	1.540455879714786	1.5348159864419217
CREM	0.5987656515678428	1.0770883813625245	-0.7279359308575415	-0.20718190467682007	-0.4594559350643876
CRX	0.4873227098317024	-0.7144938525653208	2.1029241523501447	-1.7708017891293866	-0.1957770877898203
CTBP2	-0.5758048065150851	-1.3658329771842008	-0.31258130886138585	0.5397041466239799	1.3070127806942664
CTCF	-0.005825890913355821	1.001927482412196	0.720249709814811	0.09013667208896327	-1.4872582573927615
CTCFL	-0.5620929638103076	0.05953938097380962	-0.7738712239160872	0.7885998635418388	0.42652689804669663
CTNNB1	-1.2210396909750485	-1.4985160912887676	-2.4119988958256084	2.2154944972598294	2.3547883068069564
CUX1	0.3536456026023679	-0.94097715522143	-2.3745935013758883	1.1103059513211506	1.565484050332558
CXXC1	0.5121762422989106	1.4328691806931195	-0.6203274207602948	0.14614929692504935	-1.072820732413127
DACH1	0.5183011594251912	-0.3417155133088146	2.3126280921650784	-1.098585124930139	-1.3074862543266177
DBP	-1.6129959058002188	-1.0739581548670742	-0.34855207876663324	0.9889051028528248	1.5993455880968939
DDIT3	-0.628540854643162	-0.45664062375743203	0.13800579674096947	0.4474326866556607	0.34355131071802564
DEAF1	-0.02847846703443677	-0.8179550276842519	-1.4244931655223654	0.8586612989937724	1.1585753985994984
DLX1	3.4961569440648095	2.829084766690655	3.509819234108341	-5.002529242026287	-3.7597682107325525
DLX2	0.34511485568403855	-1.6403607760730032	-0.11596873088007455	0.6471474811012934	0.44492422657559494
DLX3	-1.2793874484619088	-0.8367634697720037	-1.892795130659549	2.1219495186689286	1.5190731357363618
DLX4	-1.4112028734826025	-1.5795524537568726	-1.7828483270339994	1.565789269960891	2.594377184212751
DLX5	-3.6104899947457048	-3.1383676538081167	-2.934205908534319	4.575657143603348	3.949866017113017
DMTF1	-1.9046233873398375	-1.1730763581149581	-0.8922871021505849	1.164253640112394	2.2621988705199882
DNMT1	-1.282263304446682	-0.3231345217545434	-0.07772759011675298	1.119485550951884	0.38729942219786706
DNMT3A	-0.18189491533515934	1.7241113228121256	3.263667548792372	-2.0846657478075983	-2.223065507101417
DNMT3B	0.7047220224098195	0.8633488572112424	1.2366174850956222	-1.2467160111989655	-1.2443049784137372
DOT1L	-1.3199243730372565	-0.8142119423728454	-0.8753245831932076	1.2313663699772612	1.4165464153918206
E2F1	1.1463147713236423	-1.2946954806511284	-0.6966506487579177	0.17418477862633197	0.46633863249572616
E2F2	1.0335859701276742	0.5958042214319144	1.7698892357441667	-1.2364315293967263	-1.8250036075427416
E2F3	1.9751298945089808	0.32269344598679867	1.257038219274085	-1.8869103370813807	-1.3615622459930663
E2F4	1.4870126481554597	0.915184753762751	1.4818190007882728	-1.7983327651411016	-1.6737958565534212
E2F5	1.317465926966189	0.9226217871576656	1.8874395743981862	-1.7674877835261131	-1.934828216888622
E2F6	1.398042632295904	0.05665868361470742	0.16355489603716333	-1.1049373301433918	-0.37942077864685386
E2F7	1.5970781885294618	-1.0707759673853354	-1.2146776091639477	-0.19380572617280678	0.7252042552055905
E4F1	-1.9723486826924759	-1.411992821019224	-1.3339834801327	2.2618595166415796	1.9011475554628394
EBF1	0.6447638290008048	-0.9695360492650051	-1.0060955366384627	0.15762373896039625	0.9520331024251779
EBF3	0.2374354535142031	1.4478837149938582	-0.10825553849640947	-0.7300111778963286	-0.5182560664992881
EGR1	-2.8607354862517806	-3.337772863734727	-2.9111344350906565	3.459046351348232	4.4560578703593485
EGR2	-2.392646389432621	-2.3846446674688453	-2.5385308761311856	3.1508892853781076	3.2817869150497025
EGR3	0.7615657460564282	1.5106607786211883	1.1294328603855543	-1.339892637407845	-1.5929938397368957
EGR4	-1.1784455694570775	-0.7425918148907794	0.05081984702954618	0.5442420326619636	1.0194685652307243
EHF	-1.1228791279814878	-1.8936743725467353	0.17144356370004862	0.5431013991432598	1.7220764488628375
ELF1	-0.46290776013985613	-1.9318150336748663	-2.328734236196565	1.9026822566874482	2.2387173002475707
ELF2	-0.8448650669196358	-4.422227396379309	-2.343575518594815	2.121452961693584	4.24009242927497
ELF3	-0.9254793265033517	0.05206286705686639	1.9211196769252965	-0.5806722506156302	-0.4796751012023971
ELF4	-0.5583122431171635	-1.107738475818628	-1.319276179527968	0.5280595628424539	2.0343712581996143
ELF5	0.40802623613133787	1.6667128094669763	0.4537995961047171	-0.9617588274838254	-1.1320423014483278
ELK1	-3.0004718348087707	-1.053456839394569	-0.43415740152055815	2.420555943320546	1.5416724222110552
ELK3	-1.5599340675744775	-1.5686418037688286	-1.4792352989984865	2.603395290206601	1.4865014222242867
ELK4	-1.0933311858088899	-1.0680281280564197	-1.7942962158273852	1.002783334758053	2.465116106048634
EMX2	-0.32223754736140114	-0.5361433460918841	-0.6815574182595483	0.41238287374469906	0.9252858525326643
EN1	-0.15078579045122695	-0.677908180674542	0.8673212211192519	0.12159841253820468	-0.271959409592779
ENO1	-0.41278294706068763	0.5706200838467415	1.0891078483470373	-0.40207235970592187	-0.7054143479824705
EOMES	-2.342584750807272	-1.8610866890547868	0.7318949993774835	1.4210488512448949	1.42456309081367
EP300	0.9497683697206524	0.26167908566112597	-1.0824964519844242	0.8127939670035075	-0.7574354414572669
EPAS1	-2.031409169306237	-1.3322723841222157	-0.5890153132823429	2.0250590042517795	1.4243658809644513
ERF	-0.20144834030015235	0.6156257016921483	0.6280151746460354	-0.04246123155196119	-0.8252730732065383
ERG	-0.9507802903765373	-1.605136933742149	-1.7670739023639201	1.2094139761459544	2.53050748635791
ESR1	-2.8027771802727344	0.48084007399675527	-2.8875493773647953	2.3761910766370917	2.519233379535445
ESR2	-3.5143856136831984	-1.7391354960767913	-1.4323601241659087	3.3315218691233115	2.578347414984537
ESRRA	-0.5417348438902683	0.6595718019677655	-1.696378773063795	1.0384289868708125	0.5794307983890198
ESRRB	-2.7137005732967783	-1.2039248062225447	-3.0148298015178825	3.2835250358932044	2.9902542683410105
ESRRG	-0.7849327578240759	-0.7064689875320266	-1.4292174488044633	1.4238447422853662	1.210727832523361
ETS1	-4.968440441309798	-5.513329449122163	-5.8620398708210475	6.690086249606833	7.6513206879859155
ETS2	-3.192067373387218	-3.6137967503090564	-4.422358944276466	4.488407763570537	5.394226038167318
ETV1	-2.781138674609299	-2.316058896021684	-1.1751795328245758	2.8285254478004513	2.605279818983535
ETV3	0.6733494566041692	1.476951587757135	1.801354284595631	-1.311477977005319	-2.1352656072894303
ETV4	-3.0398620363115416	-1.6859575852657476	-2.9975405713973977	3.434251745991903	3.476344106021213
ETV5	-1.4483063714127087	-0.5960169406052149	-1.6505210306019626	2.298131494946049	1.100429725487036
ETV6	0.6053558652719548	0.21050747546601964	0.8891286543453527	0.023049981584826296	-1.5129915164315293
ETV7	-0.20335515171711827	-1.4323838683257328	-3.120432366474751	2.2980482759803604	2.008601049477793
EWSR1	-2.0946686908928704	-1.8879076993098467	-2.198590063181755	2.8187490909217043	2.646653400617796
EZH2	0.14913635412208526	2.3004728809563653	0.16325128714974313	-1.2788958689384309	-0.8270682854474655
FEZF1	1.0356961946016492	0.046303558017096604	3.4242155193724146	-2.1416793562979692	-2.1071681692732347
FEZF2	-2.8354938842927484	-4.803945567664738	-1.0563018798828678	3.204946456400957	4.056616394699514
FGF2	0.15480456574461435	-0.7546290353432207	-1.2211860494591764	0.1473537325532079	1.4178358003326528
FHL2	-0.06548699120642024	0.8662167486961785	0.004225335645832963	-0.357987066478178	-0.26773711075376544
FLI1	-2.717338999367022	-1.5801825354088026	-1.5919375649902783	2.432264804191568	2.7457649356758504
FOS	-4.303216318509316	-4.461715472710315	-5.373364651923599	6.369343972545341	6.136445793554524
FOSB	-4.042586464713003	-3.1461379630974866	-4.65575224097933	5.64668337229703	4.929221938213191
FOSL1	-2.9305511075318713	-2.513898619420254	-1.343666356040774	2.439163115630576	3.3917900403233876
FOSL2	-3.7972663210157274	-2.533596390351847	-1.684896469625545	2.9184075060414596	4.024052482386746
FOXA1	-0.2637367046068726	-0.9393252589866327	-0.060915489460528105	0.522062420879327	0.5062818510791977
FOXA2	0.8609616660160719	2.2014684782564897	0.21174514921192522	-1.6246764750876181	-1.0910913033957577
FOXC1	1.1837387845489553	0.669374091804561	1.9727624907721093	-2.6522970230957577	-0.9010807952358293
FOXC2	-0.6275301371855312	-2.6778704383994887	-1.064920081202363	0.9849078322528712	2.615437352523132
FOXD3	-1.8158566147303716	-1.6582713918173904	-4.024782638839031	3.3524342578647515	3.4250700736016784
FOXF2	0.450224523269382	0.25969739533808206	0.5611004501125154	-0.26795495918466355	-0.8497230265543775
FOXG1	1.3353700629185639	2.6583429471164073	0.6909018078127207	-2.050346466234669	-1.8894847191235375
FOXH1	-0.7661311538406118	-0.2993903640243767	-0.6159701788437133	0.5980320850542539	0.898519374724797
FOXJ1	1.4971463195048804	-0.17033303077710255	-0.24342459717007908	-1.0871402306483533	0.06274791793516017
FOXL2	-1.3575185720840224	-3.174114880056733	1.2072485192042708	1.4742103958447388	1.0767803900869406
FOXM1	-1.7386580478107911	-1.4589605645769852	-2.0704123172082123	2.0192455414592403	2.634233765656227
FOXN1	1.2529360811240127	1.1844598380905487	0.41983626115490885	-0.9348055806995631	-1.488587681154193
FOXN4	2.1751542677217195	0.3698301408485963	0.044261275651065225	-1.5088526781543279	-0.799780828422663
FOXO1	-0.6659348987452611	-0.6860741732184936	-2.1169536183371287	1.7127387572996404	1.460966137759293
FOXO3	0.5876712566696395	-2.412930355195713	-2.4177888001135805	1.8411409951620634	1.836371455992987
FOXO4	-0.722715680987396	-0.3336699855035922	-0.4574472764032288	0.7459033130208251	0.6062670039134028
FOXP1	0.7257641640932204	-1.6046039712220732	-1.4347305175175833	1.224648711157425	0.7754105373009668
FOXP2	-0.1811921957359269	1.1036054542586435	-1.815701056612783	0.23871759744431095	0.7794706968096302
FOXP3	-0.8135946100845622	-1.2677091457849778	1.103966171914783	0.18990172375284886	0.4562925558039779
FOXQ1	-0.636320106580673	1.114334572141004	0.6980772793243674	-1.0981132840117078	0.07487550015234243
GABPA	-1.2600626296214716	-0.4997825317412268	-3.665126417485689	2.63835089309485	2.4054030919129525
GATA1	-2.698804777238925	-0.03677349819792898	0.014434088578142658	1.2919952755147417	1.1432294671188665
GATA2	-1.6973432645090707	-0.7457521429574203	-0.7384223376105462	1.2576108380719702	1.5387675465131003
GATA3	-1.9092730070094979	-2.0663105759009244	-0.37245786534662906	2.0116949194333387	1.681482081586601
GATA4	-2.3868077741941423	-2.3039213288917995	-2.867232841025008	3.6756494980910763	3.038854032588227
GATA5	-0.9571830088268674	-0.651255104533009	-0.8044239447909898	1.2407785699727056	0.9105741014224558
GATA6	-3.679358289185703	-2.135577140574456	-0.7655766067465613	2.671741280405902	3.006009873347954
GBX2	0.9710143037207685	0.1961305078103015	-0.1465600069614801	-0.6480323403101657	-0.25091188992572355
GCM1	-0.5523633199256464	0.19319323440999306	-0.35528368298921936	0.7786087617839504	-0.05683732898233931
GFI1	-0.7765881035469151	-2.308806059904591	-2.6608384848978144	2.6537354007679483	2.407537518116355
GFI1B	-0.3005100547461351	-1.839038797250273	-1.325193109835306	0.9286209575648671	1.9992280248358554
GLI1	-0.3155802586105865	1.704432789417974	-0.5977050496003249	-0.3106597871453562	-0.17029883545017876
GLI2	0.31782427944704716	1.1423644285568522	1.2510446424835342	-1.5129634445378912	-0.8914563108064091
GLI3	-0.09191405572203204	1.6245233651036974	1.0497835727957314	-0.7877457103653738	-1.3788086035196114
GRHL3	-0.7447794632214849	-0.5141764550540249	1.0692315640305177	-0.3053845847749932	0.3190510465102718
GSC	-1.3173442186569937	-0.2555496070603837	-1.810425130598901	1.6181565134295144	1.502019452133475
GTF2I	-2.065489705899811	-1.0633688988558125	-0.7857740935679495	1.77204102672126	1.664529883257855
GTF2IRD1	0.3645535502550596	0.1473146628376852	-0.284249436928099	-0.25477433756204354	0.07170816089185746
GTF3A	-4.022761370194706	-3.9746716949961844	-4.30101099333608	5.370111692189693	5.458861889116313
HAND2	-1.7279069716669584	-3.0448294574980785	0.1643174433623237	1.7174465884039207	2.032839547906959
HBP1	0.5582026670198147	-1.9479081272703773	1.394822397255386	-0.35518457486144095	0.02114338155452102
HCFC1	0.20466328010756943	-0.32753447942846403	-0.3071147563436272	0.2865949014985017	0.08954382860111518
HDAC1	5.026663670220516	3.2980155357910346	2.7096847567596622	-4.036482862665488	-5.5686294965838785
HDAC3	0.7740011057571822	1.2891879018488364	-0.19106556654171306	-0.3694528264753316	-1.1125490998728496
HDAC4	-0.59289648565774	-1.5841482884778844	-2.3298683464225944	1.840824237572659	2.147859470997544
HDAC5	0.4966620323651336	1.665297439888421	1.4382437582755776	-0.5374394379629142	-2.498929243450002
HDAC7	1.1101005421747872	0.8585028116763636	1.3202495230782374	-1.026631305842519	-1.8657204958778608
HDAC9	0.7031034320502837	0.0907894261659839	2.0640031686703475	-1.7714716492518243	-0.9457537205133449
HDGF	-0.07423208030742665	0.6029143380573028	-1.099372430855703	0.3013861508554334	0.34707560971063295
HES1	-1.9265473015024197	-1.8373001026011777	-1.4415600390049033	2.977371633187397	1.6248317870364115
HES6	-1.9969393186148738	-1.1023376896514963	-1.1643606499383456	1.766914222114198	1.9873542882707256
HESX1	0.6975153601566771	-0.16891374744692145	0.2879814592808699	0.04620564089180627	-0.7775588062094697
HEY1	-0.7756565154973122	1.4713558105370061	0.27482467826401025	0.11412049585718258	-0.791747938263975
HEY2	0.8382844909597665	1.3859782682744766	1.6938333233186438	-2.1639617865413414	-1.330717266397916
HHEX	-1.73066552787351	-1.1501150477749456	-1.9614901175645694	2.2517351485669845	2.084047902638092
HIC1	0.6861288314529851	-0.5744511877245333	0.5456436368253751	-0.899525861420936	0.1628644914776958
HIF1A	-4.958909716204747	-2.7054195941052432	-4.906921519893627	5.390025054462811	5.84970520550181
HINFP	-0.10393472211769837	0.09086066739341368	-0.5702800496619764	0.22899644096388908	0.3354212341119282
HIPK2	-0.598067078991924	0.3846617390609984	1.1665340437803087	0.2574358062621715	-1.0817334080031633
HIVEP1	-0.013111824919753956	-0.3479649082851723	3.5965687954133223	-1.5836447832112108	-1.5824827166167308
HLF	-1.3721151953429602	0.4204714802813959	-1.6065536819566395	0.7366659812181379	1.6622696111209692
HLX	-0.559790952654775	-0.7861551547425081	1.4147977379490748	-0.10024377059060129	-0.14084029121115293
HMGA1	-0.7311835212985476	-0.896413634504893	-1.8974920768894556	1.4552895086673163	1.7078142170961936
HMGA2	-2.5582093270041217	-1.6540389577287462	-3.713280244871654	3.9046253157796604	3.2674026054316005
HMGB2	1.1164187644028007	-0.4969003799967125	1.358951192148455	-0.5333294954003727	-1.3447860463836303
HNF1A	-4.1429643686025885	-1.536813093254875	-0.6904063633012284	2.771103451311131	2.795122702097442
HNF1B	-0.8070483633145094	-1.019518163825281	-2.6887437745470906	1.6177864766869918	2.4426665552723184
HNF4A	-0.21330946604183948	0.8868703839980974	-0.29939915187956023	-0.6336272685647992	0.3740567268266843
HOPX	-1.5220353891204135	-1.5100061729895844	-0.7985442051950057	2.246271677550458	1.111474282974736
HOXA1	-3.0385044400981416	0.45508674173436886	-1.4531583196100728	2.3900337896836983	1.4106449963722283
HOXA10	-0.4754347114685228	-0.06933148158975297	-0.3756609956289826	0.5438567065272228	0.30666829302240106
HOXA11	1.7580579638417229	0.05854916613749099	-1.54612884416389	0.16550781796072564	-0.2803034180306557
HOXA13	1.227840241421368	0.4160575289828365	1.0690535974795097	-1.9925875661989463	-0.5225870555497111
HOXA2	1.8419323506810537	-0.6501436280598455	-0.6529269350401846	-0.5804496955467139	0.03907356212498219
HOXA5	-1.9044423933217431	-2.1068207193032893	-2.1132039867196215	2.531753357463761	2.831223744960485
HOXA7	-1.2212048664518873	0.8630160975748328	-1.0151396943988085	1.2244704363493546	0.2136886240530551
HOXA9	1.6460445537124562	0.15745408573858424	1.0735170739874516	-1.677192583285902	-0.9795760816741861
HOXB1	-2.635971929368066	-0.09750814383513894	-0.8232895901214043	2.541416970949221	0.7625969818069116
HOXB13	0.995857102870165	1.7581494747880173	1.9067452559109097	-2.0657050753455226	-2.0289343991156907
HOXB3	-2.0862317721557995	0.18347350232300877	0.5325454768026316	1.229072937138236	0.03638110944293455
HOXB4	0.8852097334341722	1.2633844214659649	1.14654314265848	-1.8869352319329267	-1.029943304061681
HOXB7	-0.6169529014176169	0.31103238134849137	-1.0934994133162201	0.652564488509338	0.7033817225440375
HOXC6	-0.054957119705460925	-1.3395071307176327	0.5614377708490493	-0.47113894604075496	0.9627619669011781
HOXC8	0.5896209306279866	0.6179258655300037	-0.896387211285993	0.2847546708134974	-0.4035693855809684
HOXD1	0.800475193898425	-0.6719276933799635	0.3130839458457094	-0.1254637960094029	-0.35607016293489335
HOXD13	0.13599662153556366	-0.11086418549305639	-0.11108393168988842	0.00051795866048692	0.06792249078047226
HOXD3	-2.8246104515400585	-3.7875818020560037	-2.306438588361556	3.7743168969802543	3.917166489959344
HOXD8	1.0518773492095972	-2.7260377613524915	-0.023814385280621964	-1.1110944302765786	2.1731268398542647
HR	-1.7345493069988285	-0.6992265758362534	-1.5434268278534993	1.6545111106161798	1.9123494251593973
HSF1	-0.6653890416337358	-0.35835706429447167	-2.5153409922564745	1.4397264417341835	1.8308062874283615
HSF2	-2.519982551956742	-0.9648471022208442	-0.9637367299683589	1.9642041281896419	1.9677175733415808
HSF4	-0.6764884448054393	-0.6894232916428822	-1.504750232546714	1.0529592781448425	1.5134617046184362
HTATIP2	-2.0757733443503215	-1.5907010557826946	-0.4051471664898261	1.0492888784939198	2.3784285988005966
ID1	-1.9622224328191138	-1.5770128452220407	-3.1287703432184757	3.885161420704538	2.1808574859455536
ID2	-2.417828493984011	-1.8771924749762972	-0.9173154118638089	2.7021533171455205	1.8450572989232878
ID3	-1.1102049897175852	-1.8174033004632166	-1.8613485760827753	1.870593373569482	2.3077741703648362
ID4	0.8852945032128346	0.8432338027474557	0.008442491780143642	0.2577632368469001	-1.6312137632225863
IKZF1	1.3503613051949546	1.2136015256757475	0.39448059784407025	-1.2605804971539736	-1.2727246750854988
ING4	0.4265487361933054	0.7452953553252376	0.7903319086975241	-0.8871787867019344	-0.8367784303822776
IRF1	0.030321510126725737	-2.693681469367634	-5.20575500093311	2.4050389144979087	4.5667666705588985
IRF2	-2.2779201042645854	-2.8361088076772907	-3.881790741731147	2.512893937071556	5.339408047727236
IRF3	-1.6776028279458641	-3.9298096734536414	-4.349013923966	2.9008732736141303	5.716906064704912
IRF4	-2.2151209763187483	-0.1489744933179392	-0.9139828518899223	1.4676272250933828	1.5052853912242732
IRF5	-3.7144490815019147	-1.4918076349889124	-1.4967637092965764	2.011095005486289	3.8309827659558007
IRF6	-0.7928773300252296	0.4148988909093243	-1.5844522096665627	1.1611859956844865	0.7622802075189388
IRF7	-2.54632668665969	-3.4164029922109234	-4.476326671342642	2.8491408472667796	6.243186755004345
IRF8	-0.7821167223203318	-0.9075715756242877	-0.5505129304925858	0.9693505352164674	0.9671004338905154
IRF9	-2.446013435764815	-5.90022464707789	-6.425543715683291	4.836213717178981	7.9889344467777095
IRX1	-0.6051300350875192	-1.841048488354251	0.05997149608428325	1.5640832332664354	0.40881330737690225
ISL1	0.691935509418673	1.3842978806642006	-4.159136339118726	1.936755119051336	0.42021548773086576
JARID2	0.526143815166898	0.8773439827460614	0.6613800274345621	-1.0711215362436832	-0.7341837981653333
JDP2	0.35664174054171194	0.9706976733503412	-1.0129357807600248	-0.3236145109126148	0.19533966509007405
JUN	-4.435546933399125	-3.532284694436946	-5.998721716344745	5.6625279531914785	6.774841702482183
JUNB	-4.821362609348128	-4.393260295703576	-3.858689012442779	4.152934314129038	7.1648584116368745
JUND	-7.5570147050442555	-5.997551589297548	-6.170664006958688	8.560376385878282	8.810546262984996
KAT2B	1.8663586267499286	-1.5019505886119624	0.5094198895179336	-0.2571472444250121	-0.7082683020536885
KAT5	-0.7734007566414401	-3.110728147555634	-1.3176094594202516	1.8926550765927592	2.4658312809195757
KAT6A	-0.07747874453252568	0.861650076009242	-0.9380192177184203	0.6292646606596153	-0.2911958112125351
KAT6B	0.4390963987736489	0.019105412981138645	-1.8388547303364	1.33751542811857	0.07573144556107923
KAT7	0.08782597920809493	-0.4291914947157866	-0.6249327097881606	0.6082116709368514	0.2633834533205782
KCNIP3	0.43376564438348486	0.1932342722145016	0.41874623004227257	-0.5188418423298264	-0.4259800843126035
KDM2A	-0.5443697372680706	-0.9605953165195669	-1.4157397559449254	1.2635487967537473	1.3287508558460224
KDM5A	-0.7657663821675759	0.18166658694844484	-1.0298285946377799	1.1074100866917105	0.45329348242742923
KDM5B	-0.653214375928949	-0.6990818499782799	-2.033434403056923	1.8339680571754264	1.2723538810686654
KDM5C	-0.38438209525478406	-0.05540541889518803	-0.2084561231286677	0.5484044326833245	0.06064518272628602
KDM5D	-0.9592604913643789	-1.1447898175159792	-4.9382283798153805	3.386356533283293	3.1139432993945535
KLF1	0.21343348017959124	1.1142342572289423	0.5282178555408901	-1.0123080388746928	-0.5749204356624035
KLF10	-2.2650205452647763	-0.9924538605767836	-1.243507911744925	1.8541592672811524	2.127667158988289
KLF11	-0.7776151552021917	2.1465618832331765	0.4925307707506764	-1.0646951155821662	-0.41687932315968446
KLF13	-0.10342776836689234	-0.7413628922772888	-1.1950696832658094	0.4979993009161186	1.2845265063868867
KLF15	-0.8830077046661957	1.8121202921714596	-3.5299629882554733	1.004459178217301	1.7241436917507413
KLF17	3.478543485620452	4.271134783743294	3.900593635351254	-5.570967328937921	-4.662593060321084
KLF2	0.03991789349439777	0.11523665856657515	2.250109129839212	-0.2079287172509694	-1.996111090217223
KLF4	-2.6035540707763896	0.33032645506824354	-2.1502273593745493	2.2767341777395234	1.8752557136596835
KLF5	-2.9577836237258226	-1.9207953149033488	-1.8087150910010876	3.126403034071056	2.7709390343879865
KLF6	-0.19251954762770496	-1.7768118116801292	-2.910770615007197	2.133442936849811	2.214696397303776
KLF7	-1.03975846823223	1.7137688747554256	0.34805438797688415	-0.3482008426649434	-0.39143415640466817
KLF8	-0.5549949762490477	-1.2301838446078135	-0.7312928965349107	1.117527455620236	1.0442437655746613
KLF9	-1.5090194817539986	-0.6791244929764938	-1.9907400572563052	2.728479248061982	1.1337175954944054
KMT2A	-1.2154979372210806	-0.48670286742001057	-1.609555990188769	1.246807535750701	1.7425279170900496
KMT2B	-0.6624674957110102	-0.34593923105728996	0.834098680836254	0.014063759204189698	0.04683965285272512
LEF1	0.10094147527634165	0.7338144920846849	-0.608226510544718	0.30712885941078033	-0.35682868595617184
LHX2	-0.9391092321374013	-0.004313718691039001	0.30911576430630844	0.32086282588455434	0.23004955253647064
LHX8	-0.3704086833178819	0.2675610820405809	-0.4143097151888409	0.28000825561868403	0.241705177747154
LITAF	0.2027803053130433	0.7271740567007542	-1.3934564974699823	0.8120206463399394	-0.17956257989075342
LMO2	-3.0091026791228535	-2.3485027639108322	-2.5589266113583613	3.006777763927151	3.9333030784764706
LMX1B	1.9523958851249767	-1.4308584403988787	-2.1656161696095793	-0.1361000992635156	1.510307509991133
LRRFIP1	5.170313063291342	6.7150266870987885	-0.11101169114582002	-3.9998625910585246	-5.681146634062184
LYL1	-0.26980631554367246	-2.321845211702035	-1.5959432967785052	1.3334768888542947	2.2121392883443076
MAF	-1.0420793162634263	0.5789575482392859	-0.22587567704940473	0.6309393860601443	0.09030040158394229
MAFA	-0.2973569951167889	-1.7901939936607287	-0.2740733785437527	1.0670118923764118	0.8682962646278776
MAFB	-1.10898719205786	0.9730505767019269	0.5701109634105445	0.20003784562908838	-0.4838652200529815
MAFG	-2.0189674564260485	-1.7846315127260164	-1.5873613086221339	2.8317473330570606	1.9314867589880012
MAFK	-0.06451631302197756	-3.238311570477404	-1.3613420605920712	1.1580483226348668	2.6656966236506925
MAML1	0.6491791150854448	0.10966813481107823	0.31348524830003843	-0.49215980289679406	-0.47568759557094825
MAX	0.6681057399133336	0.9419724624195301	0.8358670294039117	-1.2211909689063443	-0.9270623014626763
MAZ	0.546876422454954	0.12659679834354978	-1.0148860874275145	0.267272290545793	0.12482593337727146
MBD1	0.5670284174135409	-1.2921173922259306	-0.9171158449311039	-0.49803298710599236	1.777210081413671
MBD2	-1.961099750243851	0.8136278493884983	1.1780329100021993	-0.10053105754356338	0.08103118734000768
MECOM	0.9890488569982041	1.3596705999201761	1.0191179137260298	-1.9378972469134452	-1.0272020768366998
MECP2	0.6558641833431976	-0.6928925999869057	1.2292498681996473	-1.0687566068057859	-0.19571546711459614
MED1	-0.9956429659821213	-0.48254104603292575	-1.0888435727613002	0.9321533993419832	1.3606621663922598
MEF2A	-3.434001099892603	-2.8554251375124817	-4.686430272764379	4.864448667398028	4.9329131527174646
MEF2C	0.26338823870163197	1.7448215991115419	-2.5019892182418895	0.31379949237747884	0.4811594131886552
MEF2D	-1.645059727812498	-1.5893242306618933	-2.562519478466668	2.542799498243394	2.6248556202614806
MEIS1	0.2827684881503058	1.172748558448907	1.2727802322133142	-1.0054796429902306	-1.3678732432045646
MEOX1	-0.8824757484113583	1.9207839100761983	3.0252944255687275	-2.1640093002669527	-1.4788463634046483
MEOX2	-2.452442734484483	-0.3490693941367792	1.3728583969541575	0.4036875713047391	0.7303328849902627
MESP2	-2.4602144348795276	-1.2608090359020305	0.10341216973992305	1.3845098980662023	1.6873796840977535
MITF	0.05175905135077389	-0.3916894867431979	-0.7433009523344346	0.5737918599766818	0.40637594930245374
MLXIP	1.058227809402311	3.718782475260158	1.896224029330177	-2.885852869023386	-2.78753339135794
MLXIPL	-1.935016311544228	-1.712879658912474	0.04533486583336749	1.4364816816145007	1.5814724214956537
MNT	-1.1580453385139726	0.49509018482366546	-0.5102670344478774	0.7349294580390896	0.4182928888519222
MSC	-1.5234103252447873	-1.2509617439893794	-1.2410508722379465	2.0497464055417507	1.5050110265917251
MSX1	-0.4773910002770757	-0.5929521967659334	-0.9498212997485148	0.2768010031816334	1.4708247092727333
MSX2	0.977708596169348	0.9417263010663015	0.9017758703798773	-1.715068430536296	-0.8011402693087588
MTA1	0.9056860246580084	-0.6807279553789156	-1.1448699353592722	0.43954686721219666	0.3826793030239155
MTA3	-0.2661345032022753	-0.9845867099166979	1.3148393711147242	-0.07254651443614857	-0.17754488428641754
MTF1	0.554616229713982	1.8362989107424157	-0.833556603500069	-0.398032299204977	-0.7173099992877076
MTF2	-0.2628494119489424	-0.686017442161113	0.6126958467495524	-0.20229304207886556	0.3598097340532105
MXD1	1.0178201604324735	-0.5181494944267654	0.09733571545312066	-0.12059130791579287	-0.46334463188444197
MXI1	2.395775097114449	2.0746408198559094	2.3501895672969386	-2.9582420335650825	-3.055819834721963
MYB	-2.052988258927876	-3.0963906552860023	-3.081969954899805	3.3309166935292915	3.8574523908424694
MYBL1	-2.205682441385457	-2.322498342741001	-2.2344670574207335	3.4769942786086614	2.4980361539993368
MYBL2	-1.1857319460854776	-2.813322730931276	-2.875395862029152	2.8149792149426167	3.1846291789754546
MYC	-2.605134018170197	-2.3543204125509716	-2.6950316992827887	3.3190161984121187	3.431215349791825
MYCN	-1.2228376188749368	-2.3468063079736905	-2.147873298957054	2.549176458921473	2.4426931954507314
MYF5	-0.29989552635016187	-1.915899908243942	0.10539887931401491	0.7718297731596838	0.8856673589997545
MYF6	1.57814520912056	-1.5939592200164023	-0.5617289960299625	-0.087643939426507	0.435674883873108
MYOCD	-4.302515520102477	-2.7359471467523355	-6.60274638056704	6.311256890156498	6.025197779664319
MYOD1	-1.4621927396770016	-0.5874441399959087	0.5983585908562105	1.164099456033413	0.07721681212823196
MYOG	-0.9112257015989194	1.1294718997114435	-0.5831322954914245	0.5911060096877859	-0.06850746501139271
MYRF	-1.3359809826826614	-1.1572085831864891	-1.2122719364459265	1.1644285910119472	2.0572103436298823
MYT1	-0.6143568014829535	-0.5917345442629252	-0.5828315265986223	0.5899525991599965	0.9639544774288623
MZF1	-0.7427850373153119	-0.8904802939085293	-1.0626014003311632	0.9438590618418676	1.4141791946301907
NAB2	1.0460892639203925	1.4290227543399885	1.3340289830834122	-0.9597192236097671	-2.311079684469473
NANOG	-3.4048915205019328	-2.7292682602017013	-3.156371497990079	4.027888428855144	4.172548692124926
NCOA1	-2.2019435811965544	-1.8762373323658783	-3.0751602225696875	3.173457399592862	3.210624155521893
NCOA2	-1.16706153314104	-0.5925647319419468	-1.89048994014817	2.099320859501846	1.259017499823054
NCOA3	-0.3578854451202551	-0.10884133381010308	-0.5588507345142104	0.40618742851574907	0.5295718500670519
NCOR1	-1.0608026309861356	-0.24024416612744356	0.8365770693945165	0.14643861907557562	0.18558828794682944
NCOR2	-0.8781064552633736	-0.9614672580451986	-0.10885110010649186	0.7643028536918013	0.8713789664062954
NEUROD1	1.0531593256291545	0.8279462258575679	2.1697694527849256	-1.450337701753142	-2.1868755374654842
NEUROD2	-0.7764714247938282	0.20797146091287735	0.30576274891593386	-0.5189278487209112	0.7028259729816081
NEUROD6	-0.6350243896841499	-0.45323853952687804	-0.07161573108793008	0.4161755174086584	0.5675976755529794
NEUROG1	1.424261540557915	1.9334967870100899	1.2701179150089257	-2.6273871408638376	-1.4289708261616565
NEUROG2	0.26166089592299235	-0.23374198449544692	-0.6158003703891377	0.5039059041965578	0.055505870335320624
NEUROG3	0.34097165634681553	2.527734552369322	-1.354443904362385	-0.2748048590031698	-0.6851010508970783
NFAT5	-1.1384815973660154	-0.15550305930075659	-0.8749820196101297	1.1654319238250832	0.829034469174971
NFATC1	-1.1814841044252182	-0.9168766994511559	-2.8579913010878726	1.99736003976249	2.4950232842281
NFATC2	-3.6625051784299574	-2.3013633464356813	-2.708481179475132	3.701548661333323	3.9598473984052136
NFATC3	-0.9685908543603907	-0.9838889974387383	-0.9333064518932301	1.3051054010875214	1.228398751402108
NFATC4	-0.6009552687724352	-1.6846187139830386	-1.7811926874035986	1.4271364740005124	2.1041897389414115
NFE2	0.27151685189354624	-0.3666265055418756	0.7191231034617391	-0.3074781946147705	-0.3378018081824954
NFE2L1	-1.2180680121433263	-1.2477416539128607	-0.7483508051980959	1.2652523173288335	1.5056782388300927
NFE2L2	-1.8325743497069793	-1.122535712472089	-3.8521775584662596	3.3594076320242188	2.8740669040737203
NFE2L3	-0.929651515654798	-1.1539589207123357	-1.956919326256807	1.9606224294313015	1.662922153628076
NFIA	-0.7397151444821509	0.872814751930231	-0.9650874813531133	-0.025748898818702085	0.8908365620512915
NFIB	-1.2621029972929554	1.0777394222294547	-0.2287879116356252	-0.17794660578855284	0.6479591158693828
NFIC	-2.24368043382786	-0.012068190735961807	-0.35758273067477153	0.9794732626942381	1.362620709812249
NFIL3	-0.06635019191174471	0.2516895894245784	-0.8207793031521322	-0.08940088769751922	0.7040856578884359
NFIX	-0.2642009879570558	-0.18420655556213747	0.8860474729366993	-0.7211484042446055	0.20930698833828476
NFKB1	-4.307304112627283	-3.505269966172048	-5.207763460097139	5.001335188783364	6.522567801793768
NFKB2	-2.9409951507773204	-2.830093728913151	-3.1660081096321075	3.3544150068959184	4.475161831798396
NFKBIB	0.624881574625997	0.624428114419688	-2.3888669302853596	0.14924367942720468	1.0551852690958272
NFYA	-1.0760999916541727	0.8918269438719927	-0.2806980080277737	-0.2955490955468773	0.7827737969857597
NFYB	-2.156890170784269	-1.9252471688381803	-2.5432853683659973	3.087835262253971	2.7985065915638936
NFYC	-0.6056668238052362	0.446764719392335	-0.5470337387608383	0.24974099996870175	0.4587418286905597
NKX2-1	0.22615907945196795	0.7476830845667429	0.7770129640193961	-1.1230879049361846	-0.4392032761643397
NKX2-2	-1.5721941789266956	-0.012296424161714791	0.268285962402545	0.3718159046395701	0.7687964469319682
NKX2-5	-4.009023258560808	-2.7636413903623835	-2.9915522478454992	4.687773063688283	3.961211702954587
NKX3-1	-0.30514535858989233	-0.9926869967250299	-1.7010258570634291	1.2688534577052204	1.4049803199029876
NKX3-2	-0.4725938423733991	0.8760453835200899	-0.9583489329772494	0.018597583510750502	0.6130357666570467
NKX6-1	1.3684443066684782	0.703080454776989	-1.2686839492070263	0.35685322847625195	-0.8579298263210007
NONO	-4.40481676361949	-1.8028156516131812	-3.3737055498786885	4.142631396656339	4.4305380700258326
NOTCH1	-1.2547038261187395	0.2648614612601864	0.3267247637487716	-0.2084182470378256	0.7666477696779925
NOTO	-2.800101841907288	-2.4736889865552647	-1.1517339205460357	2.2110795124034794	3.2821964404941824
NPAS2	-0.8589562391637825	-0.3180487233975011	-0.09528392166615175	0.6460476197315628	0.46994217590257
NPM1	0.43433763391720276	0.18697283651332305	0.6697461986866815	-0.6629070274277933	-0.5205897388186476
NR0B1	0.9367196788102461	-0.043171362217498475	1.3716955620553186	-0.7647309458690081	-1.3301532436039119
NR0B2	2.4288858358155534	1.635861127461221	2.1582167058655215	-2.6113329574820856	-2.8969346687875652
NR1D1	-0.9926032393497194	-0.9936832690860343	2.9692410679409353	-0.27360008867142627	-0.883385893235586
NR1H2	-0.8437813846481352	-0.08453869245415281	0.6647186787045511	0.19851829312131225	-0.006299322113316677
NR1H3	-1.074595269623573	-1.2187210308480152	-1.9028330028159945	1.4779789435791735	2.226900091618674
NR1H4	0.10698373048767791	0.7494698205719749	-1.8429375688283391	0.8053682583055343	0.3044453710339189
NR1I2	-2.590752682983022	-0.4763370774672935	-2.185213208844757	2.4687811419479226	2.3238341571524934
NR1I3	0.15785415920408682	-1.9284622251025245	-2.8405080025335345	1.428661750000571	2.6076844570319784
NR2C1	-2.5358583333874978	-2.341610390025628	-4.584356076945432	4.341310863166329	4.162997564540301
NR2C2	-2.7877895782653996	-0.9382615140667131	-1.7525437944849203	2.7863154088762423	2.1502641089203545
NR2E1	-0.7914683076800373	-0.20317029678429657	-0.3202914106961181	0.02086365797231941	1.1043448319246036
NR2E3	0.26862607493039375	1.9160800828722904	-1.4223202571689357	-0.7673606872767468	0.34596313133312806
NR2F1	-1.2866388510591524	-0.33823641681097044	-0.6238586313874549	1.0816438192585933	0.9383639575376235
NR2F2	-2.5461360633804104	-1.2410747628027559	-1.0543053864509804	2.565976394746518	1.7298245858556316
NR3C1	1.5557847270497682	2.3350326659111578	-2.484000854324221	0.06284088750972452	-0.8529425917066384
NR3C2	-1.3286419364314872	-1.0147864401915527	-4.507334632328795	3.3683059813002556	2.954652859368454
NR4A1	-3.5565113209867074	-1.5796282080510862	-1.466708927124833	3.0574765476071386	2.7770930506906533
NR4A2	-1.0569491684630365	-1.9782338271967075	-1.9226517867007922	1.866606564355252	2.4422805828557395
NR4A3	-0.28935267856928193	1.523607710501487	0.43359153296583564	0.5250978026496405	-1.768597792137383
NR5A1	-0.8127310661359604	-0.167933704708486	-2.5959421140286714	1.3718529725680981	1.9506909619399069
NR5A2	-3.0081893167684552	-1.1535587071764963	-1.3594306281607407	2.2347479456569213	2.642769094239842
NR6A1	0.4036024086152337	0.4891129349923904	3.651732266064835	-2.0485379325029527	-2.1906332795782633
NRF1	-2.503426799868005	-1.4846134583435593	-2.0020064954568353	1.9584281361658786	3.3011612766833105
NRG1	-2.5076725276458127	-1.8280499104850547	-2.1086252505074086	2.760802645837569	2.925883159705573
NRL	-0.05394373956667862	-1.3008610473139137	0.410776737076708	-0.123812950440796	0.7539216459820345
NSD2	-0.5777745903514928	-1.4486310862315641	-0.008163080475450437	0.9593323446505243	0.7074885171681983
NUPR1	-0.6668723495842933	0.23323546884084828	0.5173361363657017	0.07167568286288065	-0.1438811121245084
OLIG2	0.09386162294252745	0.39590701717033683	-0.21793595976931782	-0.16065541676084702	-0.029180547732367976
ONECUT1	0.19984275090896336	2.673571487433172	0.602457473132102	-1.4003911399801925	-1.44133605487942
OTX2	1.9904329258344904	0.6607374980755426	3.7195159660235215	-3.3646527063901472	-2.5375209402522705
OVOL1	0.5641843675748384	0.04327896244452806	0.2025032480851357	0.047792126208321094	-0.7449095609926735
PATZ1	-0.7281371089154318	-0.5715251923696426	-0.03062790030323913	0.31233543419315746	0.7929398589152371
PAWR	-0.7481819352424406	-0.36157836593741516	0.9359411815286396	-0.2374448908752881	0.2682477786564436
PAX2	-0.09065743376961605	-0.2813912209355323	1.0766490921261176	-0.09320309901697534	-0.6155144088028475
PAX3	0.41385132584421713	-0.2641179206175502	0.18524231567319924	-0.6320801539937881	0.2506079578476125
PAX5	-1.0438701941163646	-0.7512549601681472	-1.6979403880536088	1.8431972823574205	1.3293732201126331
PAX6	-0.0805895882272421	1.0462846117206674	-1.3367368120165428	0.22046450958172764	0.31318582787796
PAX7	-2.863085232628983	-0.7354964264947771	-2.008788128778915	3.2725651851109308	1.854318562317884
PAX8	-0.4278247704724155	1.0583941583156988	0.12941725834219917	-0.1677350890969939	-0.38993502528816737
PAX9	-0.029940114992005367	-0.021372964201052443	0.7167991096045708	-0.2121022563521607	-0.4226936439397316
PBRM1	-0.5675731805785575	1.353246721482561	-0.3934533521349907	0.5418583929270667	-0.6589636563308864
PBX1	-1.5651956353316654	-1.4977440789076195	-1.1128461585429756	1.1983812388938533	2.3856027949178054
PDX1	0.21087875632176814	-0.801447232957542	-0.10675659125279129	0.2897664772527695	0.2513825383329452
PEG3	-0.7264164714833394	2.4207391891775814	-0.7387354168822393	-0.5177927818091647	-0.034696081404975335
PGR	-0.540886268193172	1.142563156312499	-0.470042948368566	0.7903744954009726	-0.6812352915629174
PHF20	-1.335821156781376	-0.24651555603190917	-0.6762395252754017	0.86166765871079	1.1610745581869466
PHOX2A	-0.1548366800348572	0.3301776985523598	-0.08663239496358993	-0.03161625186498639	-0.005672576241597669
PHOX2B	1.1446283203182324	-1.3466741711966554	-1.4331025938863535	0.22914610339660724	1.132521997316297
PIN1	-1.7719212291293238	-1.9753314270566003	-1.8848185370194634	2.201615936566516	2.7114632783968897
PITX1	1.3752922852201224	0.5691400044740345	1.4450909238789897	-1.1481698954396706	-1.8800874769814113
PITX2	-0.39829063410617294	0.007394029002156428	-0.9436088672839744	-0.4967302510494124	1.655912485677996
PITX3	-1.6503126480200754	-0.4083911362734693	-1.2006430931382046	0.8163324668144736	2.0742906011484736
PKNOX1	-3.331073115330109	0.9841061454530927	-0.13457989313991905	1.1556681648057086	1.1827081642836876
PLAG1	-2.333742899743907	-3.018408100320999	-3.2519734716586646	2.5861019192794563	4.877570808426196
PLAGL1	1.2105503293445012	-0.05734592019103681	1.2997632479627927	-1.861825402733456	-0.4853901505424996
PML	1.3872500437369062	0.5579051383616366	0.9980056435358295	-1.19865165146865	-1.4252322094431824
POU1F1	-0.6512657175333748	-2.42109477503764	-0.35842235734343947	1.0869400366207764	1.7017135452299779
POU2F1	-3.3401062000359794	-1.6677702607335338	-3.936937994411999	4.308425974000917	3.7837262124095075
POU2F2	-2.0808167240555684	-2.233860755640846	-5.598359872284289	5.0292989323639326	3.994060175736514
POU3F1	0.15547008462163842	0.6307798799554346	1.2387768198566498	-1.4635848420065396	-0.4041676138120905
POU3F2	-0.05486724550070144	0.7974471278738353	0.9397272795300374	-1.1464817816904134	-0.3638176069756611
POU4F1	0.6921798943347396	2.183346315442107	1.0500955138561072	-1.6539302492260133	-1.6761919743106546
POU4F2	-0.18515495899571485	1.7281318609910894	0.6678708721820117	-0.7900425887111849	-1.0235808402139994
POU5F1	-1.5518290520864155	-1.2421250484186828	-1.5377876380971098	1.770425654837785	2.050488386664133
PPARA	-1.1756181383411968	-1.5334402035590158	-1.356451627397583	1.5320194079885996	1.9974163440852082
PPARD	1.7662147192080002	0.9093689536905789	0.08359532258854563	-1.8049721651821318	-0.618466635895743
PPARG	-1.3554722173693914	0.6786489516998012	-0.5674994735405069	0.16255168446595045	1.0258163109763294
PPARGC1A	-1.3722444098362911	-2.2314261109548936	-3.0136889617128513	3.2469794525687816	2.64180670405527
PRDM1	0.45368477687744496	2.0747118773574327	0.8528706485064139	-1.4224381714170822	-1.4212977049048576
PRDM2	0.028861155022384486	0.9537359413826499	0.38548747509581166	0.07492745907818095	-1.1596341649088835
PRDM4	0.08177879465518445	-0.5240418029366078	-0.5143539265129682	0.17760566318923496	0.6314231015473923
PREB	-1.5016553382916886	-1.4721552310350527	-0.5260044986201897	1.938834686321105	1.096368612709403
PROX1	1.259087549052928	2.041294624077074	2.3045219173722185	-1.892208721648239	-2.989886002598001
PRRX1	-0.17981867727524226	-0.9733485521247915	-6.0217990691935634	3.691262781193923	3.0319149648353982
PTF1A	0.9663173191347406	2.4180009470852712	1.5276513019216276	-2.1671210079967906	-2.055762160834828
PURA	-1.6352404168211878	-0.2127809250317382	-0.6666361455148743	1.0676696690908027	1.1950648714321732
RARA	-4.501541380483836	-2.3025105815942184	-4.885283410588273	5.435313213691387	5.094800525285854
RARB	-0.9761816000319987	0.28280479205074666	-1.3981973199146753	1.2102083853733598	0.8020964163931706
RARG	-0.7873914771753561	0.5485760478647109	0.6123308482452358	0.029055928686973185	-0.32455512744479353
RB1	0.4150831160898575	-0.40807859636644733	0.64304065796049	-0.619279116698805	-0.07492846813426636
RBPJ	-2.630995593808371	0.6432123598284837	0.2741896199070445	1.1162502502590606	0.49929904530225194
RCOR2	-1.5451514807545312	-1.9634767385290812	-1.7070614857732018	2.4948080946639424	2.0772051987849514
REL	-6.004276899867046	-5.533799067485922	-6.519236168235831	6.716438232247603	9.138782387046753
RELA	-3.520172826595011	-1.5493100254132	-4.9057614475057765	4.215671269604194	4.823547836111112
RELB	-1.9142663894501377	-1.6411690133076386	-1.3751217308817503	1.826668286487176	2.4582045892713507
REST	1.9162693122524723	-0.296671803856944	0.7074863751903242	-1.2905986685918025	-0.8887340586718311
RFX1	0.7125729360442241	0.3686416786529791	-2.076394671534957	0.86405372264879	0.23116774896897846
RFX5	-1.1212857340105096	0.20724450403251976	-0.9034239204783088	0.8070065876648431	0.8969783660697672
RFXANK	-1.3154961625087123	0.7704400486290253	-1.0183328404505787	0.9494380591922257	0.6178035220035539
RORA	-2.4025835674811136	-0.8769064255871007	-1.9801156075198003	1.9068089641267243	2.7875204884041125
RUNX1	-2.194908787840015	-0.9737733989701406	-2.5548881471570093	1.5406871979024612	3.5449738219665137
RUNX2	-1.1175765632919106	0.44157169734469887	-2.1475931629659955	1.1725529159372212	1.5268637949296684
RUNX3	1.2935081746336237	1.4101776718296404	0.9953040839487513	-1.5807542121167106	-1.6300536719887955
RXRA	-4.047227363698805	-2.4308059410239435	-3.9489050724505823	4.539444985051036	4.760155084068017
RXRB	-0.423642799411372	0.4556091059574469	-0.07317800041518538	0.01358739495596859	0.07706618027652744
SALL1	-2.2059823186651286	-0.5970869780392971	-4.468979213613047	2.929218409205441	3.760119321071023
SALL2	-1.2706157591555935	0.6678795035649446	1.374899367837469	0.11945847519333597	-0.7827891344910993
SALL3	-2.3193466150399185	-1.0525065659904869	-1.3131208902951341	2.8208577648507394	1.3997242670801298
SALL4	-0.2815207019130143	0.6448373065559767	-1.2931160030068949	0.2558126161464884	0.7127257101883642
SATB1	-0.7057958012516569	-0.5017281190622144	0.27137445594850435	0.08175273705875241	0.6551105068927429
SATB2	-1.0223583087286272	-0.8149370290668635	-2.572639225742803	1.5590611340572824	2.4212646759374468
SCX	-4.046321140686573	-3.685825343502831	-3.6579276719510028	4.725865230707268	5.260632908565775
SF1	0.2702318855997031	1.844968813205928	-0.4758588089993748	-0.2761246528527016	-0.9201823510320988
SFPQ	0.4981623110039154	0.8033640885442946	-0.14500499539507075	-0.7581946747259597	-0.20052878750212494
SIM2	1.1499164494351697	1.7358450965978691	-0.23332574618493104	-1.1107645039742908	-1.051643864830672
SIN3A	-0.6035461447231285	-1.7980758121838036	-1.5063937196849035	0.944702675494027	2.3798831479521994
SIRT1	-1.1245578017828166	-1.92920566422087	-1.9368184533112414	1.666177408703519	2.659806252838895
SIX1	0.366724895337719	-1.6022937756717253	0.6040379335309429	0.40693205611630473	-0.04355779314995336
SIX4	-0.17849405645476268	0.1944045032768531	-0.8185136426825091	0.2204893710769448	0.5575820242399456
SKIL	2.7557738709195516	2.125275881612031	2.4459850725256276	-2.8012207596908536	-3.633559766573296
SMAD1	-3.0667631435171336	-2.1886184887784155	-2.902241170068487	4.101565885062248	3.1780166905179845
SMAD2	-5.289606776718008	-3.9566927668298373	-4.84687990136012	6.034962582283323	6.425691889790913
SMAD3	-4.589331562306922	-3.934601656248606	-4.052485114784045	5.799458158177113	5.2936825089932045
SMAD4	-2.6469813818606527	-2.9562482906966	-3.528891195216193	4.55526481936049	3.5534237794592722
SMAD5	-0.5418811854650604	0.26540232183299217	0.61221818577865	1.0921959073588412	-1.2947113129149193
SMAD6	1.428487289645975	1.9481580371089382	2.8725297966525574	-2.3492911886271313	-3.1691269434781333
SMAD7	-2.0233614646791396	0.5229756856064085	1.5292022711491389	-0.2194927689586097	0.1377771029719894
SMARCA1	-0.17087989007386203	0.3540733094197519	0.3573893617563793	0.33528513384570074	-0.7528010708745051
SMARCA4	-1.3362924135373473	-1.0626294615840102	1.8520032024421225	-0.05092288231540315	0.28393660524365943
SMARCA5	1.1598448179918441	1.5217670216788082	1.192956292207068	-1.7122324329107819	-1.6603344059921297
SMARCB1	0.43405834032839813	0.41822830395409183	1.1083298220112545	-1.2829139535773104	-0.5291969644851486
SMARCC1	0.2606662832614317	0.011616604581780281	0.4924768124068583	-0.31070870908849535	-0.40003294241760023
SNAI1	-2.219497909087758	-4.20238425417843	-1.7400255895820924	3.39920306515697	3.5307749548078777
SNAI2	-1.1316469056959042	-1.015089015473155	-0.7007493035521979	1.3243133064599975	1.160196307529476
SOX10	1.117191658491822	1.8371959586152828	1.3849007540905947	-1.8235444597037764	-1.9340003321600283
SOX11	0.569578814619769	0.342406062598211	0.13023160452303637	-0.1738349252421402	-0.7040806283968135
SOX17	-1.278633714419648	-0.873359169287656	-1.0228189619807013	1.6207268701482949	1.2050015344331557
SOX2	-2.990688411451003	0.8377941403525828	-0.979878327357942	1.6777065369118747	1.3000678419461897
SOX4	-0.2920391104652859	1.1721444004375985	0.9977927717143206	-0.4068568402820705	-1.1699381634500106
SOX5	0.5950911180802767	0.3007821357295321	-0.34238284371720257	0.36091533276726184	-0.7495993396502704
SOX6	-0.2180040691830232	0.4427463029616958	-1.7987820864317463	0.9236973009311239	0.663120646946657
SOX9	-1.3914427814897725	1.0049208725087588	1.6529088196872033	-0.5245267861201467	-0.5977889253656642
SP1	-6.679853908660216	-3.252515918975711	-7.525151629131946	7.781882913198556	7.95500371151446
SP2	-0.9567251413309845	-0.00419111280796034	0.37892896120383096	0.8977818000625878	-0.3462903883544722
SP3	-5.933809876213887	-2.8709693883060696	-5.262814307579632	5.987865511049795	6.589660120724457
SP4	-2.1169272895432774	0.564946678415584	-1.5480628065866622	2.0315931994343885	0.9547119192934889
SP7	-0.5162370965837599	0.1407337522166981	-0.4415217805203552	0.8046134771524007	0.006842912325096484
SPDEF	1.5616287750512738	1.3264568991309318	2.0987200707369342	-2.4986303685612774	-1.9714958827774063
SPI1	-1.3530698143242719	0.41511163015088814	-3.2553688302831127	1.5850542047450522	2.3879383229403057
SPIB	1.2367058634326817	-1.8430711672919298	-0.586688027200929	0.9741786526496821	-0.03353134590631354
SREBF1	-0.33179933589962096	2.0305880720833525	0.18190509021471798	-1.8037665915885008	0.24858508213506006
SREBF2	-2.373140595555718	0.7573717604438139	-0.3215991290000473	0.11292513323456035	1.6575339838353893
SRF	-5.6894735197893285	-4.4859824141834235	-8.34363214148561	7.44963149340799	9.08776088377732
SRSF2	-0.16504656004147158	-0.6662054528738321	-0.6386897071792225	0.5350336359817894	0.7364232576862738
SRY	-0.5558974207853009	1.3043451543086642	-1.7608613249078462	0.41053166581435285	0.7429327896342051
SSRP1	-2.1648255722704155	-2.0669238921477553	-2.1957452409412572	2.8196552741655285	2.837074582498509
STAT1	-2.9014011592750513	-5.359270618570472	-6.986950807804936	5.592172592655746	7.7985572445232645
STAT2	-2.5810861257621527	-6.307118351993121	-7.20476087701756	5.4102201153952985	8.600547895665276
STAT3	-4.500299935611192	-2.6399566385703004	-3.7050345348132345	4.671113605274973	4.960270232092866
STAT4	-0.5933826135912773	-1.55784817833997	-1.0555483087616404	0.912910988638831	1.8066766946142367
STAT5A	-0.4721556481340425	-0.13807320687305843	-1.5731256505014626	1.1986522090844376	0.8562092089852852
STAT5B	-0.1453287597702201	0.961845910557086	-1.8797121461906465	1.4514945311977163	-0.19486852491020884
STAT6	-2.0905810282043986	-1.1667999734811214	-2.4237753468371595	1.8885194036054729	3.1613311309486507
STOX1	-0.5464070336682176	-0.041413593204662646	-0.21500699557408748	0.6848497940408288	0.07021003223852545
TADA2A	-0.30888126223124723	0.22362662594343818	-0.3953669613025705	0.14716684273912425	0.3258691256962456
TAF1	0.7430732105646118	1.9703993604316121	-0.6119823955868733	-0.6370741583497632	-0.96376044310029
TAL1	-0.7639593509283206	-1.0051702192781642	-0.083879614217608	1.0146480261790463	0.5545995630514461
TBP	-1.7944415753856475	-1.5936625113998029	-2.6707376538171372	2.714278104623998	2.698679121966801
TBPL1	-0.11792987775537017	-1.4053755959983913	-0.2542662939944959	0.9248425052641294	0.5390192364756452
TBPL2	0.9384609176394325	1.6049827416324436	-1.0414776095131384	-0.5870542432706807	-0.5094879983361588
TBX1	-0.4302139921192458	-0.2601207769386955	-1.8586394447594023	1.9001052309892943	0.5326387112926845
TBX15	-2.6199645965549663	-1.6935207073671594	-1.4980436208606551	2.942465207939891	2.1946563123660607
TBX18	-3.4338907360126463	-4.029487586093273	-0.030587909023333915	2.4683883385413323	3.72124867374191
TBX2	0.7228629078521226	-1.1021691855232325	-0.8431437671853952	0.22064743137289705	0.7770371575895966
TBX21	-0.2088897445299143	-2.014096116188073	-0.3733784315779784	1.0353122046533598	1.0799292488648864
TBX3	0.8057457463748474	-0.17875604938437123	0.9681517086621855	-0.8278404080248043	-0.6885475733747858
TBX5	1.005442782428749	0.3515963718494842	-0.543720212981132	-0.5552996100046208	-0.11661012917923767
TBXT	-3.4612282700070427	-3.1725292430165655	0.010791712118129647	2.10446682789129	3.3993123461843817
TCF12	-1.4064678079968735	-1.4045368406772532	-0.9128154548141193	1.5678490445358193	1.6585870680245702
TCF21	-1.0306021606996698	-2.0580677946387396	-2.7480839466682463	2.2742465701550882	2.864726169084985
TCF3	-2.413790764970421	-1.0391557998374357	-1.996399391464547	3.013853277843994	1.9216665869897502
TCF4	-0.6891996003865529	-0.34091672340470386	-3.173889036806006	1.9907198645547826	1.9389240722146701
TCF7	0.15817118273314928	1.3579775812184849	-0.4760774387585796	-0.01496766508287211	-0.6990126492236258
TCF7L2	-1.0500126822091391	0.13029660762949904	-1.6724413561368772	1.7226586721907642	0.7627351856602654
TEAD1	-0.8595212004006855	-1.9001134863697537	-2.8515910616155846	2.4415324890940378	2.5422465477140337
TEAD2	-1.7454348631179792	-0.40826726779048095	-3.7537549230054714	2.943914747370417	2.5547673123761205
TEAD4	0.15929650283833108	0.19065130092274998	-1.320148121676584	0.34822460104682784	0.6150159817743434
TEF	-0.877282997302716	-0.649138274645461	-0.7780558406306324	1.4008178328756666	0.6701445519627838
TET1	0.09862894319409986	1.0778940006867652	0.9052197017263821	-0.9634419818656783	-0.8402992670045901
TFAM	-0.1608782413200574	-0.836844107038972	-0.06610936888126177	0.31090057308335595	0.5394291143666381
TFAP2A	-1.5331235141375399	-0.5233463627333061	-4.4914703869463315	3.56480498180563	2.568353165527837
TFAP2B	-2.655122163543042	0.054103032821938894	-1.670802952577518	1.9620744368695213	1.9731683253546326
TFAP2C	-1.5185531167680988	-1.5517233139311275	-1.2477436079407964	2.4467233844767753	1.3690034605896206
TFAP4	-1.5296354712280453	-0.3600630713205693	-0.644076020785141	0.775928509170618	1.460650584948283
TFCP2	-1.6507340468601293	-0.8815712120073945	-3.3456473656446937	2.912106057870815	2.4820904950616867
TFDP1	-1.0892018443769704	-0.9012754025907589	-1.643510470190893	2.001704809321252	1.2854665119636828
TFDP2	-0.7089006000664192	-0.5577961496939869	-1.7178332585863072	1.4697792320905219	1.2575484349561998
TFDP3	-0.2612383802810054	-0.9592932224070235	-0.27814953975990403	0.4783151262259187	0.7585057835670941
TFE3	-2.953283667065861	-2.0548305792081143	-1.7210524496431325	3.4627534214446447	2.479470407423025
TGFB1I1	-3.0168411856638917	-1.8374826749540805	-3.35565908678904	3.2095206190906076	4.104391029512485
TGIF1	2.6338003042173046	0.7459990211724292	1.3129190005331168	-2.5569047475700053	-1.6806942838948327
THAP11	1.22034779338578	1.7828273217609314	2.0589425371648367	-2.23527736100868	-2.2243944847916386
THRA	-0.306426497784249	1.0620045763882047	0.012341415959086258	-0.5358594212472451	-0.05262860770828287
THRB	-1.5506763451390615	-0.5964816971889173	-1.2517864344860907	0.9472561028624618	2.056830648361334
TLX1	-2.6720177956783884	-3.4504206373535884	-3.497436445264374	4.1612984337333545	4.275261737218783
TP53	-1.1588893161838478	0.13679179372721093	-0.21824590946326236	1.3791188894231763	-0.17009979502012407
TP63	-0.17348861690839862	-0.1973605735396695	-1.6507705499712866	1.806853778022313	0.1603838456540614
TP73	-1.237462739730635	0.7654719816656714	-0.24902422168103516	1.163260244179107	-0.34698895491984333
TRIM28	-0.7140950687475955	-1.0603201748851672	-0.39604127187712385	1.2419221260050763	0.6320507237157527
TRPS1	-0.24508643549106135	-0.12342762865988256	1.2427981972769957	-1.0533665389024967	0.12361404686174156
TSC22D1	0.017087742225254148	0.9417140578198059	0.39333760593703415	0.03379918552742118	-1.1101890568237986
TTF1	-0.24359190961899216	1.9118394348509324	0.11521304386918907	-0.8414636135775487	-0.5562984468843585
TWIST1	-0.5112480703917531	-0.7357183816120018	0.19045747343496303	0.5958098983492892	0.2678638176898675
TWIST2	-0.9141216819717758	-0.802559621575725	-0.21001261530809248	0.7734472448821634	0.8680323404717502
UBTF	0.8528810740428863	0.2755995401559523	0.7780385202729032	-0.9332933505722082	-0.797415194455957
USF1	-3.1307333806641857	-1.6292927676577058	-3.6434088832650047	3.879265941510662	3.698239511733388
USF2	-1.383227220451797	-0.735452452502798	-2.1821568624787626	1.7066351302790188	2.1774820962374126
VDR	-1.5963448831967229	-1.54232427663724	-1.7991562435027222	1.885018211101028	2.448238496979013
VEZF1	0.10736940556577382	0.6639274750933809	0.5176986945483423	-0.7097570065567486	-0.4145768509279553
VHL	-0.48080084566552905	1.57955153960717	0.9119358095282719	0.4317949217146316	-2.000495784338788
VSX2	-0.1586816160108115	-0.15845883995141694	0.2933265257717659	0.09036341597560799	-0.09769361291238172
WT1	-0.5772341676928843	3.0411951549204885	0.29029054568246115	-0.7340651463991364	-1.3727692598733923
WWTR1	-1.2823714880730086	-0.7914739860993929	2.812079251631092	-0.6458928179551686	-0.30199259219875946
XBP1	0.5091201783613949	0.4925514122575448	-1.2412154352147957	0.5312658495937492	-0.14971601141825286
YAP1	-1.8254953253639314	-0.7141456314668518	0.979706097955449	0.5018485857291765	0.7378528663365589
YBX1	-2.628189137824205	-0.14206198379823828	0.12261681592688714	1.1907235362074802	1.1546912145882058
YBX3	-1.5790273976024676	-0.8757632800556183	-0.04188774309511591	1.0824546223500446	1.055071746661763
YY1	-0.2711612003610707	-0.11393606384046705	-0.39332230636717364	-0.10707361286924628	0.7762421581759672
ZBED1	0.5949276595046709	0.24656765154546156	0.10977992400744702	-0.32490924419530454	-0.4973320159776362
ZBTB14	1.9992143375333236	2.27134610848146	1.2476760588725044	-2.4998064993991655	-2.2694845896708165
ZBTB16	2.1146125286368176	-0.5249386953750079	-0.9945968947403915	-0.19948204927720387	-0.3222547558019079
ZBTB17	0.5838262267482296	0.6140004184275476	1.1184485774753807	-1.044097966846759	-1.0311911351714556
ZBTB18	0.5545005303194224	2.9323982894260747	0.9031577990855777	-2.6837846078719947	-1.0417823135899995
ZBTB33	-0.6270539968909117	-1.5116127772499397	-0.10204737138798002	0.1902372085348839	1.585895368810791
ZBTB4	0.667336101031385	-0.5618487634070907	-0.26225002594578606	0.05464698503244393	0.0393125670660199
ZBTB7A	0.42034035560284316	0.8862576888120257	2.6085758769398573	-0.9410858337919218	-2.5569591471687625
ZBTB7B	-3.009063261448826	-1.7417048459813533	-0.28538519502499154	2.426093038364409	1.9215286238370999
ZEB1	-0.04705558826685765	1.9931077084129518	-1.2011881792259103	-0.44306142216310734	0.05931322473172839
ZEB2	-1.3779053800029453	-1.3029824157869312	-2.6159974463535787	2.1281386417579675	2.6101466297667035
ZFHX3	-0.15013210598002985	1.160730565905302	0.7938488500387529	-0.8038655653236081	-0.7327942631594422
ZFP42	-2.5210503731418763	-2.785852105301924	-0.414361496469375	1.9882014304981055	2.802642306740899
ZFPM1	-0.5236842035670224	0.02554569814529336	-0.07159129875374112	0.41412042402849436	0.1164712181441453
ZFPM2	1.106706893049301	0.4350747990180347	-0.4954621210286306	-0.30675311666005095	-0.5371015595369442
ZGLP1	-0.044094440506162555	0.05772613545009675	0.6220933649170948	-0.32708070377204757	-0.27763555216356245
ZHX2	1.355231682315208	0.4739911705510562	0.12580708146320163	-0.8045654000276038	-0.8943908280016346
ZIC1	-1.4890997686495606	0.8517486221294266	-0.6773237656409133	1.2546841819381633	0.11363098614932342
ZIC2	-2.4889796330230762	-0.6144978480358501	-0.7733858987352975	1.4715710992709976	1.9547968877156954
ZKSCAN7	-2.494392453855701	-1.6847553550787968	-3.783179946120164	3.073406640696931	4.05963824361749
ZMYND8	0.14115655578909916	1.8115262945315262	2.3448433969362905	-2.1027500767227267	-1.7052544009956625
ZNF143	-0.4680206996749255	-0.16664888874023243	-0.20111000938914117	0.7226224800183761	0.04938787813720522
ZNF148	0.6879162135227933	-0.6711861707727735	0.4038728278387314	-0.11340579102603442	-0.3546537263286917
ZNF236	0.6549587860422205	-0.01911233693949566	-1.103159393180896	0.14631327337962644	0.33274320909437916
ZNF331	-0.6871565135450874	0.7614465692837586	0.48516175167925973	-0.2344248565210272	-0.2118143134217161
ZNF335	0.030951882248249404	0.5130841140567192	-2.5527022584763412	1.0041020895899426	1.0158728734439904
ZNF350	-0.23353508028436587	0.4840933783222791	0.6328486789397437	-0.3789409327923957	-0.3964602636900975
ZNF354C	0.590013784173498	-0.06381158606709877	-0.7057073577392076	0.5689598513414487	-0.32942034381290025
ZNF362	-1.131726632727445	0.7804046321109351	-0.8690377614252466	0.8011635212672181	0.4515013706295384
ZNF382	1.362551180977812	1.9633886807043868	2.659725328806596	-2.71313212783121	-2.596036061731979
ZNF384	-3.81665518388884	-2.995037903740553	-1.7199963289160076	2.612412848890714	4.69809737810651
ZNF395	0.2682575568788433	-2.641349041094033	-2.5238699410167946	1.5322696444415007	2.66030162117616
ZNF436	-0.4368653958445865	0.04051393045257345	-0.33236475152093425	0.47402578721652366	0.21565728560131747
ZNF699	-0.009406761117217437	0.7374785628379	-0.944488080924128	0.15520287536426167	0.18246567348712142
ZNF76	0.2068400209910285	-0.8370825787223243	-0.29579334339779567	0.17024521776604998	0.5642614590626697
ZNF804A	-0.18239572014743757	-1.1542822095875902	-5.691343653608163	2.6993196848442076	3.7734686511249604
ZNF91	0.13027700954044935	0.763364590306843	-0.7751565843769325	-0.0724062098116157	0.09610621647236793
