section	pkn	metric	value
filter	omnipath_primary	raw:n_rows	72272
filter	omnipath_primary	raw:n_edges	71789
filter	omnipath_primary	raw:n_nodes	7154
filter	omnipath_primary	raw:n_removed_rows	0
filter	omnipath_primary	raw:n_removed_nodes	0
filter	omnipath_primary	P1_source:n_rows	72272
filter	omnipath_primary	P1_source:n_edges	71789
filter	omnipath_primary	P1_source:n_nodes	7154
filter	omnipath_primary	P1_source:n_removed_rows	0
filter	omnipath_primary	P1_source:n_removed_nodes	0
filter	omnipath_primary	P2_direction_sign:n_rows	71116
filter	omnipath_primary	P2_direction_sign:n_edges	70674
filter	omnipath_primary	P2_direction_sign:n_nodes	7134
filter	omnipath_primary	P2_direction_sign:n_removed_rows	1156
filter	omnipath_primary	P2_direction_sign:n_removed_nodes	20
filter	omnipath_primary	P3_curation:n_rows	15278
filter	omnipath_primary	P3_curation:n_edges	15080
filter	omnipath_primary	P3_curation:n_nodes	5371
filter	omnipath_primary	P3_curation:n_removed_rows	55838
filter	omnipath_primary	P3_curation:n_removed_nodes	1763
filter	omnipath_primary	P4_complexes:n_rows	14640
filter	omnipath_primary	P4_complexes:n_edges	14448
filter	omnipath_primary	P4_complexes:n_nodes	5144
filter	omnipath_primary	P4_complexes:n_removed_rows	638
filter	omnipath_primary	P4_complexes:n_removed_nodes	227
filter	omnipath_primary	P4_self_loops:n_rows	14640
filter	omnipath_primary	P4_self_loops:n_edges	14448
filter	omnipath_primary	P4_self_loops:n_nodes	5144
filter	omnipath_primary	P4_self_loops:n_removed_rows	0
filter	omnipath_primary	P4_self_loops:n_removed_nodes	0
filter	omnipath_primary	P4_duplicates:n_rows	14448
filter	omnipath_primary	P4_duplicates:n_edges	14448
filter	omnipath_primary	P4_duplicates:n_nodes	5144
filter	omnipath_primary	P4_duplicates:n_removed_rows	192
filter	omnipath_primary	P4_duplicates:n_removed_nodes	0
filter	omnipath_primary	P5_hgnc:n_rows	14448
filter	omnipath_primary	P5_hgnc:n_edges	14448
filter	omnipath_primary	P5_hgnc:n_nodes	5144
filter	omnipath_primary	P5_hgnc:n_removed_rows	0
filter	omnipath_primary	P5_hgnc:n_removed_nodes	0
filter	omnipath_primary	P6_expression:n_rows	9870
filter	omnipath_primary	P6_expression:n_edges	9870
filter	omnipath_primary	P6_expression:n_nodes	3443
filter	omnipath_primary	P6_expression:n_removed_rows	4578
filter	omnipath_primary	P6_expression:n_removed_nodes	1701
filter	omnipath_signor_only	raw:n_rows	72272
filter	omnipath_signor_only	raw:n_edges	71789
filter	omnipath_signor_only	raw:n_nodes	7154
filter	omnipath_signor_only	raw:n_removed_rows	0
filter	omnipath_signor_only	raw:n_removed_nodes	0
filter	omnipath_signor_only	P1_signor:n_rows	65253
filter	omnipath_signor_only	P1_signor:n_edges	64847
filter	omnipath_signor_only	P1_signor:n_nodes	6179
filter	omnipath_signor_only	P1_signor:n_removed_rows	7019
filter	omnipath_signor_only	P1_signor:n_removed_nodes	975
filter	omnipath_signor_only	P2_direction_sign:n_rows	64744
filter	omnipath_signor_only	P2_direction_sign:n_edges	64373
filter	omnipath_signor_only	P2_direction_sign:n_nodes	6158
filter	omnipath_signor_only	P2_direction_sign:n_removed_rows	509
filter	omnipath_signor_only	P2_direction_sign:n_removed_nodes	21
filter	omnipath_signor_only	P3_curation:n_rows	9743
filter	omnipath_signor_only	P3_curation:n_edges	9610
filter	omnipath_signor_only	P3_curation:n_nodes	4274
filter	omnipath_signor_only	P3_curation:n_removed_rows	55001
filter	omnipath_signor_only	P3_curation:n_removed_nodes	1884
filter	omnipath_signor_only	P4_complexes:n_rows	9550
filter	omnipath_signor_only	P4_complexes:n_edges	9419
filter	omnipath_signor_only	P4_complexes:n_nodes	4193
filter	omnipath_signor_only	P4_complexes:n_removed_rows	193
filter	omnipath_signor_only	P4_complexes:n_removed_nodes	81
filter	omnipath_signor_only	P4_self_loops:n_rows	9550
filter	omnipath_signor_only	P4_self_loops:n_edges	9419
filter	omnipath_signor_only	P4_self_loops:n_nodes	4193
filter	omnipath_signor_only	P4_self_loops:n_removed_rows	0
filter	omnipath_signor_only	P4_self_loops:n_removed_nodes	0
filter	omnipath_signor_only	P4_duplicates:n_rows	9419
filter	omnipath_signor_only	P4_duplicates:n_edges	9419
filter	omnipath_signor_only	P4_duplicates:n_nodes	4193
filter	omnipath_signor_only	P4_duplicates:n_removed_rows	131
filter	omnipath_signor_only	P4_duplicates:n_removed_nodes	0
filter	omnipath_signor_only	P5_hgnc:n_rows	9419
filter	omnipath_signor_only	P5_hgnc:n_edges	9419
filter	omnipath_signor_only	P5_hgnc:n_nodes	4193
filter	omnipath_signor_only	P5_hgnc:n_removed_rows	0
filter	omnipath_signor_only	P5_hgnc:n_removed_nodes	0
filter	omnipath_signor_only	P6_expression:n_rows	6832
filter	omnipath_signor_only	P6_expression:n_edges	6832
filter	omnipath_signor_only	P6_expression:n_nodes	2921
filter	omnipath_signor_only	P6_expression:n_removed_rows	2587
filter	omnipath_signor_only	P6_expression:n_removed_nodes	1272
filter	omnipath_nc_rule	raw:n_rows	72272
filter	omnipath_nc_rule	raw:n_edges	71789
filter	omnipath_nc_rule	raw:n_nodes	7154
filter	omnipath_nc_rule	raw:n_removed_rows	0
filter	omnipath_nc_rule	raw:n_removed_nodes	0
filter	omnipath_nc_rule	P1_source:n_rows	72272
filter	omnipath_nc_rule	P1_source:n_edges	71789
filter	omnipath_nc_rule	P1_source:n_nodes	7154
filter	omnipath_nc_rule	P1_source:n_removed_rows	0
filter	omnipath_nc_rule	P1_source:n_removed_nodes	0
filter	omnipath_nc_rule	P2_direction_sign:n_rows	71250
filter	omnipath_nc_rule	P2_direction_sign:n_edges	70808
filter	omnipath_nc_rule	P2_direction_sign:n_nodes	7146
filter	omnipath_nc_rule	P2_direction_sign:n_removed_rows	1022
filter	omnipath_nc_rule	P2_direction_sign:n_removed_nodes	8
filter	omnipath_nc_rule	P3_curation:n_rows	15399
filter	omnipath_nc_rule	P3_curation:n_edges	15201
filter	omnipath_nc_rule	P3_curation:n_nodes	5387
filter	omnipath_nc_rule	P3_curation:n_removed_rows	55851
filter	omnipath_nc_rule	P3_curation:n_removed_nodes	1759
filter	omnipath_nc_rule	P4_complexes:n_rows	14752
filter	omnipath_nc_rule	P4_complexes:n_edges	14560
filter	omnipath_nc_rule	P4_complexes:n_nodes	5158
filter	omnipath_nc_rule	P4_complexes:n_removed_rows	647
filter	omnipath_nc_rule	P4_complexes:n_removed_nodes	229
filter	omnipath_nc_rule	P4_self_loops:n_rows	14752
filter	omnipath_nc_rule	P4_self_loops:n_edges	14560
filter	omnipath_nc_rule	P4_self_loops:n_nodes	5158
filter	omnipath_nc_rule	P4_self_loops:n_removed_rows	0
filter	omnipath_nc_rule	P4_self_loops:n_removed_nodes	0
filter	omnipath_nc_rule	P4_duplicates:n_rows	14560
filter	omnipath_nc_rule	P4_duplicates:n_edges	14560
filter	omnipath_nc_rule	P4_duplicates:n_nodes	5158
filter	omnipath_nc_rule	P4_duplicates:n_removed_rows	192
filter	omnipath_nc_rule	P4_duplicates:n_removed_nodes	0
filter	omnipath_nc_rule	P5_hgnc:n_rows	14560
filter	omnipath_nc_rule	P5_hgnc:n_edges	14560
filter	omnipath_nc_rule	P5_hgnc:n_nodes	5158
filter	omnipath_nc_rule	P5_hgnc:n_removed_rows	0
filter	omnipath_nc_rule	P5_hgnc:n_removed_nodes	0
filter	omnipath_nc_rule	P6_expression:n_rows	9957
filter	omnipath_nc_rule	P6_expression:n_edges	9957
filter	omnipath_nc_rule	P6_expression:n_nodes	3454
filter	omnipath_nc_rule	P6_expression:n_removed_rows	4603
filter	omnipath_nc_rule	P6_expression:n_removed_nodes	1704
filter	omnipath_unpruned	raw:n_rows	72272
filter	omnipath_unpruned	raw:n_edges	71789
filter	omnipath_unpruned	raw:n_nodes	7154
filter	omnipath_unpruned	raw:n_removed_rows	0
filter	omnipath_unpruned	raw:n_removed_nodes	0
filter	omnipath_unpruned	P1_source:n_rows	72272
filter	omnipath_unpruned	P1_source:n_edges	71789
filter	omnipath_unpruned	P1_source:n_nodes	7154
filter	omnipath_unpruned	P1_source:n_removed_rows	0
filter	omnipath_unpruned	P1_source:n_removed_nodes	0
filter	omnipath_unpruned	P2_direction_sign:n_rows	71116
filter	omnipath_unpruned	P2_direction_sign:n_edges	70674
filter	omnipath_unpruned	P2_direction_sign:n_nodes	7134
filter	omnipath_unpruned	P2_direction_sign:n_removed_rows	1156
filter	omnipath_unpruned	P2_direction_sign:n_removed_nodes	20
filter	omnipath_unpruned	P3_curation:n_rows	15278
filter	omnipath_unpruned	P3_curation:n_edges	15080
filter	omnipath_unpruned	P3_curation:n_nodes	5371
filter	omnipath_unpruned	P3_curation:n_removed_rows	55838
filter	omnipath_unpruned	P3_curation:n_removed_nodes	1763
filter	omnipath_unpruned	P4_complexes:n_rows	14640
filter	omnipath_unpruned	P4_complexes:n_edges	14448
filter	omnipath_unpruned	P4_complexes:n_nodes	5144
filter	omnipath_unpruned	P4_complexes:n_removed_rows	638
filter	omnipath_unpruned	P4_complexes:n_removed_nodes	227
filter	omnipath_unpruned	P4_self_loops:n_rows	14640
filter	omnipath_unpruned	P4_self_loops:n_edges	14448
filter	omnipath_unpruned	P4_self_loops:n_nodes	5144
filter	omnipath_unpruned	P4_self_loops:n_removed_rows	0
filter	omnipath_unpruned	P4_self_loops:n_removed_nodes	0
filter	omnipath_unpruned	P4_duplicates:n_rows	14448
filter	omnipath_unpruned	P4_duplicates:n_edges	14448
filter	omnipath_unpruned	P4_duplicates:n_nodes	5144
filter	omnipath_unpruned	P4_duplicates:n_removed_rows	192
filter	omnipath_unpruned	P4_duplicates:n_removed_nodes	0
filter	omnipath_unpruned	P5_hgnc:n_rows	14448
filter	omnipath_unpruned	P5_hgnc:n_edges	14448
filter	omnipath_unpruned	P5_hgnc:n_nodes	5144
filter	omnipath_unpruned	P5_hgnc:n_removed_rows	0
filter	omnipath_unpruned	P5_hgnc:n_removed_nodes	0
filter	omnipath_unpruned	P6_expression:n_rows	14448
filter	omnipath_unpruned	P6_expression:n_edges	14448
filter	omnipath_unpruned	P6_expression:n_nodes	5144
filter	omnipath_unpruned	P6_expression:n_removed_rows	0
filter	omnipath_unpruned	P6_expression:n_removed_nodes	0
filter	cosmos_primary	raw:n_rows	83557
filter	cosmos_primary	raw:n_edges	82673
filter	cosmos_primary	raw:n_nodes	36415
filter	cosmos_primary	raw:n_removed_rows	0
filter	cosmos_primary	raw:n_removed_nodes	0
filter	cosmos_primary	P7_self_loops:n_rows	83556
filter	cosmos_primary	P7_self_loops:n_edges	82672
filter	cosmos_primary	P7_self_loops:n_nodes	36415
filter	cosmos_primary	P7_self_loops:n_removed_rows	1
filter	cosmos_primary	P7_self_loops:n_removed_nodes	0
filter	cosmos_primary	P7_duplicate_sign_average:n_rows	81788
filter	cosmos_primary	P7_duplicate_sign_average:n_edges	81788
filter	cosmos_primary	P7_duplicate_sign_average:n_nodes	36363
filter	cosmos_primary	P7_duplicate_sign_average:n_removed_rows	1768
filter	cosmos_primary	P7_duplicate_sign_average:n_removed_nodes	52
filter	cosmos_primary	P5_hgnc:n_rows	81788
filter	cosmos_primary	P5_hgnc:n_edges	81788
filter	cosmos_primary	P5_hgnc:n_nodes	36363
filter	cosmos_primary	P5_hgnc:n_removed_rows	0
filter	cosmos_primary	P5_hgnc:n_removed_nodes	0
filter	cosmos_primary	P6_expression:n_rows	54571
filter	cosmos_primary	P6_expression:n_edges	54571
filter	cosmos_primary	P6_expression:n_nodes	26510
filter	cosmos_primary	P6_expression:n_removed_rows	27217
filter	cosmos_primary	P6_expression:n_removed_nodes	9853
filter	cosmos_unpruned	raw:n_rows	83557
filter	cosmos_unpruned	raw:n_edges	82673
filter	cosmos_unpruned	raw:n_nodes	36415
filter	cosmos_unpruned	raw:n_removed_rows	0
filter	cosmos_unpruned	raw:n_removed_nodes	0
filter	cosmos_unpruned	P7_self_loops:n_rows	83556
filter	cosmos_unpruned	P7_self_loops:n_edges	82672
filter	cosmos_unpruned	P7_self_loops:n_nodes	36415
filter	cosmos_unpruned	P7_self_loops:n_removed_rows	1
filter	cosmos_unpruned	P7_self_loops:n_removed_nodes	0
filter	cosmos_unpruned	P7_duplicate_sign_average:n_rows	81788
filter	cosmos_unpruned	P7_duplicate_sign_average:n_edges	81788
filter	cosmos_unpruned	P7_duplicate_sign_average:n_nodes	36363
filter	cosmos_unpruned	P7_duplicate_sign_average:n_removed_rows	1768
filter	cosmos_unpruned	P7_duplicate_sign_average:n_removed_nodes	52
filter	cosmos_unpruned	P5_hgnc:n_rows	81788
filter	cosmos_unpruned	P5_hgnc:n_edges	81788
filter	cosmos_unpruned	P5_hgnc:n_nodes	36363
filter	cosmos_unpruned	P5_hgnc:n_removed_rows	0
filter	cosmos_unpruned	P5_hgnc:n_removed_nodes	0
filter	cosmos_unpruned	P6_expression:n_rows	81788
filter	cosmos_unpruned	P6_expression:n_edges	81788
filter	cosmos_unpruned	P6_expression:n_nodes	36363
filter	cosmos_unpruned	P6_expression:n_removed_rows	0
filter	cosmos_unpruned	P6_expression:n_removed_nodes	0
mapping	ST003328	not_labelled:n_features	642
mapping	ST003328	not_labelled:n_mapping_rows	643
mapping	ST003328	not_labelled:n_rows_mapped	2
mapping	ST003331	isotopologue_sum_partial:n_features	9
mapping	ST003331	isotopologue_sum_partial:n_mapping_rows	24
mapping	ST003331	isotopologue_sum_partial:n_rows_mapped	16
mapping	ST003331	m0_confounded:n_features	120
mapping	ST003331	m0_confounded:n_mapping_rows	344
mapping	ST003331	m0_confounded:n_rows_mapped	124
mapping	ST003331	m0_unconfounded:n_features	29
mapping	ST003331	m0_unconfounded:n_mapping_rows	93
mapping	ST003331	m0_unconfounded:n_rows_mapped	32
mapping	ST003332	m0_confounded:n_features	115
mapping	ST003332	m0_confounded:n_mapping_rows	161
mapping	ST003332	m0_confounded:n_rows_mapped	76
mapping	ST003332	m0_unconfounded:n_features	21
mapping	ST003332	m0_unconfounded:n_mapping_rows	38
mapping	ST003332	m0_unconfounded:n_rows_mapped	12
tf_coverage	cosmos	rows_present	899
tf_coverage	cosmos	rows_total	1568
tf_coverage	omnipath	rows_present	855
tf_coverage	omnipath	rows_total	1568
aim5	cosmos	hmgcr_to_metabolite:positive_routes_present	9
aim5	cosmos	hmgcr_to_metabolite:pairs	9
aim5	cosmos	metabolite_to_tf:positive_routes_present	30
aim5	cosmos	metabolite_to_tf:pairs	54
aim5	cosmos	source_tf_to_tf:positive_routes_present	0
aim5	cosmos	source_tf_to_tf:pairs	30
aim5	omnipath	source_tf_to_tf:positive_routes_present	0
aim5	omnipath	source_tf_to_tf:pairs	30
