feature_id	Ctrl_A	Ctrl_B	Ctrl_D	PMS_A	PMS_B	PMS_C	PMS_D
AN005458|10-Formyltetrahydrofolate	-1.0505803642388578	-0.8578721153072747	-0.5837397971588913	-1.9680126340908732	-1.2164335100678372	-1.8773587697233427	-1.7676254785251626
AN005458|1-4-beta-D-Xylan	1.4617807038974824	4.065707734772938	1.90201731771152	4.275973082558786	0.6861328738899987	3.2264165076220586	2.9383465774049253
AN005458|2-Aminomuconate	1.952372983392607	0.622149281046033	0.08689638912467797	6.284096962558557	0.6537213386469508	2.860443110222887	2.494493761595337
AN005458|2-Hydroxyglutarate/Citramalate	2.343885324758535	4.4670755329226	1.367219649390614	5.082122826605029	2.2746731844526216	2.2682715149470902	2.2675423340111167
AN005458|2-Oxoglutarate	6.0936980999138015	6.3469419283356485	4.233830515417625	8.119569266908941	6.359054876381099	6.898080734001614	6.637011841083651
AN005458|2S-5S-Methionine sulfoximine	-0.8979745011911859	-0.810649692442284	-0.4799464914326646	-1.300142299449071	-1.2092346556944154	-1.4516604911385163	-1.1915212064744398
AN005458|4-Acetamidobutanoate	0.9779710263662983	0.9369850960512162	0.25113140378533966	1.197960654641357	1.2728469672825398	1.502736445517013	1.18068019057688
AN005458|5-6-Dihydrothymine	1.9112174806590723	1.7786622621801496	1.9573765486506527	1.3517904660038873	1.1515170458827153	0.5386534513688434	0.7399132521610999
AN005458|5-Hydroxyindoleacetate	3.713076332390815	3.770218118305793	3.0509717904120954	4.358547359207879	4.048516184163133	4.663427666773585	4.685832695240113
AN005458|(5-L-Glutamyl)-L-glutamine	-0.2684565816377962	-0.03256005000595744	-0.1953993424649513	-0.225920669029095	-0.21195910102351453	-0.28539505766132933	0.02908676099132279
AN005458|5-Oxoproline	-0.24614204357941225	-0.33646333990550065	-0.10262429539764639	-0.71303074375977	-0.5629608640794785	-0.7855893997677796	-0.7489885480802805
AN005458|5-Phospho-alpha-D-ribose 1-diphosphate	-0.7859149121562611	-0.9795533641418039	-0.37348075556248556	-3.274750208300753	-1.978092580599067	-3.2769388478389287	-3.6604411754646677
AN005458|a-Linolenic acid (Octadecatrienoic acid)	-5.6808297816151985	-4.975421925752474	-2.864507232136537	-6.473187652203028	-5.571668246782647	-7.339679710294092	-6.703456140191207
AN005458|alpha-D-Glucosamine 1-phosphate	-0.1504124113211862	-0.19328585341668672	0.07075989686521152	-0.1981408207762693	0.21419271493256886	-0.5044432954635477	-0.433968391008604
AN005458|Arachidonic acid (Eicosatetraenoic acid)	3.7000780385551018	2.1721822540869695	5.816802068735814	1.0507783929287402	1.525280076066356	0.5286770753209087	1.0936225906741601
AN005458|Bis-gamma-glutamylcystine	1.6168707968865743	-0.09807399555023721	-0.7680105411015438	0.4729710466981203	-0.13273933728396514	1.5909205939028805	0.6294003527256903
AN005458|Butanoic/Butyric acid	1.5149414804724188	1.8616565346074474	1.2992653594426364	1.990774889768317	1.6361267786732008	2.088692847830107	2.300375309434484
AN005458|Citrate	1.3358974230490415	0.08824648313792711	-0.15813731368378706	1.0485537386339487	0.06480920391879626	0.10639475116398482	0.08855126960514188
AN005458|D-4--Phosphopantothenate	-0.1238741695131947	-0.10967913208115772	-0.09236978952053221	-0.7358094762567534	-0.5954296201947482	-0.9341615474206245	-0.9043749646995559
AN005458|D-Arabitol	-0.6583519500545485	-0.3553033252312954	-0.26102853042909996	-0.6576289221372331	-0.7657262053182539	-0.6870850029683329	-0.8163868286706434
AN005458|dCMP	-0.26828247660361154	-0.1742161437400386	-0.35338399413397487	-0.9938015556374816	-0.22222940067151656	-0.8556369661818769	-1.124593254006608
AN005458|Decanoic acid (capric acid)	0.3597228620468371	0.014677867310677328	0.1957149654487035	0.09961648267904029	0.03684488898800945	0.2358499422365353	0.18145453475358173
AN005458|Dehydroascorbate	-0.02950294974976349	-0.287878420499928	-0.11476624423147481	-0.35530843941571355	-0.16970058324417656	-0.2948663313150964	-0.05471807722990955
AN005458|D-Glucose	-0.3600207078673729	-0.48778717493603213	-0.11678626329441262	-1.0691389227583816	-1.1027698736798943	-0.9718137968749083	-0.9526031841432688
AN005458|D-Glyceraldehyde 3-phosphate/Glycerone phosphate	0.6005309337741581	0.2502798323350734	0.2783534652080206	-0.1471731463749523	-0.22938696116745896	0.45586888633843614	-0.2702460168300315
AN005458|Dihomo-gamma-linolenic acid ((8Z-11Z-14Z)-Icosatrienoic acid)	4.520951859719412	2.8155551412278315	4.7731367154912885	2.69967069970947	2.9956412882696113	2.5520508481264734	3.357994161828545
AN005458|Dimethylglycine	-4.338604029145595	-3.973165087596744	-4.682407836996332	-5.694411220460701	-4.126512683226791	-5.5363998525450215	-4.633064017616571
AN005458|Diphosphate	-0.12806611348507366	-0.21903919285682547	-0.23866374082650843	-1.1696028177335436	-0.061714007654690185	-0.797617973405839	-0.31816193035984064
AN005458|Docosahexaenoic acid	7.300601905363671	6.279133960714591	8.08473313392195	4.762653381278018	4.4475584403378665	2.981373151468718	3.0897323451208614
AN005458|Docosapentaenoic acid ((7Z-10Z-13Z-16Z-19Z)-Docosa-7-10-13-16-19-pentaenoic acid)	6.163206145837876	4.577109288798451	7.239695263529349	2.8060478313189314	2.9244975485468196	1.4219108148800856	1.5879233787164697
AN005458|Dodecanoic acid (lauric acid)	0.3764082310580908	0.04725892530389094	-0.0164765942711315	-0.008120445375425334	-0.15263323829431977	0.4698030144333221	0.27112885185610597
AN005458|D-Ribose	-0.062373834504123	0.10980262971022015	-0.4339588266830698	-0.6173665552524898	-0.39509166281908986	-1.0926093911421078	-1.367297226530992
AN005458|dTMP	-0.5422588336570744	-0.6533276872726989	-0.6839043356852397	-0.7903462370015527	-0.2416572693209519	-0.6961522742324396	-0.39993861461805774
AN005458|Eicosapentaenoic acid	0.38824439380081266	0.3527330906797885	3.1196652524585087	-0.0020704296658653476	-0.10499173773812842	0.4877502354355278	0.078253637957116
AN005458|Fumarate	-0.2268415204901603	-0.5185799561481197	-1.5174593264832321	-0.02672763278533215	0.45443470472261893	1.1809838033040616	1.3984474907110531
AN005458|gamma-Glutamyl-gamma-aminobutyrate	8.640497619243073	8.6072609303312	7.863242801701499	9.106460630641353	9.063740109765662	9.06461502723298	9.019427550172997
AN005458|gamma-L-Glutamyl-D-alanine	-2.6212321368690907	-1.475787714835473	-1.2513025907793296	-1.6772520104919242	-0.8966696308850501	-1.936820759230854	-2.9022511756376552
AN005458|gamma-L-Glutamyl-L-cysteine	-0.5485384567232044	-0.5631819562886218	-0.42760803385016405	-1.0208593060699431	-0.08354221371345716	-1.1214270735400234	-1.333540493009881
AN005458|Glutathione	-0.5500355181761604	-0.3058725138608042	-0.5935777711606676	-0.9985184696833436	-0.7004198006832519	-0.9253698897827599	-0.9504639232828739
AN005458|Glycerol 3-phosphate	1.06841313687807	1.0701662257772622	-0.09430304650143502	1.569641632274023	-0.21555204956324067	0.97594141980855	0.4653778102262039
AN005458|Guanidinoacetate	-0.01491777038856886	-0.20193493042594804	-0.11331944890423291	-0.6653910804065669	-0.35611186760903263	-0.8972365148790994	-0.7849671685272419
AN005458|Guanosine	2.460628157095955	2.8443444488316296	1.435051024080196	2.714967032855926	2.358877011350723	1.5410754960023965	1.7024290735728111
AN005458|Heptanoic acid	0.5276308476051822	0.2839527064278175	0.16921054556804313	0.555156079731951	0.18746667955230004	0.9376782764978593	0.5430103541131975
AN005458|Hexadecanoic acid (palmitic acid)	0.18848784006676547	0.04744118922551266	0.1404176155762613	-0.18094527498862098	-0.2176012038764874	0.060664251681167514	0.04800765424914625
AN005458|Hexadecenoic acid (Palmitoleic acid)	0.5497168546373246	0.24166768148012827	0.1922413506850257	-0.3579206153811387	0.21677514304811396	-0.14542501293258425	0.20742387764731518
AN005458|Hexanoic acid (caproate)	0.789403981732215	0.7004793965456694	0.33112345942600757	1.0105174448638568	0.9005334717047736	1.5079953094272938	1.5263970661288926
AN005458|Hydroxyindole-acetylglycine	-1.0347288956213447	-0.6664014383686995	-0.5203951938204128	-1.198476490231208	-1.558278452601576	-1.5572337611966816	-1.237635115531841
AN005458|Indolepyruvate	-0.3626251886229734	-0.4568513635887162	-0.275464133639075	-0.985449885423975	-0.5714753986229143	-0.9555926592328395	-0.9929634307598624
AN005458|Inosine	-1.755724972867294	-1.8662631442926034	-0.4778992935274413	-2.1345686059323534	-1.3207723765616428	-2.4957735447465215	-1.9815810630930215
AN005458|Lactate	5.805014524391841	5.654502832285406	5.20230511424311	6.304931385035927	6.041814499218184	6.659563477252708	6.738909589191516
AN005458|L-cystine	0.04954854059491964	0.11677005459813945	0.12039639946563223	-2.8452644422161906	-4.656283404176906	-9.995171054583503	-9.208605468470761
AN005458|Linoleic acid ((9Z,12Z)-Octadecadienoic acid)	-3.4854503657928375	-3.461470084434564	-2.364622974282051	-4.078651559012485	-3.8808626229185434	-3.633251100829373	-3.569237034690056
AN005458|Malate	4.026365295623809	3.8292240775322566	2.8411181077905834	4.387212865238014	4.895252294904617	5.6057283041351225	5.760637846690952
AN005458|Mannitol	-0.1875915384268841	-0.19634601509777147	-0.17164450351581925	-0.5379844676486544	-0.35199886380134987	-0.5233463493043177	-0.6324915332360123
AN005458|Mercaptopyruvate	-0.983431470397664	-1.2192274605554096	-0.4774506242120129	-2.8820698235429845	-1.5783896804152928	-2.9954754406134323	-3.0738647469974967
AN005458|N-Acetyl-L-citrulline	-10.245019804791275	-7.632562374039196	-6.073759755961199	-4.274584805615587	-2.9823871314185233	-5.322913519284266	-9.016618202814357
AN005458|N-Acetylneuraminate							
AN005458|N-Acetylornithine	-2.9997720408330584	-1.6925033731626289	-1.499274431135327	-2.015335890949943	-0.79648958284732	-2.0246590577100623	-3.1963994372212774
AN005458|N-formyl kynurenine	-0.3244927601771626	-0.3358356656528893	-0.3990280207709868	-0.7311019880385601	-0.5624686065770584	-0.5645568121348591	-0.9868469626405189
AN005458|Nonanoic acid (pelargonic acid)	0.5233531618973402	-0.0689882418360348	0.06686750600594138	0.05827568410789633	-0.03854135433832321	0.2957191059015827	0.12471595865920075
AN005458|N-Succinyl-L-glutamate 5-semialdehyde	8.126551437125258	8.099838632080354	6.735662687617037	9.50077781579722	8.50757735187936	8.37924701164121	8.621721960658128
AN005458|Octadecanoic acid (stearic acid)	0.2171425067819174	-0.07596091425250269	-0.08235145616474782	-0.3868069954419866	-0.4582583044496573	0.2157321593865286	0.17184737802766628
AN005458|Octadecenoic acid (Oleic acid)	0.7879668751228136	0.3772755612270385	0.555918469749848	0.15107852761308985	0.1607271056834859	0.8008283936892653	1.0011288842938508
AN005458|Octanoic acid (caprylic acid)	0.898299340944161	0.5424847066212463	0.8533951220351194	0.43897163949684287	0.251342384818732	0.5897887622344579	0.12655454019134874
AN005458|Pentanoate (valerate)	0.5791356256473991	0.4155073671364467	0.5276252045480204	1.1726920719234435	0.6018709593736554	1.4935397794785856	1.1250842938057755
AN005458|Phosphoserine	0.4165043831906055	-0.17242835105890938	-0.1224396176300863	-0.14653605443403292	-0.005407209141715441	0.0575944244053345	0.2916489857640758
AN005458|Pyridoxal	0.022146087718780905	-0.08143921909681613	-0.22419701692967328	0.714465609492064	0.38522831234264504	0.8942344034698984	0.8825971237000587
AN005458|Pyruvate	-2.761709407074376	-3.174560414321423	-2.81490399119093	-3.550106018029593	-2.974963070895639	-3.5160360648471696	-3.1952225703867554
AN005458|Sedoheptulose 1-phosphate	3.3955920158727717	3.335404406535723	4.0061633142354	-0.4060865604161208	1.1946756958961195	-1.5010520779445677	-1.1509011492058665
AN005458|S-Glutathionyl-L-cysteine	1.4303985385618863	1.560866946365221	0.5272036157912865	0.8710089942148637	0.1106134893615535	-1.5348637510770118	-1.8788300669208688
AN005458|Succinate	2.6526394553920114	2.69598224901191	1.4654050057216452	2.7485184714802062	3.0526810559389985	4.417395102378773	4.339056285292277
AN005458|Tetradecanoic acid (myristic acid)	0.32862974155312347	-0.05744333826469017	-0.17080943393682801	-0.6147525416811254	-0.4064368442235195	-0.2349252034563989	-0.3227188126470679
AN005458|Tetradecenoic acid (myristoleic acid)	0.6627767646986337	0.6426338075186818	0.6493077486928568	-0.03175183135850782	1.3675573221237247	0.29406788257643096	1.173131269601873
AN005458|Thiocysteine	5.904486650774504	5.961163674832701	5.044232749610483	6.69330316991211	6.565651387909846	6.844052651099161	6.801886057229545
AN005458|Thiosulfate	0.6183857008930348	0.6490088515662791	0.25162256572670333	1.1405076828639729	1.5908001787988912	1.283258964224845	1.4304323940360189
AN005458|Thymine	0.5999252887510025	0.752362110611441	0.864337337044315	0.7030213704554539	0.42302383037092167	-0.40444338066789537	-0.06397167738033123
AN005458|trans-4-Hydroxy-L-proline	3.925947236978679	3.825352231622452	2.873800910811782	3.981668705553376	3.8096572557197526	4.5815973289419984	4.669712823654251
AN005458|UDP	-0.1253111882044493	-0.3705004392385849	0.18122359205085914	-0.16619172938404367	-0.1399016865102188	-0.5015800032091556	-0.4037500044681887
AN005458|Xanthine	6.489828167309618	5.697919339822453	4.5980209622986274	5.93374823827055	5.469970653472486	6.311933797896674	6.509469774291387
AN005459|3-Methyldioxyindole	0.18825037773867828	-0.20997000650351083	-0.310727274462091	-0.47660854571349515	-0.05881145145271205	-0.6402058594542138	-0.5686049917125912
AN005459|4-Pyridoxate	-9.730905657398916	-7.41933762395266	-6.12986721408523	-2.906753303966442	-2.203167588070888	-4.573412030943465	-9.118255039155454
AN005459|5-Hydroxyisourate	4.166836418849651	4.163393559874859	4.1259497731410315	3.8554834656139505	3.6328795106899996	3.2373610306503857	3.5270815077712343
AN005459|5-L-Glutamyl-taurine	0.681708511970483	0.6564461945672093	1.5773330376680323	0.9284141548672101	0.24180820544328738	-0.03648104177546152	0.5159206505449466
AN005459|5-Phosphoribosylamine	0.21785308905990122	-0.28016505799360836	0.35276946687536537	0.24040565293801977	-0.037763920102483084	0.34941861526837314	0.31181169497164757
AN005459|acetyl-carnitine (acyl-C2)	7.35920251473577	6.280228472325102	5.195635194150092	8.344897632925532	8.739059575217885	9.804325256829665	9.688564360881712
AN005459|Acetylcholine	0.2812332121360595	0.04858919178575505	-0.26025819722743887	-0.11565570191617998	0.14797562894114455	0.32446775995014815	0.20726484501483355
AN005459|Allantoate	1.3645700817001938	1.9004622539353295	0.8251967362608449	2.165855730327839	2.8493605676963214	3.5369785506446347	3.2877419134856374
AN005459|Ascorbate	0.5630644037422883	0.17242372076859644	-0.16585846742533641	-0.0647969793130656	-0.14085365126229257	0.1212089755120284	0.13365610779700887
AN005459|butanoyl-l-carnitine (acyl-C4)	6.535336993927491	5.690945002182492	4.920530882804829	7.7127066207481745	6.7654473369154795	7.066871118840399	6.568023147460312
AN005459|Choline	-0.38571598164598103	-0.20564206804536767	0.7079307517878703	-0.8412448800499929	-0.5773215655950056	-4.479351124651463	-1.727140294702482
AN005459|Cytidine	-0.20863868977450295	-0.3160459244067688	0.05901948298117551	-0.1467769689541806	-0.18863698173043986	-0.15153118267171686	0.16017114323292722
AN005459|dAMP	4.362508770030249	4.160016867221283	4.159387352563655	4.339221729663433	3.6511272305196925	3.5779152368069718	3.8287804464436648
AN005459|D-Glucosamine							
AN005459|D-Glucose 6-phosphate	2.216863678005584	2.883700939926235	2.4329084929847995	2.8393756818699356	3.240132577611897	2.374138014222927	2.9628920726254653
AN005459|gamma-Glutamyl-Se-methylselenocysteine	1.3816803818663448	1.754996648876471	0.6236116010772245	2.189524975104	2.837915915701251	3.5118923730918348	3.238588298780497
AN005459|g-Oxalo-crotonate	-0.3969187042631657	-0.8339458573788257	0.31378746828428444	-2.9636345554497474	-4.541757632745021		
AN005459|Hypoxanthine	-0.8080181714700032	-0.7984604644946813	-0.282539108245943	-2.331593279310521	-3.02297768229487	-3.984804297606298	-3.481528020805353
AN005459|Indole	0.33621736603012664	-0.29303265470914397	-0.39168314857404357	-0.4347649092320888	-0.039667095937006756	-0.6481616437696568	-0.5360944522812746
AN005459|Indole-3-acetaldehyde	0.39787249141392894	0.5444056973757275	-0.06331399480329598	-0.2650590238694856	0.34220527227019204	-0.21121041408283384	0.38076225685363
AN005459|Indole-3-acetate	1.1660897263134704	1.2321933197467405	-2.1286978832554286	2.0995577868946427	2.389528626752225	-1.20128027686728	0.8116665286524677
AN005459|Indoxyl	0.05352020159011298	0.04988294790970945	0.1071886159465573	0.2088071827080841	0.1580140139379509	0.21224473076237635	0.3147019750098063
AN005459|L-alanine	4.8242158841687015	4.801286829750437	5.280095140771423	4.226146026246057	4.475877316273152	3.9375665817238086	4.329879517605331
AN005459|L-arginine	0.3048950897415305	-0.02346701937838939	0.15405335295259448	-0.04734264438477709	-0.31414913094072006	-1.8064979817918203	-0.9439906702030498
AN005459|L-asparagine	0.3482240424301312	0.9159123911149601	-0.7230229217584695	1.2792508331464336	0.3944885684444787	0.19917577431510244	0.1873563152986956
AN005459|L-Carnitine	0.34844128658857443	0.4934114786644628	0.7074884959539448	1.1629772027539527	0.5202307831724072	0.9302230265189392	0.9216810809446988
AN005459|L-glutamate	0.06309177709690417	0.1545640721859852	-0.2736361757657259	-0.10582307834923792	-0.014923431570978826	0.2624420124026751	0.15427192036276574
AN005459|L-glutamine	1.420147445188416	1.1094877152191092	1.170455597661384	1.2183134973556722	0.751005380542562	0.08131270079049575	0.5648257292974925
AN005459|L-histidine	0.22838363008962403	0.27010991867760953	0.32806178114160883	0.3192592888121884	0.07441412162741894	-0.27543241794188233	-0.0044356668328475735
AN005459|L-leucine	-0.34434043369671247	-0.7687885634875661	-0.3153532741494267	-0.5462089408175513	-0.7147060509951272	-0.30082211221911476	-0.930300861896202
AN005459|L-lysine	-0.2600020676246319	-0.1451715175143858	0.2848723276250252	-0.5573937305073535	-0.1609689803150817	-0.4718352139966247	-0.46161073847372097
AN005459|L-methionine	-0.4755053494251733	-0.046545809745846135	-0.16998444123318043	-0.7926448407205425	-0.22981457916907053	-1.3278374628937495	-0.9287534312473463
AN005459|L-Methionine S-oxide	0.19586551326002657	-0.39184144534554005	-0.869381736475327	-0.09444067815794455	0.0739011177500603	-0.36025062843401773	-0.07548699501558787
AN005459|L-octanoylcarnitine (acyl-C8)	0.020937408513808247	0.5183455810620105	-0.6262904418422058	-0.11261958284171907	0.05785363277306329	0.32779694917117297	0.15814451275258534
AN005459|L-proline	0.5370697140157704	0.18990582708450057	0.08157879122816307	0.5264483033871663	0.8929835628460291	1.5727986329848076	1.5765438841906843
AN005459|L-serine	-0.4270344685156857	-0.5451250643922284	0.039078032269428555	-1.8916077800844942	-1.6823506781738367	-3.1915269735001086	-2.3933430263985986
AN005459|L-threonine	0.5172556298038119	0.3176483975683991	0.1958648133543027	0.6046132771185633	0.38414957184920695	-0.0966977341646545	0.25521579595584853
AN005459|L-tryptophan	0.09308650670293162	-0.14074575485640986	-0.2588820286902423	-0.48026548260441143	-0.09120997492863836	-0.7029007526258854	-0.6732464897887075
AN005459|L-tyrosine	0.41951688167439727	0.1256889724330037	-0.6122508192372251	-0.4490459822531487	-0.38189948256939016	-0.4115745114685592	-0.5871350977311588
AN005459|L-valine	-0.14481321095439745	0.002269543187644274	0.02109659727668382	-0.34383123359770096	-0.13167536411855588	-0.2698290213257361	-0.29903861762077827
AN005459|Nicotinamide	-0.470337286885717	0.23163098472464463	-0.07118779057877589	-0.039912661113158755	0.34432068493513884	-0.16992223466645248	0.16481592810198484
AN005459|Nicotinate ribonucleotide	0.1472688925972001	-0.3098571190014277	0.21183683022643685	0.4321553974252878	-0.2545338715089785	-0.11101852410908819	-0.32232573637430956
AN005459|O-Decenoyl-L-carnitine (acyl-C10:1)	-0.08802389264492778	0.21213364240264512	-0.031544608450692735	-0.04428100550135028	-0.011037009900854025	0.001990816524083172	-0.11948575341004049
AN005459|O-dodecenoyl-carnitine (acyl-C12:1)	0.21961232403814654	0.06874422192741984	0.46434177016198674	0.025960867669204173	-0.20818165365557087	0.4209626382402914	-0.04095445768027991
AN005459|Ornithine	-0.07717231750742452	-0.0504052938860949	-0.14732052513798402	0.26983670463482196	0.9182995603432739	1.8753744308759839	1.6315187213490485
AN005459|Pantothenate	0.7826235325132274	0.04806386850315055	-0.24233749741786662	0.15937819508313922	0.441500640578018	0.17184373493243163	0.1577861122249485
AN005459|Phosphate	0.38213768658024466	-0.5900111259529291	0.508404240243113	0.24999872348265365	-0.03422650525714962	0.1563344840511268	0.03948168115528716
AN005459|Putrescine	-0.0006674695173648123	0.10408289437913965	0.2812430777988813	0.06783901436435376	0.05014533165532834	0.4465425535294341	0.1497161952764389
AN005459|Pyridoxamine 5'-phosphate	-0.10711054767590274	0.21097506386284456	0.9080139984916565	0.24225744164299576	-0.23731924754289935	-0.4248705637193713	0.11556190496861281
AN005459|S-Adenosyl-L-homocysteine	0.17075026817269764	0.015226596771695947	0.005448866417182785	0.12530963201562884	0.1602329825558352	-0.08521685701346489	-0.02764037095037371
AN005459|(S)(+)-Allantoin	-0.04375607882217499	-0.2946876324816863	-0.08542087032338881	-0.8031596054920852	-0.5502618153487328	-2.1832791010490094	-1.0387516968776733
AN005459|Spermine	2.3951179675854086	1.7939595937876203	3.4409080724684142	2.3714246421067373	1.3741251903908733	2.207477332439494	3.3528271257205318
AN005459|Sphinganine 1-phosphate	-1.0730688539128035	-0.5338839448517471	-1.23909232748514	-2.684714027854891	-2.382701156845855	-2.7711346986672485	-3.0236495982847473
AN005459|Sphingosine	0.9274529147359054	0.9042530845147022	0.5554776408472737	0.8615762516369969	0.26324473575000756	0.6201956788583836	0.29298139832974474
AN005459|Tetradecenoyl Carnitine (acyl-C14:1)	-0.2546762351488023	0.19345882650005622	-0.45906479099015246	-0.23558007188380437	-0.31122209843532883	0.4459122975309982	-0.21296244392965313
AN005459|UMP	0.9176794411928467	0.8922193722451487	1.2196845425747729	0.7369011237295346	0.8377944059806618	1.342414769873584	1.0220624918774266
AN005459|Urate	0.5650845219684916	0.18612642853861297	-0.09592911187784026	-0.21615852536145988	-0.0714177357468569	0.13548059446240637	0.14856381368409663
