TF	score	pvalue	padj
AHR	1.648622975719007	0.09924811928942665	0.3277496099472046
AR	2.810861672920659	0.004948004683516716	0.05404743552207947
ARID2	-2.933110755132409	0.003361470509548979	0.0477328822016716
ARID3A	1.8283983742416405	0.06751179334843392	0.24581217765808105
ARNT	-1.4681137428660793	0.1420965788978036	0.3956414461135864
ASCL1	-2.5214478013421977	0.01169869246494003	0.08979536592960358
ATF1	0.7356546586759392	0.4619536438747698	0.7166664600372314
ATF2	1.3809441139271195	0.16731895650928127	0.41348323225975037
ATF3	0.8299534535642757	0.40657974640982464	0.6914290189743042
ATF4	6.273051428408701	3.6482145708052897e-10	5.180464768272941e-08
ATF6	0.3556955595505326	0.7220741168869488	0.8616346716880798
ATF7	-1.412082656446344	0.15794862657928394	0.41348323225975037
BACH1	1.8311826473319435	0.06709526697801484	0.24581217765808105
BACH2	1.3698752352042698	0.17074858690769837	0.4180396497249603
BATF	2.270675934667399	0.023182253678432956	0.13134650886058807
BCL11A	-0.15279286876160972	0.8785639003645468	0.9437816739082336
BCL6	1.8113309911852886	0.07011179995153173	0.25204747915267944
BHLHE22	0.42854377984346154	0.6682620897804874	0.8360635638237
BHLHE40	1.0273483884726127	0.3042748134517765	0.595958948135376
BMAL1	0.7289051412488484	0.4660723079857778	0.7166664600372314
CDX2	0.04535636465332572	0.9638239305936371	0.9846258759498596
CEBPA	-0.1059272205452512	0.9156416672703847	0.9596312642097473
CEBPB	0.12124621472196845	0.9034978208066592	0.9574379920959473
CEBPD	1.7813756606253313	0.0748735307113478	0.2658010423183441
CEBPG	0.28240181959116994	0.7776397402399828	0.8905229568481445
CLOCK	0.8021082336353991	0.4225044423230032	0.7100074887275696
CREB1	1.3805779087015457	0.16743158900781452	0.41348323225975037
CREB3	0.3662392045347967	0.714192317563829	0.8615565299987793
CREB3L1	0.18564598947961533	0.852725169320372	0.9278695583343506
CREM	1.1991392862105326	0.2304947935466469	0.5289693474769592
CTCF	-1.3214731615205708	0.18636599372953455	0.4523755609989166
CTCFL	-0.10584806504501378	0.9157044699620582	0.9596312642097473
CUX1	2.4711552709089	0.013479957891081307	0.09488584101200104
DEAF1	0.05834249341270683	0.9534766820070687	0.9811136722564697
DUX4	-1.093269722158448	0.27429485983379187	0.5701212286949158
E2F1	-0.28677428418581213	0.7742895463767034	0.8902762532234192
E2F2	1.8935713146226045	0.05830325110682605	0.2268236130475998
E2F3	1.496715677140252	0.13449058454887983	0.38581138849258423
E2F4	-0.051909328360243194	0.958601707770185	0.982826292514801
E2F5	0.7941433318934772	0.42712592411376726	0.7135515213012695
E2F6	-0.42962614890743994	0.6674744550116647	0.8360635638237
E2F7	0.7679529545437798	0.44252853942428194	0.7166664600372314
EBF1	-1.2624670770561943	0.20680252811412358	0.48538774251937866
EGR1	1.5904009351814956	0.11176782649675228	0.346019446849823
EHF	-0.6029248213929418	0.5465688098755314	0.7800278663635254
ELF1	-0.6717704927620969	0.5017412877825306	0.7461537718772888
ELF3	0.5411149175652339	0.5884372867972836	0.815200924873352
ELF5	-0.85947832561659	0.3900919026997573	0.6714308857917786
ELK1	0.8998113536878881	0.3682366678825959	0.648449182510376
ELK4	0.9430396537181535	0.3456774613211467	0.6229933500289917
EOMES	-0.33114773113216467	0.7405380284245112	0.8726671934127808
EPAS1	3.3346186338798773	0.0008564603366568176	0.015339205041527748
ERG	-0.11494282333000945	0.9084921478140778	0.959151566028595
ESR1	1.0789974214081424	0.28060811483049136	0.5701212286949158
ESR2	-0.20603171951616922	0.8367692345833735	0.9226449728012085
ESRRA	0.5645636140258047	0.5723799804793416	0.8056609034538269
ETS1	2.289378973045777	0.02207267329141145	0.13134650886058807
ETS2	3.3309330314524104	0.000867871089505887	0.015339205041527748
ETV1	-1.4058298226450885	0.1597976306475479	0.41348323225975037
ETV4	0.7217648441382356	0.4704515418516116	0.717323899269104
ETV6	0.01743201103589831	0.9860922289906477	0.9930858016014099
FLI1	3.387581757951569	0.0007071263684533947	0.014344563707709312
FOS	4.401116096462275	1.0852027281732289e-05	0.0005136626423336565
FOSL1	1.078584388233452	0.2807922748759886	0.5701212286949158
FOSL2	3.7298340005321635	0.00019238863432018578	0.004967124667018652
FOXA1	-2.300735641929302	0.02142171379286901	0.13134650886058807
FOXA2	-0.7561825223071905	0.44955293758946224	0.7166664600372314
FOXJ2	-1.1684102593869254	0.24266190839986407	0.5384061336517334
FOXK1	0.4714279984532775	0.6373427282614006	0.8293347358703613
FOXK2	-2.606990105486402	0.009144222116267416	0.0787448137998581
FOXL2	1.2790462987657674	0.20090269159205223	0.4794652462005615
FOXM1	1.1780738850439352	0.23878787495956913	0.5339823365211487
FOXO1	0.9713848714581952	0.3313740267340579	0.6112907528877258
FOXO3	-2.670237492250871	0.007588821104385474	0.0695233941078186
FOXO4	0.49649644465552994	0.6195522623858376	0.8274982571601868
FOXP1	-2.2667803296605977	0.023419365692123887	0.13134650886058807
FOXP2	0.6648051109716863	0.5061864855328772	0.7461537718772888
GABPA	-2.1429721344686623	0.03213312171457359	0.15734149515628815
GATA1	-2.5837627252091777	0.009783287015147234	0.07938438653945923
GATA2	-0.6258334570988888	0.5314347425273948	0.7700380682945251
GATA3	-0.30980536568514444	0.7567137429176681	0.877170205116272
GATA4	1.0054953157111215	0.31467638827600225	0.6058505177497864
GATA6	1.7064454850239954	0.08794811942291145	0.29557004570961
GFI1B	0.4683774645458634	0.6395222270640663	0.8293347358703613
GLI1	0.48516011682382787	0.6275706270338551	0.8289769887924194
GLI2	-0.6667772894370528	0.5049257729345547	0.7461537718772888
GRHL2	0.3192451256202248	0.749545569776496	0.8727030754089355
HBP1	-1.8350830788767674	0.06651532355315536	0.24581217765808105
HES1	0.8865603177941836	0.3753314260561003	0.6539517045021057
HHEX	0.036089361468401714	0.971211637602756	0.9886168837547302
HIC1	1.0033190201931084	0.31572490753445376	0.6058505177497864
HIF1A	3.315197737490193	0.000918191846831423	0.015339205041527748
HINFP	0.36502224569346964	0.7151005068864775	0.8615565299987793
HMBOX1	-2.150639408768974	0.03152233361851017	0.15705864131450653
HNF1B	0.09976287777286251	0.9205340584817394	0.9611458778381348
HNF4A	0.15923453577965208	0.8734864724658928	0.9437816739082336
HNF4G	-0.45579742673161977	0.6485429708040913	0.8296675682067871
HOXA9	-1.7036852987989763	0.08846286303642954	0.29557004570961
HOXB13	-0.225032152487979	0.8219576605427181	0.9226449728012085
HSF1	-0.21450124332254344	0.8301594305820763	0.9226449728012085
IKZF1	1.091980551713258	0.27486109629952193	0.5701212286949158
IRF1	3.440578906614249	0.0005822237119860975	0.012719349004328251
IRF2	0.02131186497902347	0.9829971934179283	0.9930858016014099
IRF3	0.7341189168739183	0.4628889885125827	0.7166664600372314
IRF4	0.19110515803302702	0.8484460744802446	0.926764190196991
IRF9	2.3004595253241575	0.02143734017720493	0.13134650886058807
JUN	5.952970513999889	2.6983915579259296e-09	1.9158579789291252e-07
JUNB	1.8973095397765392	0.05780837056187216	0.2268236130475998
JUND	3.1284902793732448	0.001760799364729719	0.026319317519664764
KDM5B	0.8396288396535344	0.40113136149851025	0.686272919178009
KLF1	2.264048850640429	0.02358687439278307	0.13134650886058807
KLF13	2.585631447846294	0.0097304374472538	0.07938438653945923
KLF3	-0.2056247221055902	0.8370871587303665	0.9226449728012085
KLF4	1.5498648244539877	0.12119735633909336	0.35854217410087585
KLF5	1.0544589550215013	0.29169167485340364	0.583383321762085
KLF6	1.5281040781153739	0.12651007896337604	0.3701016306877136
KLF9	0.8067662686107042	0.4198153392599488	0.7096878290176392
KMT2A	-1.9865882501631558	0.04698818581249523	0.19881635904312134
KMT2B	-0.2092484460432073	0.8342574456307943	0.9226449728012085
LEF1	2.4664647395126895	0.01365771990751352	0.09488584101200104
LHX2	-2.087492346571196	0.03686231682335553	0.16943910717964172
LYL1	1.1605995641930091	0.24582526305484445	0.5411967039108276
MAF	0.47673274166394564	0.633560145101326	0.8291754722595215
MAFB	-1.193176952765967	0.23282100405811978	0.5289693474769592
MAFF	-1.5871595810424513	0.1124998776505653	0.346019446849823
MAFG	-0.22224769048065474	0.8241244256694081	0.9226449728012085
MAFK	-0.4630169059381095	0.6433596972217308	0.8294962644577026
MAX	-0.7460718378292046	0.4556369843168194	0.7166664600372314
MAZ	1.748008940191058	0.08048516430738537	0.2821948826313019
MBD1	-0.3598365618388259	0.7189749767552293	0.8615565299987793
MBD2	-0.006467399005241585	0.9948398935213174	0.9983452558517456
MEF2A	1.148965987116678	0.25059031999904935	0.5432645082473755
MEF2B	-1.0984549070691536	0.2720254471782207	0.5701212286949158
MEF2C	-0.5770400946241225	0.5639219727265506	0.8007692098617554
MEIS1	-0.33720147115519683	0.7359702596693066	0.8708981275558472
MEIS2	-1.4028745246685046	0.16067720821506762	0.41348323225975037
MITF	-0.49085435880654554	0.623537422064484	0.8274982571601868
MNT	-0.9799898437412797	0.3271086569420554	0.6112907528877258
MXI1	0.15045663690744954	0.8804066031239801	0.9437816739082336
MYB	0.07018172841149813	0.944050054440096	0.9785044193267822
MYBL2	-1.0471991284988273	0.29502645653215304	0.5859266519546509
MYC	3.9003912711112374	9.650173533608715e-05	0.0030336135532706976
MYCN	1.0780163767860969	0.2810456694598577	0.5701212286949158
MYOD1	-1.5835954376590409	0.11330918835667252	0.346019446849823
NANOG	-1.0617994666358335	0.28834568674065586	0.5807814002037048
NCOA1	-2.456751918717221	0.01403241354242691	0.09488584101200104
NCOA2	-2.7707067119828177	0.005601112105480983	0.05790043622255325
NCOA3	-2.6067764704878575	0.009149925963860665	0.0787448137998581
NEUROD1	1.4704242583992784	0.1414701426496483	0.3956414461135864
NFATC1	0.6421480741026787	0.5207879255282789	0.7584808468818665
NFE2	0.9412473983794917	0.34659489910339497	0.6229933500289917
NFE2L1	0.024384283388288092	0.9805464442897418	0.9930858016014099
NFE2L2	3.875707146934767	0.00010681737972997337	0.0030336135532706976
NFIC	2.154062186239172	0.03125290111473295	0.15705864131450653
NFKB1	4.179864283717048	2.935173995343327e-05	0.001190842012874782
NFKB2	0.3627101215502582	0.716827104455925	0.8615565299987793
NFYA	1.3059915531737334	0.19157763631735478	0.46108517050743103
NFYB	0.6634256313144686	0.5070692994601483	0.7461537718772888
NR1H2	1.5993677403123208	0.109762268544524	0.346019446849823
NR1H3	2.1952463107958624	0.028162860270006605	0.14708493649959564
NR2C2	-0.7512046401643424	0.4525425752916334	0.7166664600372314
NR2F1	-0.966868608141224	0.3336270057271589	0.6112907528877258
NR2F2	1.834601456791902	0.06658671027437159	0.24581217765808105
NR2F6	-0.7329006394599175	0.4636317318093632	0.7166664600372314
NR3C1	-0.3958624093308391	0.6922127763443693	0.8547322750091553
NR4A1	1.2640189891430846	0.2062449905503717	0.48538774251937866
NR5A2	1.4355081398839287	0.15116547065931568	0.4127980172634125
NRF1	-0.9695188007273972	0.33230373760307963	0.6112907528877258
ONECUT1	-1.9499821541662143	0.05119887437182525	0.20772114396095276
OTX2	1.3904547895510597	0.16441369259833674	0.41348323225975037
PAX5	1.121182513584185	0.2622300831454044	0.564191997051239
PAX6	2.5599326278938985	0.010480012279733697	0.08267565071582794
PAX8	-0.9839402303736433	0.32516249835048305	0.6112907528877258
PBX2	-2.221689281447077	0.02632079438660552	0.14103972911834717
PBX3	-1.4386462665373574	0.15027390512945987	0.4127980172634125
PDX1	-0.0650935058145337	0.9481005129030127	0.9791292548179626
PGR	-0.7622372635112734	0.44593169884876893	0.7166664600372314
PKNOX1	0.727646536830286	0.46684257841866517	0.7166664600372314
POU2F1	2.8290586552794483	0.004675383361905967	0.05404743552207947
POU2F2	1.5232836747652663	0.12771112425251857	0.3701016306877136
POU4F2	-0.9093523891781	0.3631803453373139	0.648449182510376
POU5F1	-2.1029631978743324	0.035487410242764764	0.16943910717964172
PPARA	1.3998555967682544	0.16157949665704643	0.41348323225975037
PPARG	-1.3892582870600947	0.16477708933424234	0.41348323225975037
PRDM1	-0.5077525484017875	0.6116351692758656	0.8232435584068298
PRDM14	-2.717682633988773	0.006582455922140435	0.06231391429901123
PROX1	1.6367199816412092	0.10171225269902914	0.3320262134075165
RARA	2.358015502797966	0.018387076331183656	0.12144022434949875
RARB	0.7105522151053038	0.4773740125026184	0.717323899269104
RARG	-0.7107742152337063	0.47723641495936286	0.717323899269104
RBPJ	0.29531840627506073	0.7677551892473014	0.8863515257835388
REL	3.992875865302966	6.562168720940474e-05	0.002329570008441806
RELA	2.0058547302418144	0.04489162323402976	0.19881635904312134
RELB	0.747031631826069	0.45505745038199413	0.7166664600372314
REST	-2.0907089129883363	0.03657278034915773	0.16943910717964172
RFX1	-1.5927781788783708	0.11123332538690014	0.346019446849823
RFX2	-0.9766673417551768	0.32875133257091577	0.6112907528877258
RFX5	2.0860781982119674	0.03699022674334499	0.16943910717964172
RUNX1	-1.1959123730186476	0.23175171735424743	0.5289693474769592
RUNX2	2.724259794532309	0.006452855379147579	0.06231391429901123
RUNX3	-0.3750509638046836	0.7076284442793574	0.8615565299987793
RXRA	0.20422919660458014	0.8381774687615761	0.9226449728012085
SATB1	-0.9003766073877493	0.3679358928995419	0.648449182510376
SIX2	0.0020739369959762626	0.9983452694571837	0.9983452558517456
SIX5	-0.8967092570147082	0.36989003641278306	0.648449182510376
SMAD1	2.0260490039437524	0.04277934876620591	0.19284658133983612
SMAD3	1.9759474312080256	0.04818101735413471	0.19881635904312134
SMAD4	2.5118596612595288	0.012021232359018143	0.08984289318323135
SMAD5	-0.4093968330587475	0.6822549450571384	0.8461152911186218
SNAI2	-0.6050808659410487	0.5451354165077548	0.7800278663635254
SNAPC4	0.5281082115826434	0.59743289414642	0.8223629593849182
SOX10	-0.8782733587105414	0.37981098820030523	0.6577214598655701
SOX11	-1.1539640688782185	0.24853528613875467	0.5429540276527405
SOX13	-1.5603479504589504	0.11870106957625995	0.35485371947288513
SOX2	-2.9176383050405987	0.003532735217965093	0.04777603968977928
SOX6	-1.0786726740523802	0.28075290378086876	0.5701212286949158
SOX9	-0.14594813750193278	0.8839645047287142	0.9437816739082336
SP1	4.619225627316259	3.887268044990031e-06	0.00022079682094044983
SP2	-0.5169641143359106	0.605189661223223	0.8223629593849182
SP3	0.43120281801201893	0.6663277759225432	0.8360635638237
SP4	-0.3189265096247221	0.749787165391025	0.8727030754089355
SPI1	-0.417279958655533	0.6764802675909487	0.8426333069801331
SPIB	-0.23632107066534672	0.8131871157214097	0.9226449728012085
SREBF1	0.9492597869461019	0.3425054578412865	0.6229933500289917
SREBF2	0.5246248125782931	0.599852630694987	0.8223629593849182
SRF	6.329655033263298	2.5346358651519503e-10	5.180464768272941e-08
STAT1	2.190779439788817	0.02848475792512038	0.14708493649959564
STAT2	6.172461922945579	6.915535759717551e-10	6.546706998733498e-08
STAT3	3.2657092060041717	0.0010946194631513467	0.017270661890506744
STAT4	2.764513430081871	0.005708493751743468	0.05790043622255325
STAT5A	0.5111173763649232	0.6092772105066228	0.8232435584068298
STAT5B	0.19491404638343768	0.8454631647141763	0.926764190196991
STAT6	0.7654069453331824	0.4440426115013319	0.7166664600372314
TAL1	-0.995132565194254	0.3196895931032745	0.6093412637710571
TBP	2.842014253933784	0.004489654797161847	0.05404743552207947
TBX21	2.4598040961634977	0.01391370293597678	0.09488584101200104
TCF12	-1.9820811272224024	0.04749036441227252	0.19881635904312134
TCF3	1.5975565800750955	0.11016505191638877	0.346019446849823
TCF4	0.7580860435104554	0.44841267991963896	0.7166664600372314
TCF7	0.09398776587881215	0.9251202670513259	0.9623962044715881
TCF7L2	-1.4849870397652951	0.1375705578242815	0.3907003700733185
TEAD1	1.3898454099287325	0.16459869532196292	0.41348323225975037
TEAD2	0.5635929957454259	0.5730404964842221	0.8056609034538269
TEAD4	-0.5463184113252226	0.5848560921951236	0.8142114281654358
TFAP2A	1.9108789801552417	0.05604124905854814	0.22416499257087708
TFAP2C	-0.610027747730248	0.5418536733959621	0.7800278663635254
TFAP4	-1.844175017062336	0.06517948994881052	0.24581217765808105
TFDP1	-0.3391584478857626	0.7344956342625175	0.8708981275558472
TGIF2	1.1843542926231798	0.2362936532462513	0.5325983762741089
THAP1	-0.6587820175682156	0.510046968497648	0.746666669845581
THAP11	1.9807866909136465	0.04763542050472115	0.19881635904312134
TP53	-2.2694106414903725	0.02325903807852248	0.13134650886058807
TP63	-2.3098773864338673	0.020909921916758344	0.13134650886058807
TP73	-3.4888637733827244	0.00048662095705411527	0.011516695842146873
TWIST1	-1.2085562766306215	0.2268544870292992	0.5280874967575073
USF1	0.7747810892155057	0.4384825670178177	0.7166664600372314
USF2	-0.4809968002542615	0.63052655195837	0.8290256261825562
VDR	1.3875167297893416	0.1653071082748718	0.41348323225975037
WT1	-1.974863219823125	0.04830397285647762	0.19881635904312134
XBP1	-1.116290753723803	0.2643175251780158	0.5644073486328125
YY1	-0.1468722426172587	0.883235050076626	0.9437816739082336
ZBED1	0.13559204197087246	0.8921458143569043	0.9489490985870361
ZBTB11	-1.729667855022447	0.08371244487467083	0.2864377498626709
ZBTB33	-0.714470105604217	0.4749488630660087	0.717323899269104
ZBTB7A	-0.2083942108600732	0.8349243135031519	0.9226449728012085
ZC3H8	0.46004919635838565	0.6454883024339492	0.8294962644577026
ZEB1	0.7747388125836768	0.43850755219269194	0.7166664600372314
ZEB2	0.3695756908274512	0.7117044513473534	0.8615565299987793
ZFX	-2.249734842974843	0.02448179024865089	0.13370823860168457
ZHX1	-1.0152268613391298	0.31001585560354017	0.6030445694923401
ZHX2	0.3204718776906955	0.7486155952869977	0.8727030754089355
ZKSCAN1	-0.5516450516799479	0.5812006753960268	0.8131083250045776
ZNF143	-0.3700921322023337	0.7113196379000217	0.8615565299987793
ZNF197	-2.839071157424844	0.004531249521552482	0.05404743552207947
ZNF217	-0.519119064861537	0.6036862064247935	0.8223629593849182
ZNF24	-0.49455872320117733	0.6209196759818661	0.8274982571601868
ZNF263	-2.815881261720191	0.004871401698038645	0.05404743552207947
ZNF274	0.4431704668660379	0.6576495254393948	0.8360635638237
ZNF384	-1.038455266972687	0.2990767111194222	0.5898457169532776
ZNF584	-1.3968537921153128	0.16248045581287296	0.41348323225975037
ZNF592	-0.4398340591665011	0.6600643239628542	0.8360635638237
ZNF639	-1.7400228831097084	0.08187774067283138	0.2835765779018402
ZNF644	-0.20696389155511216	0.8360411732403716	0.9226449728012085
ZNF740	-1.5782176420662484	0.11453899976709873	0.34605398774147034
