TF	n_targets_resource	n_targets_expression	is_complex	kept	n_edges_after_tmin
ABL1	10	10	False	True	10
ADNP	1	1	False	False	0
ADNP2	1	0	False	False	0
AEBP1	5	1	False	False	0
AEBP2	1	0	False	False	0
AHR	194	92	False	True	92
AHRR	6	3	False	False	0
AIP	6	4	False	False	0
AIRE	24	9	False	True	9
AKNA	2	0	False	False	0
ALX1	4	3	False	False	0
ALX3	3	0	False	False	0
ALX4	1	1	False	False	0
ANKRD1	1	0	False	False	0
APBB1	2	2	False	False	0
APEX1	42	25	False	True	25
AR	514	348	False	True	348
ARHGAP35	4	4	False	False	0
ARID1A	8	5	False	True	5
ARID1B	5	3	False	False	0
ARID3A	7	6	False	True	6
ARID3B	6	6	False	True	6
ARID4A	6	6	False	True	6
ARID4B	12	6	False	True	6
ARID5A	4	2	False	False	0
ARID5B	9	3	False	False	0
ARNT	69	40	False	True	40
ARNT2	3	2	False	False	0
ARX	28	19	False	True	19
ASCL1	72	50	False	True	50
ASCL2	10	8	False	True	8
ASCL4	3	1	False	False	0
ASH1L	4	4	False	False	0
ASXL1	5	3	False	False	0
ATF1	86	57	False	True	57
ATF2	119	76	False	True	76
ATF3	110	68	False	True	68
ATF4	128	85	False	True	85
ATF5	31	22	False	True	22
ATF6	58	44	False	True	44
ATF6B	4	2	False	False	0
ATF7	8	3	False	False	0
ATOH1	15	4	False	False	0
ATOH7	12	4	False	False	0
ATOH8	4	1	False	False	0
ATRX	5	2	False	False	0
BACH1	16	11	False	True	11
BACH2	8	5	False	True	5
BARHL2	1	0	False	False	0
BARX1	8	7	False	True	7
BARX2	16	10	False	True	10
BATF	16	6	False	True	6
BATF2	1	1	False	False	0
BATF3	3	0	False	False	0
BBX	2	2	False	False	0
BCL11A	16	7	False	True	7
BCL11B	25	15	False	True	15
BCL3	29	13	False	True	13
BCL6	101	45	False	True	45
BCL6B	3	1	False	False	0
BCLAF1	9	7	False	True	7
BCOR	7	6	False	True	6
BHLHA15	20	5	False	True	5
BHLHE22	2	1	False	False	0
BHLHE23	3	1	False	False	0
BHLHE40	44	25	False	True	25
BHLHE41	29	18	False	True	18
BMAL1	59	44	False	True	44
BMAL2	9	6	False	True	6
BPTF	4	1	False	False	0
BRCA1	61	46	False	True	46
BRD4	11	8	False	True	8
BRD7	3	3	False	False	0
BSX	4	2	False	False	0
BTAF1	2	2	False	False	0
BTG2	7	6	False	True	6
CAMTA1	5	3	False	False	0
CARF	3	2	False	False	0
CASZ1	4	2	False	False	0
CBFA2T3	3	2	False	False	0
CBFB	4	1	False	False	0
CC2D1A	1	0	False	False	0
CC2D1B	1	0	False	False	0
CCDC62	1	0	False	False	0
CCND1	1	1	False	False	0
CDC5L	1	1	False	False	0
CDX1	44	16	False	True	16
CDX2	78	31	False	True	31
CDX4	4	1	False	False	0
CEBPA	238	104	False	True	104
CEBPB	451	240	False	True	240
CEBPD	97	35	False	True	35
CEBPE	37	12	False	True	12
CEBPG	205	84	False	True	84
CEBPZ	19	13	False	True	13
CGGBP1	1	1	False	False	0
CHD4	6	2	False	False	0
CIC	3	3	False	False	0
CIITA	32	10	False	True	10
CITED2	4	0	False	False	0
CLOCK	68	48	False	True	48
CNOT4	1	1	False	False	0
CNOT7	4	1	False	False	0
COPS5	2	2	False	False	0
CREB1	464	271	False	True	271
CREB3	16	8	False	True	8
CREB3L1	11	6	False	True	6
CREB3L2	2	1	False	False	0
CREB3L3	9	3	False	False	0
CREB3L4	3	3	False	False	0
CREB5	12	6	False	True	6
CREBBP	36	26	False	True	26
CREBL2	2	0	False	False	0
CREBRF	2	1	False	False	0
CREBZF	21	11	False	True	11
CREG1	1	1	False	False	0
CREM	88	42	False	True	42
CRX	31	14	False	True	14
CTBP1	10	4	False	False	0
CTBP2	16	8	False	True	8
CTCF	147	91	False	True	91
CTCFL	12	7	False	True	7
CTNNB1	341	198	False	True	198
CUX1	112	71	False	True	71
CUX2	2	2	False	False	0
CXXC1	21	11	False	True	11
DACH1	8	6	False	True	6
DACH2	2	0	False	False	0
DAXX	5	3	False	False	0
DBP	36	18	False	True	18
DBX1	1	0	False	False	0
DDIT3	100	65	False	True	65
DDX5	2	2	False	False	0
DEAF1	14	7	False	True	7
DLX1	10	5	False	True	5
DLX2	23	12	False	True	12
DLX3	21	8	False	True	8
DLX4	43	22	False	True	22
DLX5	38	22	False	True	22
DLX6	2	1	False	False	0
DMAP1	5	4	False	False	0
DMBX1	4	2	False	False	0
DMRT1	9	2	False	False	0
DMRT3	2	0	False	False	0
DMRTA1	3	3	False	False	0
DMRTA2	1	1	False	False	0
DMTF1	19	13	False	True	13
DNAJC1	1	1	False	False	0
DNAJC2	1	1	False	False	0
DNMT1	187	106	False	True	106
DNMT3A	61	39	False	True	39
DNMT3B	71	41	False	True	41
DNMT3L	4	3	False	False	0
DOT1L	8	8	False	True	8
DPF3	1	0	False	False	0
DR1	4	2	False	False	0
DRAP1	1	1	False	False	0
DRGX	2	1	False	False	0
DTX1	1	1	False	False	0
DUX4	4	3	False	False	0
E2F1	315	263	False	True	263
E2F2	50	47	False	True	47
E2F3	68	61	False	True	61
E2F4	169	151	False	True	151
E2F5	12	9	False	True	9
E2F6	41	35	False	True	35
E2F7	7	6	False	True	6
E2F8	3	3	False	False	0
E4F1	10	10	False	True	10
EBF1	34	15	False	True	15
EBF2	3	1	False	False	0
EBF3	9	8	False	True	8
EGR1	358	224	False	True	224
EGR2	74	44	False	True	44
EGR3	32	16	False	True	16
EGR4	15	8	False	True	8
EHF	13	6	False	True	6
EID1	1	1	False	False	0
EID2B	1	0	False	False	0
ELF1	80	35	False	True	35
ELF2	11	5	False	True	5
ELF3	33	13	False	True	13
ELF4	51	24	False	True	24
ELF5	11	5	False	True	5
ELK1	61	46	False	True	46
ELK3	28	15	False	True	15
ELK4	6	6	False	True	6
EMX1	2	2	False	False	0
EMX2	10	6	False	True	6
EN1	11	7	False	True	7
EN2	4	2	False	False	0
ENO1	19	11	False	True	11
EOMES	26	12	False	True	12
EP300	74	40	False	True	40
EPAS1	93	58	False	True	58
ERF	19	12	False	True	12
ERG	59	26	False	True	26
ESR1	634	400	False	True	400
ESR2	208	135	False	True	135
ESRRA	49	29	False	True	29
ESRRB	12	7	False	True	7
ESRRG	29	16	False	True	16
ESX1	1	1	False	False	0
ETS1	216	111	False	True	111
ETS2	111	59	False	True	59
ETV1	22	16	False	True	16
ETV2	9	2	False	False	0
ETV3	12	11	False	True	11
ETV4	68	42	False	True	42
ETV5	23	7	False	True	7
ETV6	27	13	False	True	13
ETV7	14	8	False	True	8
EVX1	3	1	False	False	0
EVX2	2	2	False	False	0
EWSR1	60	42	False	True	42
EZH2	158	99	False	True	99
FAM170A	1	1	False	False	0
FERD3L	1	0	False	False	0
FEV	6	2	False	False	0
FEZF1	10	5	False	True	5
FEZF2	9	6	False	True	6
FGF2	10	7	False	True	7
FHL2	7	6	False	True	6
FIGLA	6	1	False	False	0
FIZ1	2	0	False	False	0
FLI1	97	52	False	True	52
FLYWCH1	1	1	False	False	0
FOS	344	180	False	True	180
FOSB	39	24	False	True	24
FOSL1	51	29	False	True	29
FOSL2	42	21	False	True	21
FOXA1	70	27	False	True	27
FOXA2	135	50	False	True	50
FOXA3	14	2	False	False	0
FOXC1	19	13	False	True	13
FOXC2	24	12	False	True	12
FOXD1	6	4	False	False	0
FOXD2	4	3	False	False	0
FOXD3	15	7	False	True	7
FOXD4	2	2	False	False	0
FOXE1	8	3	False	False	0
FOXF1	8	2	False	False	0
FOXF2	13	6	False	True	6
FOXG1	17	12	False	True	12
FOXH1	14	8	False	True	8
FOXI1	10	4	False	False	0
FOXI3	2	2	False	False	0
FOXJ1	20	12	False	True	12
FOXJ2	1	0	False	False	0
FOXJ3	2	2	False	False	0
FOXK1	3	1	False	False	0
FOXK2	2	1	False	False	0
FOXL1	2	2	False	False	0
FOXL2	26	13	False	True	13
FOXM1	97	55	False	True	55
FOXN1	57	29	False	True	29
FOXN3	1	1	False	False	0
FOXN4	8	6	False	True	6
FOXO1	280	176	False	True	176
FOXO3	197	145	False	True	145
FOXO4	31	20	False	True	20
FOXO6	5	4	False	False	0
FOXP1	33	10	False	True	10
FOXP2	11	6	False	True	6
FOXP3	55	28	False	True	28
FOXP4	3	3	False	False	0
FOXQ1	18	10	False	True	10
FOXS1	3	2	False	False	0
FUS	4	3	False	False	0
GABPA	39	24	False	True	24
GATA1	143	55	False	True	55
GATA2	100	39	False	True	39
GATA3	192	102	False	True	102
GATA4	137	67	False	True	67
GATA5	28	10	False	True	10
GATA6	85	44	False	True	44
GATAD2B	1	1	False	False	0
GBX2	9	5	False	True	5
GCM1	11	6	False	True	6
GCM2	2	0	False	False	0
GFI1	55	31	False	True	31
GFI1B	13	8	False	True	8
GLI1	179	129	False	True	129
GLI2	150	100	False	True	100
GLI3	44	25	False	True	25
GLIS1	1	1	False	False	0
GLIS3	8	4	False	False	0
GMEB1	2	1	False	False	0
GRHL1	2	1	False	False	0
GRHL2	10	3	False	False	0
GRHL3	30	15	False	True	15
GSC	15	7	False	True	7
GSC2	1	0	False	False	0
GSX1	4	2	False	False	0
GSX2	3	0	False	False	0
GTF2A1	1	1	False	False	0
GTF2B	1	0	False	False	0
GTF2F1	1	0	False	False	0
GTF2I	23	17	False	True	17
GTF2IRD1	7	6	False	True	6
GTF3A	28	20	False	True	20
GZF1	1	0	False	False	0
HAND1	15	2	False	False	0
HAND2	41	24	False	True	24
HBP1	49	29	False	True	29
HCFC1	8	7	False	True	7
HDAC1	83	51	False	True	51
HDAC3	27	15	False	True	15
HDAC4	24	16	False	True	16
HDAC5	10	7	False	True	7
HDAC7	13	9	False	True	9
HDAC9	19	13	False	True	13
HDGF	7	5	False	True	5
HELT	1	0	False	False	0
HES1	93	59	False	True	59
HES3	1	1	False	False	0
HES4	2	2	False	False	0
HES5	7	3	False	False	0
HES6	9	5	False	True	5
HES7	1	1	False	False	0
HESX1	31	14	False	True	14
HEY1	34	25	False	True	25
HEY2	20	10	False	True	10
HEYL	6	4	False	False	0
HHEX	29	15	False	True	15
HIC1	22	16	False	True	16
HIF1A	463	303	False	True	303
HIF3A	6	3	False	False	0
HINFP	10	10	False	True	10
HIPK2	9	8	False	True	8
HIRA	1	0	False	False	0
HIVEP1	10	7	False	True	7
HIVEP2	11	3	False	False	0
HIVEP3	6	3	False	False	0
HLF	18	9	False	True	9
HLX	17	13	False	True	13
HMBOX1	3	1	False	False	0
HMG20B	1	1	False	False	0
HMGA1	74	33	False	True	33
HMGA2	43	31	False	True	31
HMGB1	4	0	False	False	0
HMGB2	10	8	False	True	8
HMGXB4	4	3	False	False	0
HMX1	3	0	False	False	0
HMX2	1	0	False	False	0
HMX3	2	0	False	False	0
HNF1A	155	40	False	True	40
HNF1B	65	17	False	True	17
HNF4A	281	130	False	True	130
HNF4G	11	3	False	False	0
HOPX	9	5	False	True	5
HOXA1	27	17	False	True	17
HOXA10	50	30	False	True	30
HOXA11	9	5	False	True	5
HOXA13	16	10	False	True	10
HOXA2	7	5	False	True	5
HOXA3	2	0	False	False	0
HOXA4	5	4	False	False	0
HOXA5	16	9	False	True	9
HOXA7	14	12	False	True	12
HOXA9	40	30	False	True	30
HOXB1	11	7	False	True	7
HOXB13	13	9	False	True	9
HOXB2	13	4	False	False	0
HOXB3	9	5	False	True	5
HOXB4	11	7	False	True	7
HOXB5	5	3	False	False	0
HOXB6	5	1	False	False	0
HOXB7	23	14	False	True	14
HOXB8	3	3	False	False	0
HOXB9	7	4	False	False	0
HOXC10	2	1	False	False	0
HOXC11	4	2	False	False	0
HOXC13	7	2	False	False	0
HOXC4	3	0	False	False	0
HOXC5	1	1	False	False	0
HOXC6	12	8	False	True	8
HOXC8	15	12	False	True	12
HOXC9	4	0	False	False	0
HOXD1	7	5	False	True	5
HOXD10	5	2	False	False	0
HOXD11	4	0	False	False	0
HOXD12	1	0	False	False	0
HOXD13	21	15	False	True	15
HOXD3	10	7	False	True	7
HOXD4	6	3	False	False	0
HOXD8	5	5	False	True	5
HOXD9	3	0	False	False	0
HR	94	53	False	True	53
HSF1	103	61	False	True	61
HSF2	26	16	False	True	16
HSF4	11	7	False	True	7
HTATIP2	17	12	False	True	12
ID1	79	49	False	True	49
ID2	67	40	False	True	40
ID3	36	26	False	True	26
ID4	16	8	False	True	8
IKZF1	52	13	False	True	13
IKZF2	5	2	False	False	0
IKZF3	6	3	False	False	0
IKZF4	7	4	False	False	0
IKZF5	1	1	False	False	0
ING4	15	11	False	True	11
INSM1	6	3	False	False	0
IRF1	170	81	False	True	81
IRF2	62	32	False	True	32
IRF2BPL	5	2	False	False	0
IRF3	83	40	False	True	40
IRF4	59	21	False	True	21
IRF5	37	6	False	True	6
IRF6	16	8	False	True	8
IRF7	34	8	False	True	8
IRF8	69	26	False	True	26
IRF9	29	15	False	True	15
IRX1	20	10	False	True	10
IRX2	2	2	False	False	0
IRX3	3	2	False	False	0
IRX4	5	3	False	False	0
IRX5	3	1	False	False	0
ISL1	42	14	False	True	14
ISL2	2	1	False	False	0
ISX	1	0	False	False	0
JARID2	17	9	False	True	9
JAZF1	1	1	False	False	0
JDP2	33	24	False	True	24
JUN	662	363	False	True	363
JUNB	109	54	False	True	54
JUND	108	52	False	True	52
KAT2A	1	1	False	False	0
KAT2B	15	13	False	True	13
KAT5	59	43	False	True	43
KAT6A	12	8	False	True	8
KAT6B	8	6	False	True	6
KAT7	83	45	False	True	45
KAT8	4	4	False	False	0
KCNIP3	16	8	False	True	8
KDM2A	10	7	False	True	7
KDM2B	4	3	False	False	0
KDM3B	2	1	False	False	0
KDM5A	19	13	False	True	13
KDM5B	38	22	False	True	22
KDM5C	13	9	False	True	9
KDM5D	7	6	False	True	6
KLF1	30	12	False	True	12
KLF10	30	22	False	True	22
KLF11	28	13	False	True	13
KLF12	11	2	False	False	0
KLF13	14	9	False	True	9
KLF14	4	3	False	False	0
KLF15	28	15	False	True	15
KLF16	3	2	False	False	0
KLF17	5	5	False	True	5
KLF2	67	31	False	True	31
KLF3	15	4	False	False	0
KLF4	129	74	False	True	74
KLF5	76	48	False	True	48
KLF6	60	33	False	True	33
KLF7	11	8	False	True	8
KLF8	21	13	False	True	13
KLF9	26	14	False	True	14
KMT2A	70	50	False	True	50
KMT2B	15	9	False	True	9
KMT2C	2	1	False	False	0
KMT2D	3	1	False	False	0
KMT2E	4	4	False	False	0
L3MBTL1	3	2	False	False	0
LBX1	4	3	False	False	0
LCOR	2	1	False	False	0
LDB1	3	2	False	False	0
LEF1	120	63	False	True	63
LHX1	6	1	False	False	0
LHX2	42	17	False	True	17
LHX3	14	4	False	False	0
LHX4	7	3	False	False	0
LHX5	1	0	False	False	0
LHX6	2	1	False	False	0
LHX8	12	6	False	True	6
LHX9	3	1	False	False	0
LIMD1	1	1	False	False	0
LIN28A	2	2	False	False	0
LITAF	26	18	False	True	18
LMO1	1	0	False	False	0
LMO2	30	14	False	True	14
LMO3	2	2	False	False	0
LMO4	5	4	False	False	0
LMX1A	9	4	False	False	0
LMX1B	24	13	False	True	13
LRRFIP1	17	8	False	True	8
LYAR	1	1	False	False	0
LYL1	13	9	False	True	9
MAF	65	25	False	True	25
MAFA	24	10	False	True	10
MAFB	47	21	False	True	21
MAFF	4	3	False	False	0
MAFG	9	8	False	True	8
MAFK	24	12	False	True	12
MAML1	5	5	False	True	5
MAML2	2	2	False	False	0
MAX	50	37	False	True	37
MAZ	48	24	False	True	24
MBD1	18	10	False	True	10
MBD2	93	55	False	True	55
MBD3	1	1	False	False	0
MECOM	20	13	False	True	13
MECP2	34	20	False	True	20
MED1	17	9	False	True	9
MED12	1	0	False	False	0
MED15	1	0	False	False	0
MED23	2	1	False	False	0
MED26	1	0	False	False	0
MEF2A	118	62	False	True	62
MEF2B	7	3	False	False	0
MEF2C	90	44	False	True	44
MEF2D	29	18	False	True	18
MEIS1	24	15	False	True	15
MEIS2	9	4	False	False	0
MEIS3	4	3	False	False	0
MEOX1	8	6	False	True	6
MEOX2	7	6	False	True	6
MESP1	1	0	False	False	0
MESP2	8	7	False	True	7
MGA	1	1	False	False	0
MID2	1	1	False	False	0
MIER1	1	0	False	False	0
MITF	112	60	False	True	60
MIXL1	6	1	False	False	0
MKX	7	4	False	False	0
MLX	5	4	False	False	0
MLXIP	6	5	False	True	5
MLXIPL	16	12	False	True	12
MNT	11	8	False	True	8
MNX1	6	2	False	False	0
MRTFA	4	4	False	False	0
MSC	30	14	False	True	14
MSGN1	1	0	False	False	0
MSX1	27	14	False	True	14
MSX2	47	26	False	True	26
MTA1	54	36	False	True	36
MTA2	7	1	False	False	0
MTA3	14	10	False	True	10
MTF1	33	23	False	True	23
MTF2	7	5	False	True	5
MUC1	3	3	False	False	0
MXD1	28	19	False	True	19
MXD4	2	2	False	False	0
MXI1	9	8	False	True	8
MYB	183	105	False	True	105
MYBBP1A	1	0	False	False	0
MYBL1	12	6	False	True	6
MYBL2	53	43	False	True	43
MYC	887	706	False	True	706
MYCL	2	2	False	False	0
MYCN	142	101	False	True	101
MYF5	28	13	False	True	13
MYF6	14	9	False	True	9
MYOCD	9	5	False	True	5
MYOD1	145	96	False	True	96
MYOG	65	35	False	True	35
MYRF	10	6	False	True	6
MYT1	9	5	False	True	5
MYT1L	2	2	False	False	0
MZF1	24	17	False	True	17
NAB1	1	0	False	False	0
NAB2	7	5	False	True	5
NACC1	5	3	False	False	0
NACC2	1	1	False	False	0
NANOG	61	38	False	True	38
NANOGP8	4	3	False	False	0
NCOA1	91	48	False	True	48
NCOA2	65	42	False	True	42
NCOA3	75	48	False	True	48
NCOA4	3	1	False	False	0
NCOA6	5	3	False	False	0
NCOR1	90	53	False	True	53
NCOR2	69	41	False	True	41
NDN	1	1	False	False	0
NEUROD1	73	34	False	True	34
NEUROD2	13	7	False	True	7
NEUROD4	4	1	False	False	0
NEUROD6	11	5	False	True	5
NEUROG1	16	8	False	True	8
NEUROG2	26	18	False	True	18
NEUROG3	36	19	False	True	19
NFAT5	52	29	False	True	29
NFATC1	121	61	False	True	61
NFATC2	93	37	False	True	37
NFATC3	41	14	False	True	14
NFATC4	43	21	False	True	21
NFE2	22	9	False	True	9
NFE2L1	9	6	False	True	6
NFE2L2	204	137	False	True	137
NFE2L3	7	5	False	True	5
NFIA	57	32	False	True	32
NFIB	26	16	False	True	16
NFIC	82	45	False	True	45
NFIL3	38	12	False	True	12
NFIX	28	16	False	True	16
NFKB1	428	215	False	True	215
NFKB2	77	37	False	True	37
NFKBIB	20	12	False	True	12
NFKBIE	3	0	False	False	0
NFKBIZ	9	2	False	False	0
NFX1	5	4	False	False	0
NFYA	94	69	False	True	69
NFYB	40	26	False	True	26
NFYC	23	13	False	True	13
NHLH1	5	4	False	False	0
NHLH2	6	3	False	False	0
NKRF	10	4	False	False	0
NKX2-1	64	32	False	True	32
NKX2-2	27	10	False	True	10
NKX2-3	2	1	False	False	0
NKX2-5	74	38	False	True	38
NKX2-6	3	2	False	False	0
NKX2-8	2	1	False	False	0
NKX3-1	72	50	False	True	50
NKX3-2	8	6	False	True	6
NKX6-1	20	6	False	True	6
NKX6-2	5	1	False	False	0
NKX6-3	6	4	False	False	0
NME2	1	1	False	False	0
NOBOX	3	1	False	False	0
NONO	21	13	False	True	13
NOTCH1	68	48	False	True	48
NOTO	11	5	False	True	5
NPAS1	4	2	False	False	0
NPAS2	10	6	False	True	6
NPAS3	1	1	False	False	0
NPAS4	5	3	False	False	0
NPM1	12	10	False	True	10
NR0B1	59	29	False	True	29
NR0B2	122	65	False	True	65
NR1D1	29	10	False	True	10
NR1D2	7	4	False	False	0
NR1H2	50	30	False	True	30
NR1H3	138	65	False	True	65
NR1H4	135	60	False	True	60
NR1I2	231	151	False	True	151
NR1I3	63	23	False	True	23
NR2C1	21	9	False	True	9
NR2C2	60	34	False	True	34
NR2E1	17	12	False	True	12
NR2E3	15	6	False	True	6
NR2F1	58	26	False	True	26
NR2F2	79	33	False	True	33
NR2F6	14	4	False	False	0
NR3C1	292	145	False	True	145
NR3C2	56	33	False	True	33
NR4A1	110	57	False	True	57
NR4A2	61	27	False	True	27
NR4A3	41	15	False	True	15
NR5A1	107	55	False	True	55
NR5A2	65	25	False	True	25
NR6A1	16	6	False	True	6
NRF1	91	68	False	True	68
NRG1	37	25	False	True	25
NRIP1	3	3	False	False	0
NRL	19	10	False	True	10
NSD1	1	0	False	False	0
NSD2	9	7	False	True	7
NUCKS1	1	1	False	False	0
NUPR1	6	6	False	True	6
OLIG1	8	3	False	False	0
OLIG2	20	11	False	True	11
OLIG3	1	1	False	False	0
ONECUT1	37	10	False	True	10
ONECUT2	4	2	False	False	0
ONECUT3	1	1	False	False	0
OSR1	4	3	False	False	0
OSR2	1	0	False	False	0
OTP	2	0	False	False	0
OTX1	3	0	False	False	0
OTX2	44	14	False	True	14
OVOL1	10	8	False	True	8
OVOL2	2	1	False	False	0
PA2G4	5	3	False	False	0
PARK7	8	4	False	False	0
PARP10	2	1	False	False	0
PARP14	1	0	False	False	0
PARP9	1	1	False	False	0
PASD1	1	1	False	False	0
PATZ1	12	8	False	True	8
PAWR	6	5	False	True	5
PAX1	6	4	False	False	0
PAX2	25	12	False	True	12
PAX3	116	70	False	True	70
PAX4	9	3	False	False	0
PAX5	68	35	False	True	35
PAX6	167	94	False	True	94
PAX7	19	13	False	True	13
PAX8	35	13	False	True	13
PAX9	10	8	False	True	8
PBRM1	9	7	False	True	7
PBX1	62	33	False	True	33
PBX2	11	3	False	False	0
PBX3	2	0	False	False	0
PBX4	3	1	False	False	0
PCBD1	1	0	False	False	0
PCGF2	3	3	False	False	0
PDX1	86	53	False	True	53
PEG3	9	6	False	True	6
PER2	3	3	False	False	0
PGR	133	78	False	True	78
PHB1	2	2	False	False	0
PHF1	2	1	False	False	0
PHF20	11	7	False	True	7
PHF5A	6	3	False	False	0
PHF8	2	2	False	False	0
PHOX2A	13	5	False	True	5
PHOX2B	17	7	False	True	7
PIAS1	6	3	False	False	0
PIAS2	4	4	False	False	0
PIAS3	4	3	False	False	0
PIAS4	2	1	False	False	0
PIN1	6	5	False	True	5
PIR	1	1	False	False	0
PITX1	40	20	False	True	20
PITX2	142	68	False	True	68
PITX3	24	9	False	True	9
PKNOX1	20	11	False	True	11
PLAG1	8	6	False	True	6
PLAGL1	20	13	False	True	13
PLAGL2	9	4	False	False	0
PML	19	15	False	True	15
POU1F1	56	28	False	True	28
POU2AF1	5	3	False	False	0
POU2F1	124	51	False	True	51
POU2F2	50	15	False	True	15
POU2F3	10	3	False	False	0
POU3F1	25	9	False	True	9
POU3F2	30	19	False	True	19
POU3F3	4	2	False	False	0
POU3F4	5	1	False	False	0
POU4F1	32	18	False	True	18
POU4F2	34	18	False	True	18
POU4F3	6	3	False	False	0
POU5F1	95	55	False	True	55
POU6F1	2	0	False	False	0
POU6F2	4	2	False	False	0
PPARA	271	145	False	True	145
PPARD	100	60	False	True	60
PPARG	368	201	False	True	201
PPARGC1A	34	21	False	True	21
PPARGC1B	5	4	False	False	0
PPP1R13L	1	1	False	False	0
PRDM1	68	29	False	True	29
PRDM10	4	3	False	False	0
PRDM13	3	0	False	False	0
PRDM14	1	1	False	False	0
PRDM16	6	1	False	False	0
PRDM2	12	7	False	True	7
PRDM4	9	5	False	True	5
PRDM5	4	2	False	False	0
PRDM8	1	0	False	False	0
PREB	24	7	False	True	7
PRMT5	1	1	False	False	0
PROP1	13	4	False	False	0
PROX1	34	22	False	True	22
PRRX1	7	5	False	True	5
PRRX2	2	1	False	False	0
PTF1A	18	5	False	True	5
PURA	20	12	False	True	12
PURB	4	2	False	False	0
RARA	187	96	False	True	96
RARB	53	30	False	True	30
RARG	40	20	False	True	20
RAX	3	0	False	False	0
RB1	34	25	False	True	25
RBAK	2	2	False	False	0
RBBP8	1	1	False	False	0
RBCK1	2	2	False	False	0
RBFOX2	1	0	False	False	0
RBPJ	156	97	False	True	97
RBPJL	2	1	False	False	0
RCOR1	3	1	False	False	0
RCOR2	16	13	False	True	13
REL	114	53	False	True	53
RELA	560	293	False	True	293
RELB	59	29	False	True	29
RERE	4	1	False	False	0
REST	75	40	False	True	40
RFX1	24	12	False	True	12
RFX2	6	2	False	False	0
RFX3	6	3	False	False	0
RFX4	5	2	False	False	0
RFX5	26	7	False	True	7
RFX6	1	0	False	False	0
RFXANK	20	5	False	True	5
RFXAP	18	4	False	False	0
RHOXF1	1	1	False	False	0
RLF	5	3	False	False	0
RNF14	1	1	False	False	0
RORA	89	35	False	True	35
RORB	7	3	False	False	0
RORC	22	4	False	False	0
RREB1	11	4	False	False	0
RUNX1	197	104	False	True	104
RUNX1T1	1	0	False	False	0
RUNX2	129	76	False	True	76
RUNX3	69	38	False	True	38
RUVBL1	1	1	False	False	0
RXRA	111	49	False	True	49
RXRB	15	5	False	True	5
RXRG	7	3	False	False	0
RYBP	1	1	False	False	0
SALL1	7	5	False	True	5
SALL2	6	6	False	True	6
SALL3	11	6	False	True	6
SALL4	21	13	False	True	13
SAP30	1	0	False	False	0
SATB1	45	24	False	True	24
SATB2	33	21	False	True	21
SCRT1	1	1	False	False	0
SCX	13	7	False	True	7
SETBP1	6	3	False	False	0
SF1	12	6	False	True	6
SFPQ	29	16	False	True	16
SHOX	3	2	False	False	0
SHOX2	8	4	False	False	0
SIM1	4	2	False	False	0
SIM2	12	9	False	True	9
SIN3A	12	7	False	True	7
SIN3B	3	2	False	False	0
SIRT1	63	43	False	True	43
SIRT6	2	2	False	False	0
SIX1	19	11	False	True	11
SIX2	2	2	False	False	0
SIX3	12	3	False	False	0
SIX4	8	5	False	True	5
SIX5	1	1	False	False	0
SKI	4	4	False	False	0
SKIL	21	12	False	True	12
SLC2A4RG	1	1	False	False	0
SMAD1	74	42	False	True	42
SMAD2	108	57	False	True	57
SMAD3	189	100	False	True	100
SMAD4	141	74	False	True	74
SMAD5	35	25	False	True	25
SMAD6	25	15	False	True	15
SMAD7	67	43	False	True	43
SMAD9	7	4	False	False	0
SMARCA1	55	35	False	True	35
SMARCA4	10	9	False	True	9
SMARCA5	16	10	False	True	10
SMARCB1	5	5	False	True	5
SMARCC1	9	6	False	True	6
SMARCC2	1	0	False	False	0
SMARCD3	2	0	False	False	0
SMARCE1	4	2	False	False	0
SNAI1	99	66	False	True	66
SNAI2	51	30	False	True	30
SND1	2	1	False	False	0
SNW1	4	3	False	False	0
SOHLH1	4	1	False	False	0
SOHLH2	2	1	False	False	0
SON	7	2	False	False	0
SOX1	3	3	False	False	0
SOX10	37	17	False	True	17
SOX11	12	8	False	True	8
SOX14	1	1	False	False	0
SOX15	2	2	False	False	0
SOX17	46	24	False	True	24
SOX18	6	4	False	False	0
SOX2	91	54	False	True	54
SOX21	2	1	False	False	0
SOX3	7	3	False	False	0
SOX4	24	20	False	True	20
SOX5	18	9	False	True	9
SOX6	24	12	False	True	12
SOX7	6	2	False	False	0
SOX8	4	1	False	False	0
SOX9	106	55	False	True	55
SP1	1304	796	False	True	796
SP100	3	2	False	False	0
SP140	1	0	False	False	0
SP2	24	15	False	True	15
SP3	438	261	False	True	261
SP4	49	37	False	True	37
SP5	2	1	False	False	0
SP6	7	4	False	False	0
SP7	47	20	False	True	20
SP8	2	1	False	False	0
SPDEF	20	8	False	True	8
SPEN	2	2	False	False	0
SPI1	344	137	False	True	137
SPIB	18	6	False	True	6
SPIC	10	2	False	False	0
SPZ1	2	2	False	False	0
SRCAP	2	1	False	False	0
SREBF1	132	86	False	True	86
SREBF2	71	49	False	True	49
SRF	107	65	False	True	65
SRSF2	12	12	False	True	12
SRY	42	18	False	True	18
SSRP1	147	78	False	True	78
ST18	2	0	False	False	0
STAT1	305	181	False	True	181
STAT2	50	24	False	True	24
STAT3	437	259	False	True	259
STAT4	32	11	False	True	11
STAT5A	215	108	False	True	108
STAT5B	106	56	False	True	56
STAT6	127	47	False	True	47
STOX1	5	5	False	True	5
SUPT20H	5	3	False	False	0
SUPT3H	1	1	False	False	0
TADA2A	8	7	False	True	7
TAF1	42	36	False	True	36
TAF12	1	1	False	False	0
TAF4	2	2	False	False	0
TAF5	1	1	False	False	0
TAL1	96	55	False	True	55
TBL1X	1	1	False	False	0
TBL1XR1	1	1	False	False	0
TBP	167	109	False	True	109
TBPL1	41	24	False	True	24
TBPL2	10	8	False	True	8
TBR1	7	3	False	False	0
TBX1	15	9	False	True	9
TBX10	5	3	False	False	0
TBX15	29	17	False	True	17
TBX18	13	9	False	True	9
TBX19	2	1	False	False	0
TBX2	34	19	False	True	19
TBX20	8	3	False	False	0
TBX21	54	17	False	True	17
TBX22	3	1	False	False	0
TBX3	25	13	False	True	13
TBX4	4	2	False	False	0
TBX5	26	16	False	True	16
TBX6	11	4	False	False	0
TBXT	15	7	False	True	7
TCF12	52	28	False	True	28
TCF15	7	3	False	False	0
TCF20	5	3	False	False	0
TCF21	16	12	False	True	12
TCF23	2	1	False	False	0
TCF3	130	67	False	True	67
TCF4	58	34	False	True	34
TCF7	23	11	False	True	11
TCF7L1	6	4	False	False	0
TCF7L2	117	74	False	True	74
TCFL5	3	1	False	False	0
TEAD1	25	15	False	True	15
TEAD2	6	5	False	True	5
TEAD4	12	7	False	True	7
TEF	16	8	False	True	8
TERF2	2	1	False	False	0
TET1	15	11	False	True	11
TET2	1	0	False	False	0
TFAM	16	10	False	True	10
TFAP2A	315	181	False	True	181
TFAP2B	26	11	False	True	11
TFAP2C	35	17	False	True	17
TFAP2D	9	2	False	False	0
TFAP2E	3	1	False	False	0
TFAP4	37	21	False	True	21
TFCP2	76	37	False	True	37
TFCP2L1	3	2	False	False	0
TFDP1	31	30	False	True	30
TFDP2	7	6	False	True	6
TFDP3	6	5	False	True	5
TFE3	37	21	False	True	21
TFEB	8	2	False	False	0
TFEC	4	2	False	False	0
TGFB1I1	13	12	False	True	12
TGIF1	12	10	False	True	10
THAP1	3	3	False	False	0
THAP11	6	6	False	True	6
THAP12	1	0	False	False	0
THAP7	2	2	False	False	0
THAP9	3	0	False	False	0
THRA	84	47	False	True	47
THRB	58	27	False	True	27
TLE1	1	1	False	False	0
TLE3	1	0	False	False	0
TLE4	1	1	False	False	0
TLE5	4	4	False	False	0
TLX1	10	7	False	True	7
TLX2	5	3	False	False	0
TLX3	6	4	False	False	0
TOB1	1	0	False	False	0
TOX	5	2	False	False	0
TOX2	3	1	False	False	0
TOX3	6	4	False	False	0
TP53	980	707	False	True	707
TP53BP1	1	1	False	False	0
TP63	206	141	False	True	141
TP73	126	94	False	True	94
TRERF1	16	3	False	False	0
TRIB3	2	2	False	False	0
TRIM14	1	1	False	False	0
TRIM15	1	1	False	False	0
TRIM21	1	1	False	False	0
TRIM22	3	3	False	False	0
TRIM24	1	1	False	False	0
TRIM25	1	0	False	False	0
TRIM27	1	1	False	False	0
TRIM28	6	5	False	True	5
TRIM31	1	1	False	False	0
TRIM5	1	1	False	False	0
TRIM62	1	1	False	False	0
TRIM8	1	1	False	False	0
TRPS1	17	11	False	True	11
TRRAP	2	1	False	False	0
TSC22D1	8	7	False	True	7
TSG101	3	2	False	False	0
TSHZ1	3	3	False	False	0
TSHZ3	6	1	False	False	0
TTF1	61	30	False	True	30
TWIST1	79	49	False	True	49
TWIST2	35	23	False	True	23
UBP1	3	0	False	False	0
UBTF	9	8	False	True	8
UNCX	4	3	False	False	0
URI1	1	1	False	False	0
USF1	227	120	False	True	120
USF2	115	63	False	True	63
UTF1	5	2	False	False	0
VAX1	1	1	False	False	0
VAX2	4	2	False	False	0
VDR	152	69	False	True	69
VENTX	5	4	False	False	0
VEZF1	9	5	False	True	5
VHL	24	20	False	True	20
VSX1	5	2	False	False	0
VSX2	31	17	False	True	17
WNT3A	3	3	False	False	0
WT1	156	101	False	True	101
WWTR1	9	6	False	True	6
XBP1	57	34	False	True	34
XPC	4	4	False	False	0
YAP1	9	7	False	True	7
YBX1	92	66	False	True	66
YBX2	1	0	False	False	0
YBX3	27	22	False	True	22
YY1	266	162	False	True	162
YY2	3	2	False	False	0
ZBED1	22	16	False	True	16
ZBED6	3	1	False	False	0
ZBTB10	2	1	False	False	0
ZBTB12	2	1	False	False	0
ZBTB14	7	5	False	True	5
ZBTB16	51	36	False	True	36
ZBTB17	44	29	False	True	29
ZBTB18	9	7	False	True	7
ZBTB2	4	4	False	False	0
ZBTB20	3	1	False	False	0
ZBTB22	2	1	False	False	0
ZBTB32	5	3	False	False	0
ZBTB33	11	7	False	True	7
ZBTB38	5	0	False	False	0
ZBTB4	14	11	False	True	11
ZBTB44	1	1	False	False	0
ZBTB48	1	1	False	False	0
ZBTB5	1	1	False	False	0
ZBTB7A	37	28	False	True	28
ZBTB7B	16	8	False	True	8
ZBTB7C	2	2	False	False	0
ZBTB8A	1	1	False	False	0
ZBTB8B	1	1	False	False	0
ZC3H8	1	0	False	False	0
ZEB1	63	30	False	True	30
ZEB2	30	18	False	True	18
ZFAT	2	0	False	False	0
ZFHX2	2	1	False	False	0
ZFHX3	16	5	False	True	5
ZFHX4	1	1	False	False	0
ZFP1	1	0	False	False	0
ZFP42	19	12	False	True	12
ZFP57	2	1	False	False	0
ZFP64	5	2	False	False	0
ZFP90	2	1	False	False	0
ZFPM1	16	7	False	True	7
ZFPM2	12	7	False	True	7
ZFX	5	3	False	False	0
ZGLP1	26	11	False	True	11
ZGPAT	12	3	False	False	0
ZHX1	1	1	False	False	0
ZHX2	11	9	False	True	9
ZHX3	3	3	False	False	0
ZIC1	17	11	False	True	11
ZIC2	7	5	False	True	5
ZIC3	4	0	False	False	0
ZIK1	1	1	False	False	0
ZKSCAN3	3	2	False	False	0
ZKSCAN4	2	2	False	False	0
ZKSCAN7	14	10	False	True	10
ZMIZ1	2	2	False	False	0
ZMYND11	1	0	False	False	0
ZMYND8	8	6	False	True	6
ZNF134	1	1	False	False	0
ZNF135	2	2	False	False	0
ZNF14	1	0	False	False	0
ZNF140	1	0	False	False	0
ZNF143	30	20	False	True	20
ZNF148	31	17	False	True	17
ZNF16	2	2	False	False	0
ZNF160	7	4	False	False	0
ZNF165	3	2	False	False	0
ZNF174	2	1	False	False	0
ZNF175	1	1	False	False	0
ZNF184	1	1	False	False	0
ZNF189	1	1	False	False	0
ZNF195	1	1	False	False	0
ZNF2	1	0	False	False	0
ZNF20	3	1	False	False	0
ZNF202	7	3	False	False	0
ZNF205	2	2	False	False	0
ZNF217	6	1	False	False	0
ZNF219	5	4	False	False	0
ZNF224	3	2	False	False	0
ZNF230	1	1	False	False	0
ZNF236	14	5	False	True	5
ZNF239	2	1	False	False	0
ZNF24	5	4	False	False	0
ZNF250	3	2	False	False	0
ZNF256	2	2	False	False	0
ZNF260	3	0	False	False	0
ZNF263	10	4	False	False	0
ZNF266	2	2	False	False	0
ZNF267	1	0	False	False	0
ZNF268	2	2	False	False	0
ZNF274	4	3	False	False	0
ZNF277	2	2	False	False	0
ZNF281	4	3	False	False	0
ZNF287	2	0	False	False	0
ZNF292	1	0	False	False	0
ZNF296	2	0	False	False	0
ZNF300	8	4	False	False	0
ZNF304	2	1	False	False	0
ZNF316	4	3	False	False	0
ZNF32	4	1	False	False	0
ZNF322	2	1	False	False	0
ZNF331	17	17	False	True	17
ZNF335	8	5	False	True	5
ZNF350	10	8	False	True	8
ZNF354C	28	16	False	True	16
ZNF362	22	9	False	True	9
ZNF382	11	8	False	True	8
ZNF383	1	1	False	False	0
ZNF384	25	10	False	True	10
ZNF395	7	5	False	True	5
ZNF398	3	3	False	False	0
ZNF410	6	1	False	False	0
ZNF417	1	1	False	False	0
ZNF419	1	1	False	False	0
ZNF423	5	3	False	False	0
ZNF431	1	1	False	False	0
ZNF436	7	5	False	True	5
ZNF444	1	1	False	False	0
ZNF451	3	3	False	False	0
ZNF461	3	1	False	False	0
ZNF492	1	0	False	False	0
ZNF503	3	1	False	False	0
ZNF512B	1	1	False	False	0
ZNF513	1	0	False	False	0
ZNF521	3	3	False	False	0
ZNF569	1	1	False	False	0
ZNF571	2	1	False	False	0
ZNF652	1	1	False	False	0
ZNF653	1	1	False	False	0
ZNF667	2	2	False	False	0
ZNF671	1	1	False	False	0
ZNF692	1	0	False	False	0
ZNF699	55	33	False	True	33
ZNF711	1	1	False	False	0
ZNF746	3	1	False	False	0
ZNF750	1	1	False	False	0
ZNF76	7	6	False	True	6
ZNF77	2	1	False	False	0
ZNF79	1	0	False	False	0
ZNF8	2	2	False	False	0
ZNF804A	10	7	False	True	7
ZNF85	1	1	False	False	0
ZNF91	49	24	False	True	24
ZSCAN10	3	1	False	False	0
ZSCAN18	1	1	False	False	0
ZSCAN21	1	1	False	False	0
ZSCAN26	1	1	False	False	0
ZSCAN9	1	1	False	False	0
ZXDA	2	2	False	False	0
ZXDC	6	4	False	False	0
