tier	dest	url	expected_bytes
meta	Park/GEO/GSE297192/GSE297192_family.soft.gz	https://ftp.ncbi.nlm.nih.gov/geo/series/GSE297nnn/GSE297192/soft/GSE297192_family.soft.gz	-
meta	Park/GEO/GSE297192/GSE297192_series_matrix.txt.gz	https://ftp.ncbi.nlm.nih.gov/geo/series/GSE297nnn/GSE297192/matrix/GSE297192_series_matrix.txt.gz	-
meta	Park/GEO/GSE297365/GSE297365_family.soft.gz	https://ftp.ncbi.nlm.nih.gov/geo/series/GSE297nnn/GSE297365/soft/GSE297365_family.soft.gz	-
meta	Park/GEO/GSE297365/GSE297365_series_matrix.txt.gz	https://ftp.ncbi.nlm.nih.gov/geo/series/GSE297nnn/GSE297365/matrix/GSE297365_series_matrix.txt.gz	-
meta	Park/GEO/GSE297690/GSE297690_family.soft.gz	https://ftp.ncbi.nlm.nih.gov/geo/series/GSE297nnn/GSE297690/soft/GSE297690_family.soft.gz	-
meta	Park/GEO/GSE297690/GSE297690_series_matrix.txt.gz	https://ftp.ncbi.nlm.nih.gov/geo/series/GSE297nnn/GSE297690/matrix/GSE297690_series_matrix.txt.gz	-
meta	Park/GEO/GSE251839/GSE251839_family.soft.gz	https://ftp.ncbi.nlm.nih.gov/geo/series/GSE251nnn/GSE251839/soft/GSE251839_family.soft.gz	-
meta	Park/GEO/GSE251839/GSE251839_series_matrix.txt.gz	https://ftp.ncbi.nlm.nih.gov/geo/series/GSE251nnn/GSE251839/matrix/GSE251839_series_matrix.txt.gz	-
geo_processed	Park/GEO/GSE297192/GSE297192_raw_expression.csv.gz	https://ftp.ncbi.nlm.nih.gov/geo/series/GSE297nnn/GSE297192/suppl/GSE297192_raw_expression.csv.gz	1446921
geo_processed	Park/GEO/GSE297192/GSE297192_normalised_expression.csv.gz	https://ftp.ncbi.nlm.nih.gov/geo/series/GSE297nnn/GSE297192/suppl/GSE297192_normalised_expression.csv.gz	1739272
geo_tar	Park/GEO/GSE297365/GSE297365_RAW.tar	https://ftp.ncbi.nlm.nih.gov/geo/series/GSE297nnn/GSE297365/suppl/GSE297365_RAW.tar	357468160
geo_processed	Park/GEO/GSE297365/per_sample/GSM8989497_105_2g_ABT_263_raw_expression.h5	https://ftp.ncbi.nlm.nih.gov/geo/samples/GSM8989nnn/GSM8989497/suppl/GSM8989497_105_2g_ABT_263_raw_expression.h5	101508987
geo_processed	Park/GEO/GSE297365/per_sample/GSM8989498_105_2g_DMSO_raw_expression.h5	https://ftp.ncbi.nlm.nih.gov/geo/samples/GSM8989nnn/GSM8989498/suppl/GSM8989498_105_2g_DMSO_raw_expression.h5	56522038
geo_processed	Park/GEO/GSE297365/per_sample/GSM8989499_HD_7HA_ABT_263_raw_expression.h5	https://ftp.ncbi.nlm.nih.gov/geo/samples/GSM8989nnn/GSM8989499/suppl/GSM8989499_HD_7HA_ABT_263_raw_expression.h5	110131563
geo_processed	Park/GEO/GSE297365/per_sample/GSM8989500_HD_7HA_DMSO_raw_expression.h5	https://ftp.ncbi.nlm.nih.gov/geo/samples/GSM8989nnn/GSM8989500/suppl/GSM8989500_HD_7HA_DMSO_raw_expression.h5	89299178
geo_tar	Park/GEO/GSE297690/GSE297690_RAW.tar	https://ftp.ncbi.nlm.nih.gov/geo/series/GSE297nnn/GSE297690/suppl/GSE297690_RAW.tar	6734274560
geo_atac_fragments	Park/GEO/GSE297690/per_sample/GSM8996710_105_2g_1_fragments.tsv.gz	https://ftp.ncbi.nlm.nih.gov/geo/samples/GSM8996nnn/GSM8996710/suppl/GSM8996710_105_2g_1_fragments.tsv.gz	1634660527
geo_atac_fragments	Park/GEO/GSE297690/per_sample/GSM8996710_105_2g_1_fragments.tsv.gz.tbi.gz	https://ftp.ncbi.nlm.nih.gov/geo/samples/GSM8996nnn/GSM8996710/suppl/GSM8996710_105_2g_1_fragments.tsv.gz.tbi.gz	932688
geo_processed	Park/GEO/GSE297690/per_sample/GSM8996710_105_2g_1_raw_peak_expression.h5	https://ftp.ncbi.nlm.nih.gov/geo/samples/GSM8996nnn/GSM8996710/suppl/GSM8996710_105_2g_1_raw_peak_expression.h5	142822677
geo_atac_fragments	Park/GEO/GSE297690/per_sample/GSM8996712_105_2g_2_fragments.tsv.gz	https://ftp.ncbi.nlm.nih.gov/geo/samples/GSM8996nnn/GSM8996712/suppl/GSM8996712_105_2g_2_fragments.tsv.gz	1572933263
geo_atac_fragments	Park/GEO/GSE297690/per_sample/GSM8996712_105_2g_2_fragments.tsv.gz.tbi.gz	https://ftp.ncbi.nlm.nih.gov/geo/samples/GSM8996nnn/GSM8996712/suppl/GSM8996712_105_2g_2_fragments.tsv.gz.tbi.gz	918983
geo_processed	Park/GEO/GSE297690/per_sample/GSM8996712_105_2g_2_raw_peak_expression.h5	https://ftp.ncbi.nlm.nih.gov/geo/samples/GSM8996nnn/GSM8996712/suppl/GSM8996712_105_2g_2_raw_peak_expression.h5	135360054
geo_atac_fragments	Park/GEO/GSE297690/per_sample/GSM8996714_HD_74A_1_fragments.tsv.gz	https://ftp.ncbi.nlm.nih.gov/geo/samples/GSM8996nnn/GSM8996714/suppl/GSM8996714_HD_74A_1_fragments.tsv.gz	1511718831
geo_atac_fragments	Park/GEO/GSE297690/per_sample/GSM8996714_HD_74A_1_fragments.tsv.gz.tbi.gz	https://ftp.ncbi.nlm.nih.gov/geo/samples/GSM8996nnn/GSM8996714/suppl/GSM8996714_HD_74A_1_fragments.tsv.gz.tbi.gz	906340
geo_processed	Park/GEO/GSE297690/per_sample/GSM8996714_HD_74A_1_raw_peak_expression.h5	https://ftp.ncbi.nlm.nih.gov/geo/samples/GSM8996nnn/GSM8996714/suppl/GSM8996714_HD_74A_1_raw_peak_expression.h5	116331374
geo_atac_fragments	Park/GEO/GSE297690/per_sample/GSM8996716_HD_74A_2_fragments.tsv.gz	https://ftp.ncbi.nlm.nih.gov/geo/samples/GSM8996nnn/GSM8996716/suppl/GSM8996716_HD_74A_2_fragments.tsv.gz	1502653669
geo_atac_fragments	Park/GEO/GSE297690/per_sample/GSM8996716_HD_74A_2_fragments.tsv.gz.tbi.gz	https://ftp.ncbi.nlm.nih.gov/geo/samples/GSM8996nnn/GSM8996716/suppl/GSM8996716_HD_74A_2_fragments.tsv.gz.tbi.gz	905815
geo_processed	Park/GEO/GSE297690/per_sample/GSM8996716_HD_74A_2_raw_peak_expression.h5	https://ftp.ncbi.nlm.nih.gov/geo/samples/GSM8996nnn/GSM8996716/suppl/GSM8996716_HD_74A_2_raw_peak_expression.h5	114110509
geo_tar	Park/GEO/GSE251839/GSE251839_RAW.tar	https://ftp.ncbi.nlm.nih.gov/geo/series/GSE251nnn/GSE251839/suppl/GSE251839_RAW.tar	2983147520
geo_processed	Park/GEO/GSE251839/per_sample/GSM7988874_WGBS_103_iNSC.txt.gz	https://ftp.ncbi.nlm.nih.gov/geo/samples/GSM7988nnn/GSM7988874/suppl/GSM7988874_WGBS_103_iNSC.txt.gz	84767325
geo_processed	Park/GEO/GSE251839/per_sample/GSM7988875_WGBS_103_Fibro.txt.gz	https://ftp.ncbi.nlm.nih.gov/geo/samples/GSM7988nnn/GSM7988875/suppl/GSM7988875_WGBS_103_Fibro.txt.gz	92550209
geo_processed	Park/GEO/GSE251839/per_sample/GSM7988876_WGBS_DR5a_iNSC.txt.gz	https://ftp.ncbi.nlm.nih.gov/geo/samples/GSM7988nnn/GSM7988876/suppl/GSM7988876_WGBS_DR5a_iNSC.txt.gz	83181762
geo_processed	Park/GEO/GSE251839/per_sample/GSM7988877_WGBS_DR5a_Fibro.txt.gz	https://ftp.ncbi.nlm.nih.gov/geo/samples/GSM7988nnn/GSM7988877/suppl/GSM7988877_WGBS_DR5a_Fibro.txt.gz	90249477
geo_processed	Park/GEO/GSE251839/per_sample/GSM7988878_WGBS_113_iNSC.txt.gz	https://ftp.ncbi.nlm.nih.gov/geo/samples/GSM7988nnn/GSM7988878/suppl/GSM7988878_WGBS_113_iNSC.txt.gz	84830724
geo_processed	Park/GEO/GSE251839/per_sample/GSM7988879_WGBS_113_Fibro.txt.gz	https://ftp.ncbi.nlm.nih.gov/geo/samples/GSM7988nnn/GSM7988879/suppl/GSM7988879_WGBS_113_Fibro.txt.gz	86090064
geo_processed	Park/GEO/GSE251839/per_sample/GSM7988880_WGBS_111_iNSC.txt.gz	https://ftp.ncbi.nlm.nih.gov/geo/samples/GSM7988nnn/GSM7988880/suppl/GSM7988880_WGBS_111_iNSC.txt.gz	82397595
geo_processed	Park/GEO/GSE251839/per_sample/GSM7988881_WGBS_111_Fibro.txt.gz	https://ftp.ncbi.nlm.nih.gov/geo/samples/GSM7988nnn/GSM7988881/suppl/GSM7988881_WGBS_111_Fibro.txt.gz	96601034
geo_processed	Park/GEO/GSE251839/per_sample/GSM8980817_105_2g_iNSCs_1_val_1_bismark_hisat2_pe.bismark.cov.gz	https://ftp.ncbi.nlm.nih.gov/geo/samples/GSM8980nnn/GSM8980817/suppl/GSM8980817_105_2g_iNSCs_1_val_1_bismark_hisat2_pe.bismark.cov.gz	366658510
geo_processed	Park/GEO/GSE251839/per_sample/GSM8980818_105_Fibs_1_val_1_bismark_hisat2_pe.bismark.cov.gz	https://ftp.ncbi.nlm.nih.gov/geo/samples/GSM8980nnn/GSM8980818/suppl/GSM8980818_105_Fibs_1_val_1_bismark_hisat2_pe.bismark.cov.gz	382454269
geo_processed	Park/GEO/GSE251839/per_sample/GSM8980819_105_iPS-NPCs_1_val_1_bismark_hisat2_pe.bismark.cov.gz	https://ftp.ncbi.nlm.nih.gov/geo/samples/GSM8980nnn/GSM8980819/suppl/GSM8980819_105_iPS-NPCs_1_val_1_bismark_hisat2_pe.bismark.cov.gz	387058730
geo_processed	Park/GEO/GSE251839/per_sample/GSM8980820_HD_7hA_iNSCs_1_val_1_bismark_hisat2_pe.bismark.cov.gz	https://ftp.ncbi.nlm.nih.gov/geo/samples/GSM8980nnn/GSM8980820/suppl/GSM8980820_HD_7hA_iNSCs_1_val_1_bismark_hisat2_pe.bismark.cov.gz	361980102
geo_processed	Park/GEO/GSE251839/per_sample/GSM8980821_HD_Fibs_1_val_1_bismark_hisat2_pe.bam.bismark.cov.gz	https://ftp.ncbi.nlm.nih.gov/geo/samples/GSM8980nnn/GSM8980821/suppl/GSM8980821_HD_Fibs_1_val_1_bismark_hisat2_pe.bam.bismark.cov.gz	403057749
geo_processed	Park/GEO/GSE251839/per_sample/GSM8980822_HD_iPS-NPCs_1_val_1_bismark_hisat2_pe.bismark.cov.gz	https://ftp.ncbi.nlm.nih.gov/geo/samples/GSM8980nnn/GSM8980822/suppl/GSM8980822_HD_iPS-NPCs_1_val_1_bismark_hisat2_pe.bismark.cov.gz	381255382
geo_processed	Park/GEO/GSE251839/GSE251839_metadata_WGBS_new_samples.xlsx	https://ftp.ncbi.nlm.nih.gov/geo/series/GSE251nnn/GSE251839/suppl/GSE251839_metadata_WGBS_new_samples.xlsx	239374
mw_raw	Ionescu/MetabolomicsWorkbench/ST003328/raw/ST003328_DS1-93_Rawdata.zip	https://www.metabolomicsworkbench.org/studydownload/ST003328_DS1-93_Rawdata.zip	3863188587
mw_raw_duplicate	Ionescu/MetabolomicsWorkbench/ST003328/raw/ST003328_Rawfiles.zip	https://www.metabolomicsworkbench.org/studydownload/ST003328_Rawfiles.zip	3863188587
mw_processed	Ionescu/MetabolomicsWorkbench/ST003328/ST003328_data.json	https://www.metabolomicsworkbench.org/rest/study/study_id/ST003328/data	-
mw_processed	Ionescu/MetabolomicsWorkbench/ST003328/ST003328_AN005452.mwtab.txt	https://www.metabolomicsworkbench.org/rest/study/analysis_id/AN005452/mwtab/txt	-
mw_processed	Ionescu/MetabolomicsWorkbench/ST003328/ST003328_AN005453.mwtab.txt	https://www.metabolomicsworkbench.org/rest/study/analysis_id/AN005453/mwtab/txt	-
mw_processed	Ionescu/MetabolomicsWorkbench/ST003328/ST003328_factors.json	https://www.metabolomicsworkbench.org/rest/study/study_id/ST003328/factors	-
mw_raw	Ionescu/MetabolomicsWorkbench/ST003330/raw/ST003330_DS1-58_Rawdata.zip	https://www.metabolomicsworkbench.org/studydownload/ST003330_DS1-58_Rawdata.zip	674456770
mw_processed	Ionescu/MetabolomicsWorkbench/ST003330/ST003330_data.json	https://www.metabolomicsworkbench.org/rest/study/study_id/ST003330/data	-
mw_processed	Ionescu/MetabolomicsWorkbench/ST003330/ST003330_AN005455.mwtab.txt	https://www.metabolomicsworkbench.org/rest/study/analysis_id/AN005455/mwtab/txt	-
mw_processed	Ionescu/MetabolomicsWorkbench/ST003330/ST003330_factors.json	https://www.metabolomicsworkbench.org/rest/study/study_id/ST003330/factors	-
mw_raw	Ionescu/MetabolomicsWorkbench/ST003331/raw/ST003331_DN47_cells_Rawdata.zip	https://www.metabolomicsworkbench.org/studydownload/ST003331_DN47_cells_Rawdata.zip	2299211182
mw_processed	Ionescu/MetabolomicsWorkbench/ST003331/ST003331_data.json	https://www.metabolomicsworkbench.org/rest/study/study_id/ST003331/data	-
mw_processed	Ionescu/MetabolomicsWorkbench/ST003331/ST003331_AN005456.mwtab.txt	https://www.metabolomicsworkbench.org/rest/study/analysis_id/AN005456/mwtab/txt	-
mw_processed	Ionescu/MetabolomicsWorkbench/ST003331/ST003331_AN005457.mwtab.txt	https://www.metabolomicsworkbench.org/rest/study/analysis_id/AN005457/mwtab/txt	-
mw_processed	Ionescu/MetabolomicsWorkbench/ST003331/ST003331_factors.json	https://www.metabolomicsworkbench.org/rest/study/study_id/ST003331/factors	-
mw_raw	Ionescu/MetabolomicsWorkbench/ST003332/raw/ST003332_DN47_media_Rawdata.zip	https://www.metabolomicsworkbench.org/studydownload/ST003332_DN47_media_Rawdata.zip	1848421280
mw_processed	Ionescu/MetabolomicsWorkbench/ST003332/ST003332_data.json	https://www.metabolomicsworkbench.org/rest/study/study_id/ST003332/data	-
mw_processed	Ionescu/MetabolomicsWorkbench/ST003332/ST003332_AN005458.mwtab.txt	https://www.metabolomicsworkbench.org/rest/study/analysis_id/AN005458/mwtab/txt	-
mw_processed	Ionescu/MetabolomicsWorkbench/ST003332/ST003332_AN005459.mwtab.txt	https://www.metabolomicsworkbench.org/rest/study/analysis_id/AN005459/mwtab/txt	-
mw_processed	Ionescu/MetabolomicsWorkbench/ST003332/ST003332_factors.json	https://www.metabolomicsworkbench.org/rest/study/study_id/ST003332/factors	-
mw_processed	Ionescu/MetabolomicsWorkbench/ST003328/ST003328_summary.json	https://www.metabolomicsworkbench.org/rest/study/study_id/ST003328/summary	-
mw_processed	Ionescu/MetabolomicsWorkbench/ST003330/ST003330_summary.json	https://www.metabolomicsworkbench.org/rest/study/study_id/ST003330/summary	-
mw_processed	Ionescu/MetabolomicsWorkbench/ST003331/ST003331_summary.json	https://www.metabolomicsworkbench.org/rest/study/study_id/ST003331/summary	-
mw_processed	Ionescu/MetabolomicsWorkbench/ST003332/ST003332_summary.json	https://www.metabolomicsworkbench.org/rest/study/study_id/ST003332/summary	-
code	code/zenodo_13764808/IonescuNicaise2023-v1.0.zip	https://zenodo.org/api/records/13764808/files/Core-Bioinformatics/IonescuNicaise2023-v1.0.zip/content	5985
code	code/zenodo_15581508/DARG_PMS-DARG_PMS.Rev1.zip	https://zenodo.org/api/records/15581508/files/Core-Bioinformatics/DARG_PMS-DARG_PMS.Rev1.zip/content	402017
code	code/zenodo_15584700/ST_PMS_DARGs.zip	https://zenodo.org/api/records/15584700/files/ST_PMS_DARGs.zip/content	227888
