series	run	gsm	sample_title	condition	strategy	spots	sra_size_MB	ena_fastq_ftp	ena_fastq_bytes
GSE297192	SRR33563997	GSM8985311	C1	Ctrl iNSC (base)	RNA-Seq	35838350	2995	ftp.sra.ebi.ac.uk/vol1/fastq/SRR335/097/SRR33563997/SRR33563997_1.fastq.gz;ftp.sra.ebi.ac.uk/vol1/fastq/SRR335/097/SRR33563997/SRR33563997_2.fastq.gz	2329773473;2308387413
GSE297192	SRR33563996	GSM8985312	C2	Ctrl iNSC (base)	RNA-Seq	19326065	1614	ftp.sra.ebi.ac.uk/vol1/fastq/SRR335/096/SRR33563996/SRR33563996_1.fastq.gz;ftp.sra.ebi.ac.uk/vol1/fastq/SRR335/096/SRR33563996/SRR33563996_2.fastq.gz	1246614532;1236620326
GSE297192	SRR33563995	GSM8985313	C3	Ctrl iNSC (base)	RNA-Seq	19785339	1641	ftp.sra.ebi.ac.uk/vol1/fastq/SRR335/095/SRR33563995/SRR33563995_1.fastq.gz;ftp.sra.ebi.ac.uk/vol1/fastq/SRR335/095/SRR33563995/SRR33563995_2.fastq.gz	1234069527;1228460587
GSE297192	SRR33563994	GSM8985314	C4	PMS iNSC (base)	RNA-Seq	22182222	1856	ftp.sra.ebi.ac.uk/vol1/fastq/SRR335/094/SRR33563994/SRR33563994_1.fastq.gz;ftp.sra.ebi.ac.uk/vol1/fastq/SRR335/094/SRR33563994/SRR33563994_2.fastq.gz	1441951362;1427663839
GSE297192	SRR33563993	GSM8985315	C5	PMS iNSC (base)	RNA-Seq	17330207	1444	ftp.sra.ebi.ac.uk/vol1/fastq/SRR335/093/SRR33563993/SRR33563993_1.fastq.gz;ftp.sra.ebi.ac.uk/vol1/fastq/SRR335/093/SRR33563993/SRR33563993_2.fastq.gz	1117302155;1103392415
GSE297192	SRR33563992	GSM8985316	C6	PMS iNSC (base)	RNA-Seq	18722908	1556	ftp.sra.ebi.ac.uk/vol1/fastq/SRR335/092/SRR33563992/SRR33563992_1.fastq.gz;ftp.sra.ebi.ac.uk/vol1/fastq/SRR335/092/SRR33563992/SRR33563992_2.fastq.gz	1178120733;1172808946
GSE297192	SRR33563991	GSM8985317	C7	Ctrl iNSC + PMS conditioned medium	RNA-Seq	29019027	2361	ftp.sra.ebi.ac.uk/vol1/fastq/SRR335/091/SRR33563991/SRR33563991_1.fastq.gz;ftp.sra.ebi.ac.uk/vol1/fastq/SRR335/091/SRR33563991/SRR33563991_2.fastq.gz	1788575941;1816650671
GSE297192	SRR33563990	GSM8985318	C8	Ctrl iNSC + PMS conditioned medium	RNA-Seq	28889892	2340	ftp.sra.ebi.ac.uk/vol1/fastq/SRR335/090/SRR33563990/SRR33563990_1.fastq.gz;ftp.sra.ebi.ac.uk/vol1/fastq/SRR335/090/SRR33563990/SRR33563990_2.fastq.gz	1756134721;1784632830
GSE297192	SRR33563989	GSM8985319	C9	Ctrl iNSC + PMS conditioned medium	RNA-Seq	30112262	2450	ftp.sra.ebi.ac.uk/vol1/fastq/SRR335/089/SRR33563989/SRR33563989_1.fastq.gz;ftp.sra.ebi.ac.uk/vol1/fastq/SRR335/089/SRR33563989/SRR33563989_2.fastq.gz	1876887875;1899505069
GSE297192	SRR33563988	GSM8985320	C10	Ctrl iNSC + PMS conditioned medium	RNA-Seq	28093503	2303	ftp.sra.ebi.ac.uk/vol1/fastq/SRR335/088/SRR33563988/SRR33563988_1.fastq.gz;ftp.sra.ebi.ac.uk/vol1/fastq/SRR335/088/SRR33563988/SRR33563988_2.fastq.gz	1759222050;1785549316
GSE297192	SRR33563987	GSM8985321	C11	Ctrl iNSC + PMS conditioned medium	RNA-Seq	19472866	1740	ftp.sra.ebi.ac.uk/vol1/fastq/SRR335/087/SRR33563987/SRR33563987_1.fastq.gz;ftp.sra.ebi.ac.uk/vol1/fastq/SRR335/087/SRR33563987/SRR33563987_2.fastq.gz	1368475781;1351447494
GSE297192	SRR33563986	GSM8985322	C12	Ctrl iNSC + PMS conditioned medium	RNA-Seq	17131929	1516	ftp.sra.ebi.ac.uk/vol1/fastq/SRR335/086/SRR33563986/SRR33563986_1.fastq.gz;ftp.sra.ebi.ac.uk/vol1/fastq/SRR335/086/SRR33563986/SRR33563986_2.fastq.gz	1177227095;1167388460
GSE297192	SRR33563985	GSM8985323	C13	Ctrl iNSC + PMS conditioned medium	RNA-Seq	16531494	1476	ftp.sra.ebi.ac.uk/vol1/fastq/SRR335/085/SRR33563985/SRR33563985_1.fastq.gz;ftp.sra.ebi.ac.uk/vol1/fastq/SRR335/085/SRR33563985/SRR33563985_2.fastq.gz	1138499954;1127710384
GSE297192	SRR33563984	GSM8985324	C14	Ctrl iNSC + PMS conditioned medium	RNA-Seq	17834417	1584	ftp.sra.ebi.ac.uk/vol1/fastq/SRR335/084/SRR33563984/SRR33563984_1.fastq.gz;ftp.sra.ebi.ac.uk/vol1/fastq/SRR335/084/SRR33563984/SRR33563984_2.fastq.gz	1229311060;1215900616
GSE297192	SRR33563983	GSM8985325	C15	Ctrl iNSC + PMS conditioned medium	RNA-Seq	17538397	1541	ftp.sra.ebi.ac.uk/vol1/fastq/SRR335/083/SRR33563983/SRR33563983_1.fastq.gz;ftp.sra.ebi.ac.uk/vol1/fastq/SRR335/083/SRR33563983/SRR33563983_2.fastq.gz	1199476501;1187263188
GSE297192	SRR33563982	GSM8985326	C16	Ctrl iNSC + PMS+ABT-263 conditioned medium	RNA-Seq	17563560	1572	ftp.sra.ebi.ac.uk/vol1/fastq/SRR335/082/SRR33563982/SRR33563982_1.fastq.gz;ftp.sra.ebi.ac.uk/vol1/fastq/SRR335/082/SRR33563982/SRR33563982_2.fastq.gz	1230159893;1215744348
GSE297192	SRR33563981	GSM8985327	C17	Ctrl iNSC + PMS+ABT-263 conditioned medium	RNA-Seq	29131849	2352	ftp.sra.ebi.ac.uk/vol1/fastq/SRR335/081/SRR33563981/SRR33563981_1.fastq.gz;ftp.sra.ebi.ac.uk/vol1/fastq/SRR335/081/SRR33563981/SRR33563981_2.fastq.gz	1755260396;1784110308
GSE297192	SRR33563980	GSM8985328	C18	Ctrl iNSC + PMS+ABT-263 conditioned medium	RNA-Seq	6016391	525	ftp.sra.ebi.ac.uk/vol1/fastq/SRR335/080/SRR33563980/SRR33563980_1.fastq.gz;ftp.sra.ebi.ac.uk/vol1/fastq/SRR335/080/SRR33563980/SRR33563980_2.fastq.gz	413094524;410001344
GSE297192	SRR33563979	GSM8985329	C18_2	Ctrl iNSC + PMS+ABT-263 conditioned medium	RNA-Seq	18505058	1532	ftp.sra.ebi.ac.uk/vol1/fastq/SRR335/079/SRR33563979/SRR33563979_1.fastq.gz;ftp.sra.ebi.ac.uk/vol1/fastq/SRR335/079/SRR33563979/SRR33563979_2.fastq.gz	1174381599;1168195380
GSE297192	SRR33563978	GSM8985330	C19	Ctrl iNSC + PMS+ABT-263 conditioned medium	RNA-Seq	27640610	2263	ftp.sra.ebi.ac.uk/vol1/fastq/SRR335/078/SRR33563978/SRR33563978_1.fastq.gz;ftp.sra.ebi.ac.uk/vol1/fastq/SRR335/078/SRR33563978/SRR33563978_2.fastq.gz	1704227566;1728655372
GSE297192	SRR33563977	GSM8985331	C20	Ctrl iNSC + PMS+ABT-263 conditioned medium	RNA-Seq	30231951	2473	ftp.sra.ebi.ac.uk/vol1/fastq/SRR335/077/SRR33563977/SRR33563977_1.fastq.gz;ftp.sra.ebi.ac.uk/vol1/fastq/SRR335/077/SRR33563977/SRR33563977_2.fastq.gz	1875959652;1901326259
GSE297192	SRR33563976	GSM8985332	C21	Ctrl iNSC + PMS+ABT-263 conditioned medium	RNA-Seq	28775876	2374	ftp.sra.ebi.ac.uk/vol1/fastq/SRR335/076/SRR33563976/SRR33563976_1.fastq.gz;ftp.sra.ebi.ac.uk/vol1/fastq/SRR335/076/SRR33563976/SRR33563976_2.fastq.gz	1861076237;1873495121
GSE297192	SRR33563975	GSM8985333	C22	Ctrl iNSC + PMS+ABT-263 conditioned medium	RNA-Seq	19541582	1737	ftp.sra.ebi.ac.uk/vol1/fastq/SRR335/075/SRR33563975/SRR33563975_1.fastq.gz;ftp.sra.ebi.ac.uk/vol1/fastq/SRR335/075/SRR33563975/SRR33563975_2.fastq.gz	1366034869;1348502230
GSE297192	SRR33563974	GSM8985334	C23	Ctrl iNSC + PMS+ABT-263 conditioned medium	RNA-Seq	29608254	2431	ftp.sra.ebi.ac.uk/vol1/fastq/SRR335/074/SRR33563974/SRR33563974_1.fastq.gz;ftp.sra.ebi.ac.uk/vol1/fastq/SRR335/074/SRR33563974/SRR33563974_2.fastq.gz	1867981373;1889480086
GSE297192	SRR33563973	GSM8985335	C24	Ctrl iNSC + PMS+ABT-263 conditioned medium	RNA-Seq	16556280	1476	ftp.sra.ebi.ac.uk/vol1/fastq/SRR335/073/SRR33563973/SRR33563973_1.fastq.gz;ftp.sra.ebi.ac.uk/vol1/fastq/SRR335/073/SRR33563973/SRR33563973_2.fastq.gz	1147775482;1137857534
GSE297365	SRR33593234	GSM8989497	105_2g_ABT_263	PMS iNSC, ABT-263 3 uM	RNA-Seq	142021837	4913	ftp.sra.ebi.ac.uk/vol1/fastq/SRR335/034/SRR33593234/SRR33593234_1.fastq.gz;ftp.sra.ebi.ac.uk/vol1/fastq/SRR335/034/SRR33593234/SRR33593234_2.fastq.gz	2886141663;6229029016
GSE297365	SRR33593235	GSM8989497	105_2g_ABT_263	PMS iNSC, ABT-263 3 uM	RNA-Seq	142186851	4937	ftp.sra.ebi.ac.uk/vol1/fastq/SRR335/035/SRR33593235/SRR33593235_1.fastq.gz;ftp.sra.ebi.ac.uk/vol1/fastq/SRR335/035/SRR33593235/SRR33593235_2.fastq.gz	2893464474;6257260024
GSE297365	SRR33593232	GSM8989498	105_2g_DMSO	PMS iNSC, DMSO	RNA-Seq	116404189	4081	ftp.sra.ebi.ac.uk/vol1/fastq/SRR335/032/SRR33593232/SRR33593232_1.fastq.gz;ftp.sra.ebi.ac.uk/vol1/fastq/SRR335/032/SRR33593232/SRR33593232_2.fastq.gz	2362819953;5125948117
GSE297365	SRR33593233	GSM8989498	105_2g_DMSO	PMS iNSC, DMSO	RNA-Seq	116540774	4099	ftp.sra.ebi.ac.uk/vol1/fastq/SRR335/033/SRR33593233/SRR33593233_1.fastq.gz;ftp.sra.ebi.ac.uk/vol1/fastq/SRR335/033/SRR33593233/SRR33593233_2.fastq.gz	2368611074;5147705668
GSE297365	SRR33593230	GSM8989499	HD_7HA_ABT_263	Ctrl iNSC, ABT-263 3 uM	RNA-Seq	143507023	4886	ftp.sra.ebi.ac.uk/vol1/fastq/SRR335/030/SRR33593230/SRR33593230_1.fastq.gz;ftp.sra.ebi.ac.uk/vol1/fastq/SRR335/030/SRR33593230/SRR33593230_2.fastq.gz	2900476217;6198334297
GSE297365	SRR33593231	GSM8989499	HD_7HA_ABT_263	Ctrl iNSC, ABT-263 3 uM	RNA-Seq	143421835	4898	ftp.sra.ebi.ac.uk/vol1/fastq/SRR335/031/SRR33593231/SRR33593231_1.fastq.gz;ftp.sra.ebi.ac.uk/vol1/fastq/SRR335/031/SRR33593231/SRR33593231_2.fastq.gz	2902100253;6212885711
GSE297365	SRR33593228	GSM8989500	HD_7HA_DMSO	Ctrl iNSC, DMSO	RNA-Seq	120181783	4198	ftp.sra.ebi.ac.uk/vol1/fastq/SRR335/028/SRR33593228/SRR33593228_1.fastq.gz;ftp.sra.ebi.ac.uk/vol1/fastq/SRR335/028/SRR33593228/SRR33593228_2.fastq.gz	2444028760;5289101109
GSE297365	SRR33593229	GSM8989500	HD_7HA_DMSO	Ctrl iNSC, DMSO	RNA-Seq	120367642	4218	ftp.sra.ebi.ac.uk/vol1/fastq/SRR335/029/SRR33593229/SRR33593229_1.fastq.gz;ftp.sra.ebi.ac.uk/vol1/fastq/SRR335/029/SRR33593229/SRR33593229_2.fastq.gz	2450861168;5313296231
GSE297690	SRR33643589	GSM8996710	105_2g_1_Lane_1	PMS iNSC, library rep 1, lane 1	ATAC-seq	120712129	4729	ftp.sra.ebi.ac.uk/vol1/fastq/SRR336/089/SRR33643589/SRR33643589_1.fastq.gz;ftp.sra.ebi.ac.uk/vol1/fastq/SRR336/089/SRR33643589/SRR33643589_2.fastq.gz	3712619916;3727257137
GSE297690	SRR33643588	GSM8996711	105_2g_1_Lane_2	PMS iNSC, library rep 1, lane 2	ATAC-seq	115897938	4600	ftp.sra.ebi.ac.uk/vol1/fastq/SRR336/088/SRR33643588/SRR33643588_1.fastq.gz;ftp.sra.ebi.ac.uk/vol1/fastq/SRR336/088/SRR33643588/SRR33643588_2.fastq.gz	3600655853;3614938853
GSE297690	SRR33643587	GSM8996712	105_2g_2_Lane_1	PMS iNSC, library rep 2, lane 1	ATAC-seq	116225932	4538	ftp.sra.ebi.ac.uk/vol1/fastq/SRR336/087/SRR33643587/SRR33643587_1.fastq.gz;ftp.sra.ebi.ac.uk/vol1/fastq/SRR336/087/SRR33643587/SRR33643587_2.fastq.gz	3546068971;3592097224
GSE297690	SRR33643586	GSM8996713	105_2g_2_Lane_2	PMS iNSC, library rep 2, lane 2	ATAC-seq	111949857	4430	ftp.sra.ebi.ac.uk/vol1/fastq/SRR336/086/SRR33643586/SRR33643586_1.fastq.gz;ftp.sra.ebi.ac.uk/vol1/fastq/SRR336/086/SRR33643586/SRR33643586_2.fastq.gz	3450111049;3494199085
GSE297690	SRR33643585	GSM8996714	HD_74A_1_Lane_1	Ctrl iNSC, library rep 1, lane 1	ATAC-seq	118416567	4645	ftp.sra.ebi.ac.uk/vol1/fastq/SRR336/085/SRR33643585/SRR33643585_1.fastq.gz;ftp.sra.ebi.ac.uk/vol1/fastq/SRR336/085/SRR33643585/SRR33643585_2.fastq.gz	3636795832;3666151120
GSE297690	SRR33643584	GSM8996715	HD_74A_1_Lane_2	Ctrl iNSC, library rep 1, lane 2	ATAC-seq	113696797	4521	ftp.sra.ebi.ac.uk/vol1/fastq/SRR336/084/SRR33643584/SRR33643584_1.fastq.gz;ftp.sra.ebi.ac.uk/vol1/fastq/SRR336/084/SRR33643584/SRR33643584_2.fastq.gz	3526667099;3555091642
GSE297690	SRR33643583	GSM8996716	HD_74A_2_Lane_1	Ctrl iNSC, library rep 2, lane 1	ATAC-seq	117582261	4604	ftp.sra.ebi.ac.uk/vol1/fastq/SRR336/083/SRR33643583/SRR33643583_1.fastq.gz;ftp.sra.ebi.ac.uk/vol1/fastq/SRR336/083/SRR33643583/SRR33643583_2.fastq.gz	3598747567;3640745377
GSE297690	SRR33643582	GSM8996717	HD_74A_2_Lane_2	Ctrl iNSC, library rep 2, lane 2	ATAC-seq	112904139	4479	ftp.sra.ebi.ac.uk/vol1/fastq/SRR336/082/SRR33643582/SRR33643582_1.fastq.gz;ftp.sra.ebi.ac.uk/vol1/fastq/SRR336/082/SRR33643582/SRR33643582_2.fastq.gz	3490079086;3530821919
GSE251839	SRR27320602	GSM7988874	103_8_p23_100k	PMS (SPMS) iNSC	Bisulfite-Seq	1354006634	145878	ftp.sra.ebi.ac.uk/vol1/fastq/SRR273/002/SRR27320602/SRR27320602_1.fastq.gz;ftp.sra.ebi.ac.uk/vol1/fastq/SRR273/002/SRR27320602/SRR27320602_2.fastq.gz	102458203328;97012933664
GSE251839	SRR27320601	GSM7988875	103_Fibro	PMS (SPMS) fibroblast	Bisulfite-Seq	961694709	103370	ftp.sra.ebi.ac.uk/vol1/fastq/SRR273/001/SRR27320601/SRR27320601_1.fastq.gz;ftp.sra.ebi.ac.uk/vol1/fastq/SRR273/001/SRR27320601/SRR27320601_2.fastq.gz	72675376065;68419999993
GSE251839	SRR27320600	GSM7988876	DR_5a_p22_100k	Ctrl iNSC	Bisulfite-Seq	735614068	78781	-	-
GSE251839	SRR27320599	GSM7988877	DR_Fibro	Ctrl fibroblast	Bisulfite-Seq	849377335	91530	ftp.sra.ebi.ac.uk/vol1/fastq/SRR273/099/SRR27320599/SRR27320599_1.fastq.gz;ftp.sra.ebi.ac.uk/vol1/fastq/SRR273/099/SRR27320599/SRR27320599_2.fastq.gz	64501881503;60457712357
GSE251839	SRR27320598	GSM7988878	113_7gA_iNSCs	PMS (SPMS) iNSC	Bisulfite-Seq	722632565	77392	-	-
GSE251839	SRR27320597	GSM7988879	113_Fibro	PMS (SPMS) fibroblast	Bisulfite-Seq	1264939910	135156	-	-
GSE251839	SRR27320596	GSM7988880	111_2_iNSCs	Ctrl iNSC	Bisulfite-Seq	706121197	75776	ftp.sra.ebi.ac.uk/vol1/fastq/SRR273/096/SRR27320596/SRR27320596_1.fastq.gz;ftp.sra.ebi.ac.uk/vol1/fastq/SRR273/096/SRR27320596/SRR27320596_2.fastq.gz	53824447504;49815981354
GSE251839	SRR27320595	GSM7988881	111_Fibro	Ctrl fibroblast	Bisulfite-Seq	1237749640	132662	ftp.sra.ebi.ac.uk/vol1/fastq/SRR273/095/SRR27320595/SRR27320595_1.fastq.gz;ftp.sra.ebi.ac.uk/vol1/fastq/SRR273/095/SRR27320595/SRR27320595_2.fastq.gz	94233048191;87198950420
GSE251839	SRR33556543	GSM8980817	105_2g_iNSCs	PMS (inferred) iNSC	Bisulfite-Seq	0	0	-	-
GSE251839	SRR33556542	GSM8980818	105_Fibs	PMS (inferred) fibroblast	Bisulfite-Seq	0	0	-	-
GSE251839	SRR33556541	GSM8980819	105_iPS-NPCs	PMS (inferred) iPS-NSC	Bisulfite-Seq	0	0	-	-
GSE251839	SRR33556540	GSM8980820	HD_7hA_iNSCs	Ctrl (inferred) iNSC	Bisulfite-Seq	0	0	-	-
GSE251839	SRR33556539	GSM8980821	HD_Fibs	Ctrl (inferred) fibroblast	Bisulfite-Seq	0	0	-	-
GSE251839	SRR33556538	GSM8980822	HD_iPS-NPCs	Ctrl (inferred) iPS-NSC	Bisulfite-Seq	0	0	-	-
