feature_id	study	analysis_id	analysis_summary	metabolite_name	refmet_name	kegg_id	lipid_group	is_13c_isotopologue	units	labelling_class	labelling_reason	deposited_13c	missing_13c
AN005458|10-Formyltetrahydrofolate	ST003332	AN005458	Reversed phase NEGATIVE ION MODE	10-Formyltetrahydrofolate	N10-Formyl-THF	C00234		False	peak area	m0_confounded	plain row may contain glucose-derived carbon after 24 hours		
AN005458|1-4-beta-D-Xylan	ST003332	AN005458	Reversed phase NEGATIVE ION MODE	1-4-beta-D-Xylan		C02352		False	peak area	m0_confounded	plain row may contain glucose-derived carbon after 24 hours		
AN005458|2-Aminomuconate	ST003332	AN005458	Reversed phase NEGATIVE ION MODE	2-Aminomuconate	2-Aminomuconic acid	C02220		False	peak area	m0_confounded	plain row may contain glucose-derived carbon after 24 hours		
AN005458|2-Hydroxyglutarate/Citramalate	ST003332	AN005458	Reversed phase NEGATIVE ION MODE	2-Hydroxyglutarate/Citramalate	2-Hydroxyglutaric acid	C02630		False	peak area	m0_confounded	plain row may contain glucose-derived carbon after 24 hours		
AN005458|2-Oxoglutarate	ST003332	AN005458	Reversed phase NEGATIVE ION MODE	2-Oxoglutarate	2-Oxoglutaric acid	C00026		False	peak area	m0_confounded	plain row may contain glucose-derived carbon after 24 hours		
AN005458|2S-5S-Methionine sulfoximine	ST003332	AN005458	Reversed phase NEGATIVE ION MODE	2S-5S-Methionine sulfoximine	(2S,5S)-Methionine sulfoximine	C03829		False	peak area	m0_confounded	plain row may contain glucose-derived carbon after 24 hours		
AN005458|4-Acetamidobutanoate	ST003332	AN005458	Reversed phase NEGATIVE ION MODE	4-Acetamidobutanoate	4-Acetamidobutanoic acid	C02946		False	peak area	m0_confounded	plain row may contain glucose-derived carbon after 24 hours		
AN005458|5-6-Dihydrothymine	ST003332	AN005458	Reversed phase NEGATIVE ION MODE	5-6-Dihydrothymine	Dihydrothymine	C00906		False	peak area	m0_confounded	plain row may contain glucose-derived carbon after 24 hours		
AN005458|5-Hydroxyindoleacetate	ST003332	AN005458	Reversed phase NEGATIVE ION MODE	5-Hydroxyindoleacetate	5-Hydroxyindoleacetic acid	C05635		False	peak area	m0_unconfounded	tryptophan catabolite without added carbon in the listed route		
AN005458|(5-L-Glutamyl)-L-glutamine	ST003332	AN005458	Reversed phase NEGATIVE ION MODE	(5-L-Glutamyl)-L-glutamine	gamma-Glutamylglutamine	C05283		False	peak area	m0_confounded	plain row may contain glucose-derived carbon after 24 hours		
AN005458|5-Oxoproline	ST003332	AN005458	Reversed phase NEGATIVE ION MODE	5-Oxoproline	Pyroglutamic acid	C01879		False	peak area	m0_confounded	plain row may contain glucose-derived carbon after 24 hours		
AN005458|5-Phospho-alpha-D-ribose 1-diphosphate	ST003332	AN005458	Reversed phase NEGATIVE ION MODE	5-Phospho-alpha-D-ribose 1-diphosphate	Phosphoribosyl pyrophosphate	C00119		False	peak area	m0_confounded	plain row may contain glucose-derived carbon after 24 hours		
AN005458|a-Linolenic acid (Octadecatrienoic acid)	ST003332	AN005458	Reversed phase NEGATIVE ION MODE	a-Linolenic acid (Octadecatrienoic acid)	alpha-Linolenic acid	C06427		False	peak area	m0_confounded	plain row may contain glucose-derived carbon after 24 hours		
AN005458|alpha-D-Glucosamine 1-phosphate	ST003332	AN005458	Reversed phase NEGATIVE ION MODE	alpha-D-Glucosamine 1-phosphate	Glucosamine 1-phosphate	C06156		False	peak area	m0_confounded	plain row may contain glucose-derived carbon after 24 hours		
AN005458|Arachidonic acid (Eicosatetraenoic acid)	ST003332	AN005458	Reversed phase NEGATIVE ION MODE	Arachidonic acid (Eicosatetraenoic acid)	Arachidonic acid	C00219		False	peak area	m0_confounded	plain row may contain glucose-derived carbon after 24 hours		
AN005458|Bis-gamma-glutamylcystine	ST003332	AN005458	Reversed phase NEGATIVE ION MODE	Bis-gamma-glutamylcystine	Bis-gamma-glutamylcystine	C03646		False	peak area	m0_confounded	plain row may contain glucose-derived carbon after 24 hours		
AN005458|Butanoic/Butyric acid	ST003332	AN005458	Reversed phase NEGATIVE ION MODE	Butanoic/Butyric acid	Butyric acid	C00246		False	peak area	m0_confounded	plain row may contain glucose-derived carbon after 24 hours		
AN005458|Citrate	ST003332	AN005458	Reversed phase NEGATIVE ION MODE	Citrate	Citric acid	C00158		False	peak area	m0_confounded	plain row may contain glucose-derived carbon after 24 hours		
AN005458|D-4--Phosphopantothenate	ST003332	AN005458	Reversed phase NEGATIVE ION MODE	D-4--Phosphopantothenate	(R)-4'-Phosphopantothenic acid	C03492		False	peak area	m0_unconfounded	vitamin B5 derivative; no direct glucose-carbon synthesis route expected		
AN005458|D-Arabitol	ST003332	AN005458	Reversed phase NEGATIVE ION MODE	D-Arabitol	Arabitol	C01904		False	peak area	m0_confounded	plain row may contain glucose-derived carbon after 24 hours		
AN005458|dCMP	ST003332	AN005458	Reversed phase NEGATIVE ION MODE	dCMP	dCMP	C00239		False	peak area	m0_confounded	plain row may contain glucose-derived carbon after 24 hours		
AN005458|Decanoic acid (capric acid)	ST003332	AN005458	Reversed phase NEGATIVE ION MODE	Decanoic acid (capric acid)	Capric acid	C01571		False	peak area	m0_confounded	plain row may contain glucose-derived carbon after 24 hours		
AN005458|Dehydroascorbate	ST003332	AN005458	Reversed phase NEGATIVE ION MODE	Dehydroascorbate	Dehydroascorbic acid	C05422		False	peak area	m0_unconfounded	dehydroascorbate is not synthesised in human cells		
AN005458|D-Glucose	ST003332	AN005458	Reversed phase NEGATIVE ION MODE	D-Glucose	Glucose	C00031		False	peak area	m0_confounded	13C6-glucose medium; uptake not measured by the M+0 row		
AN005458|D-Glyceraldehyde 3-phosphate/Glycerone phosphate	ST003332	AN005458	Reversed phase NEGATIVE ION MODE	D-Glyceraldehyde 3-phosphate/Glycerone phosphate	Glyceraldehyde 3-phosphate	C00118		False	peak area	m0_confounded	plain row may contain glucose-derived carbon after 24 hours		
AN005458|Dihomo-gamma-linolenic acid ((8Z-11Z-14Z)-Icosatrienoic acid)	ST003332	AN005458	Reversed phase NEGATIVE ION MODE	Dihomo-gamma-linolenic acid ((8Z-11Z-14Z)-Icosatrienoic acid)	Dihomo-gamma-linolenic acid	C03242		False	peak area	m0_confounded	plain row may contain glucose-derived carbon after 24 hours		
AN005458|Dimethylglycine	ST003332	AN005458	Reversed phase NEGATIVE ION MODE	Dimethylglycine	Dimethylglycine	C01026		False	peak area	m0_confounded	plain row may contain glucose-derived carbon after 24 hours		
AN005458|Diphosphate	ST003332	AN005458	Reversed phase NEGATIVE ION MODE	Diphosphate	Pyrophosphate	C00013		False	peak area	m0_confounded	plain row may contain glucose-derived carbon after 24 hours		
AN005458|Docosahexaenoic acid	ST003332	AN005458	Reversed phase NEGATIVE ION MODE	Docosahexaenoic acid	Docosahexaenoic acid	C06429		False	peak area	m0_confounded	plain row may contain glucose-derived carbon after 24 hours		
AN005458|Docosapentaenoic acid ((7Z-10Z-13Z-16Z-19Z)-Docosa-7-10-13-16-19-pentaenoic acid)	ST003332	AN005458	Reversed phase NEGATIVE ION MODE	Docosapentaenoic acid ((7Z-10Z-13Z-16Z-19Z)-Docosa-7-10-13-16-19-pentaenoic acid)	DPA	C16513		False	peak area	m0_confounded	plain row may contain glucose-derived carbon after 24 hours		
AN005458|Dodecanoic acid (lauric acid)	ST003332	AN005458	Reversed phase NEGATIVE ION MODE	Dodecanoic acid (lauric acid)	Lauric acid	C02679		False	peak area	m0_confounded	plain row may contain glucose-derived carbon after 24 hours		
AN005458|D-Ribose	ST003332	AN005458	Reversed phase NEGATIVE ION MODE	D-Ribose	Ribose	C00121		False	peak area	m0_confounded	plain row may contain glucose-derived carbon after 24 hours		
AN005458|dTMP	ST003332	AN005458	Reversed phase NEGATIVE ION MODE	dTMP	dTMP	C00364		False	peak area	m0_confounded	plain row may contain glucose-derived carbon after 24 hours		
AN005458|Eicosapentaenoic acid	ST003332	AN005458	Reversed phase NEGATIVE ION MODE	Eicosapentaenoic acid	Eicosapentaenoic acid	C06428		False	peak area	m0_confounded	plain row may contain glucose-derived carbon after 24 hours		
AN005458|Fumarate	ST003332	AN005458	Reversed phase NEGATIVE ION MODE	Fumarate	Fumaric acid	C00122		False	peak area	m0_confounded	plain row may contain glucose-derived carbon after 24 hours		
AN005458|gamma-Glutamyl-gamma-aminobutyrate	ST003332	AN005458	Reversed phase NEGATIVE ION MODE	gamma-Glutamyl-gamma-aminobutyrate	4-(Glutamylamino) butanoate	C15767		False	peak area	m0_confounded	plain row may contain glucose-derived carbon after 24 hours		
AN005458|gamma-L-Glutamyl-D-alanine	ST003332	AN005458	Reversed phase NEGATIVE ION MODE	gamma-L-Glutamyl-D-alanine	gamma-L-Glutamyl-D-alanine	C03738		False	peak area	m0_confounded	plain row may contain glucose-derived carbon after 24 hours		
AN005458|gamma-L-Glutamyl-L-cysteine	ST003332	AN005458	Reversed phase NEGATIVE ION MODE	gamma-L-Glutamyl-L-cysteine	gamma-Glutamylcysteine	C00669		False	peak area	m0_confounded	plain row may contain glucose-derived carbon after 24 hours		
AN005458|Glutathione	ST003332	AN005458	Reversed phase NEGATIVE ION MODE	Glutathione	Glutathione	C00051		False	peak area	m0_confounded	plain row may contain glucose-derived carbon after 24 hours		
AN005458|Glycerol 3-phosphate	ST003332	AN005458	Reversed phase NEGATIVE ION MODE	Glycerol 3-phosphate	sn-Glycero-3-phosphate	C00093		False	peak area	m0_confounded	plain row may contain glucose-derived carbon after 24 hours		
AN005458|Guanidinoacetate	ST003332	AN005458	Reversed phase NEGATIVE ION MODE	Guanidinoacetate	Guanidoacetic acid	C00581		False	peak area	m0_confounded	plain row may contain glucose-derived carbon after 24 hours		
AN005458|Guanosine	ST003332	AN005458	Reversed phase NEGATIVE ION MODE	Guanosine	Guanosine	C00387		False	peak area	m0_confounded	plain row may contain glucose-derived carbon after 24 hours		
AN005458|Heptanoic acid	ST003332	AN005458	Reversed phase NEGATIVE ION MODE	Heptanoic acid	Heptylic acid	C17714		False	peak area	m0_confounded	plain row may contain glucose-derived carbon after 24 hours		
AN005458|Hexadecanoic acid (palmitic acid)	ST003332	AN005458	Reversed phase NEGATIVE ION MODE	Hexadecanoic acid (palmitic acid)	Palmitic acid	C00249		False	peak area	m0_confounded	plain row may contain glucose-derived carbon after 24 hours		
AN005458|Hexadecenoic acid (Palmitoleic acid)	ST003332	AN005458	Reversed phase NEGATIVE ION MODE	Hexadecenoic acid (Palmitoleic acid)	Palmitoleic acid	C08362		False	peak area	m0_confounded	plain row may contain glucose-derived carbon after 24 hours		
AN005458|Hexanoic acid (caproate)	ST003332	AN005458	Reversed phase NEGATIVE ION MODE	Hexanoic acid (caproate)	Caproic acid	C01585		False	peak area	m0_confounded	plain row may contain glucose-derived carbon after 24 hours		
AN005458|Hydroxyindole-acetylglycine	ST003332	AN005458	Reversed phase NEGATIVE ION MODE	Hydroxyindole-acetylglycine	Hydroxyindoleacetylglycine	C05832		False	peak area	m0_confounded	plain row may contain glucose-derived carbon after 24 hours		
AN005458|Indolepyruvate	ST003332	AN005458	Reversed phase NEGATIVE ION MODE	Indolepyruvate	Indolepyruvic acid	C00331		False	peak area	m0_unconfounded	tryptophan catabolite without added carbon in the listed route		
AN005458|Inosine	ST003332	AN005458	Reversed phase NEGATIVE ION MODE	Inosine	Inosine	C00294		False	peak area	m0_confounded	plain row may contain glucose-derived carbon after 24 hours		
AN005458|Lactate	ST003332	AN005458	Reversed phase NEGATIVE ION MODE	Lactate	Lactic acid	C01432		False	peak area	m0_confounded	plain row may contain glucose-derived carbon after 24 hours		
AN005458|L-cystine	ST003332	AN005458	Reversed phase NEGATIVE ION MODE	L-cystine	Cystine	C00491		False	peak area	m0_confounded	plain row may contain glucose-derived carbon after 24 hours		
AN005458|Linoleic acid ((9Z,12Z)-Octadecadienoic acid)	ST003332	AN005458	Reversed phase NEGATIVE ION MODE	Linoleic acid ((9Z,12Z)-Octadecadienoic acid)	Linoleic acid	C01595		False	peak area	m0_unconfounded	essential fatty acid; no human de novo synthesis		
AN005458|Malate	ST003332	AN005458	Reversed phase NEGATIVE ION MODE	Malate	Malic acid	C00149		False	peak area	m0_confounded	plain row may contain glucose-derived carbon after 24 hours		
AN005458|Mannitol	ST003332	AN005458	Reversed phase NEGATIVE ION MODE	Mannitol	Mannitol	C00392		False	peak area	m0_confounded	plain row may contain glucose-derived carbon after 24 hours		
AN005458|Mercaptopyruvate	ST003332	AN005458	Reversed phase NEGATIVE ION MODE	Mercaptopyruvate	3-Mercaptopyruvic acid	C00957		False	peak area	m0_confounded	plain row may contain glucose-derived carbon after 24 hours		
AN005458|N-Acetyl-L-citrulline	ST003332	AN005458	Reversed phase NEGATIVE ION MODE	N-Acetyl-L-citrulline	N-Acetylcitrulline	C15532		False	peak area	m0_confounded	plain row may contain glucose-derived carbon after 24 hours		
AN005458|N-Acetylneuraminate	ST003332	AN005458	Reversed phase NEGATIVE ION MODE	N-Acetylneuraminate	N-Acetylneuraminic acid	C00270		False	peak area	m0_confounded	plain row may contain glucose-derived carbon after 24 hours		
AN005458|N-Acetylornithine	ST003332	AN005458	Reversed phase NEGATIVE ION MODE	N-Acetylornithine	N-Acetylornithine	C00437		False	peak area	m0_confounded	plain row may contain glucose-derived carbon after 24 hours		
AN005458|N-formyl kynurenine	ST003332	AN005458	Reversed phase NEGATIVE ION MODE	N-formyl kynurenine	N-Formylkynurenine	C02700		False	peak area	m0_unconfounded	tryptophan catabolite without added carbon in the listed route		
AN005458|Nonanoic acid (pelargonic acid)	ST003332	AN005458	Reversed phase NEGATIVE ION MODE	Nonanoic acid (pelargonic acid)	Pelargonic acid	C01601		False	peak area	m0_confounded	plain row may contain glucose-derived carbon after 24 hours		
AN005458|N-Succinyl-L-glutamate 5-semialdehyde	ST003332	AN005458	Reversed phase NEGATIVE ION MODE	N-Succinyl-L-glutamate 5-semialdehyde	N-Succinyl-glutamic acid 5-semialdehyde	C05932		False	peak area	m0_confounded	plain row may contain glucose-derived carbon after 24 hours		
AN005458|Octadecanoic acid (stearic acid)	ST003332	AN005458	Reversed phase NEGATIVE ION MODE	Octadecanoic acid (stearic acid)	Stearic acid	C01530		False	peak area	m0_confounded	plain row may contain glucose-derived carbon after 24 hours		
AN005458|Octadecenoic acid (Oleic acid)	ST003332	AN005458	Reversed phase NEGATIVE ION MODE	Octadecenoic acid (Oleic acid)	Oleic acid	C00712		False	peak area	m0_confounded	plain row may contain glucose-derived carbon after 24 hours		
AN005458|Octanoic acid (caprylic acid)	ST003332	AN005458	Reversed phase NEGATIVE ION MODE	Octanoic acid (caprylic acid)	Caprylic acid	C06423		False	peak area	m0_confounded	plain row may contain glucose-derived carbon after 24 hours		
AN005458|Pentanoate (valerate)	ST003332	AN005458	Reversed phase NEGATIVE ION MODE	Pentanoate (valerate)	Valeric acid	C00803		False	peak area	m0_confounded	plain row may contain glucose-derived carbon after 24 hours		
AN005458|Phosphoserine	ST003332	AN005458	Reversed phase NEGATIVE ION MODE	Phosphoserine	Phosphoserine	C02532		False	peak area	m0_confounded	plain row may contain glucose-derived carbon after 24 hours		
AN005458|Pyridoxal	ST003332	AN005458	Reversed phase NEGATIVE ION MODE	Pyridoxal	Pyridoxal	C00250		False	peak area	m0_confounded	plain row may contain glucose-derived carbon after 24 hours		
AN005458|Pyruvate	ST003332	AN005458	Reversed phase NEGATIVE ION MODE	Pyruvate	Pyruvic acid	C00022		False	peak area	m0_confounded	plain row may contain glucose-derived carbon after 24 hours		
AN005458|Sedoheptulose 1-phosphate	ST003332	AN005458	Reversed phase NEGATIVE ION MODE	Sedoheptulose 1-phosphate	Sedoheptulose 1-phosphate	C06222		False	peak area	m0_confounded	plain row may contain glucose-derived carbon after 24 hours		
AN005458|S-Glutathionyl-L-cysteine	ST003332	AN005458	Reversed phase NEGATIVE ION MODE	S-Glutathionyl-L-cysteine	S-Glutathionyl-cysteine	C05526		False	peak area	m0_confounded	plain row may contain glucose-derived carbon after 24 hours		
AN005458|Succinate	ST003332	AN005458	Reversed phase NEGATIVE ION MODE	Succinate	Succinic acid	C00042		False	peak area	m0_confounded	plain row may contain glucose-derived carbon after 24 hours		
AN005458|Tetradecanoic acid (myristic acid)	ST003332	AN005458	Reversed phase NEGATIVE ION MODE	Tetradecanoic acid (myristic acid)	Myristic acid	C06424		False	peak area	m0_confounded	plain row may contain glucose-derived carbon after 24 hours		
AN005458|Tetradecenoic acid (myristoleic acid)	ST003332	AN005458	Reversed phase NEGATIVE ION MODE	Tetradecenoic acid (myristoleic acid)	Myristoleic acid	C08322		False	peak area	m0_confounded	plain row may contain glucose-derived carbon after 24 hours		
AN005458|Thiocysteine	ST003332	AN005458	Reversed phase NEGATIVE ION MODE	Thiocysteine	Thiocysteine	C01962		False	peak area	m0_confounded	plain row may contain glucose-derived carbon after 24 hours		
AN005458|Thiosulfate	ST003332	AN005458	Reversed phase NEGATIVE ION MODE	Thiosulfate	Thiosulfuric acid	C00320		False	peak area	m0_confounded	plain row may contain glucose-derived carbon after 24 hours		
AN005458|Thymine	ST003332	AN005458	Reversed phase NEGATIVE ION MODE	Thymine	Thymine	C00178		False	peak area	m0_confounded	plain row may contain glucose-derived carbon after 24 hours		
AN005458|trans-4-Hydroxy-L-proline	ST003332	AN005458	Reversed phase NEGATIVE ION MODE	trans-4-Hydroxy-L-proline	trans-4-Hydroxyproline	C01157		False	peak area	m0_confounded	plain row may contain glucose-derived carbon after 24 hours		
AN005458|UDP	ST003332	AN005458	Reversed phase NEGATIVE ION MODE	UDP	UDP	C00015		False	peak area	m0_confounded	plain row may contain glucose-derived carbon after 24 hours		
AN005458|Xanthine	ST003332	AN005458	Reversed phase NEGATIVE ION MODE	Xanthine	Xanthine	C00385		False	peak area	m0_confounded	plain row may contain glucose-derived carbon after 24 hours		
AN005459|3-Methyldioxyindole	ST003332	AN005459	Reversed phase POSITIVE ION MODE	3-Methyldioxyindole	3-Methyldioxyindole	C05834		False	peak area	m0_confounded	plain row may contain glucose-derived carbon after 24 hours		
AN005459|4-Pyridoxate	ST003332	AN005459	Reversed phase POSITIVE ION MODE	4-Pyridoxate	4-Pyridoxic acid	C00847		False	peak area	m0_confounded	plain row may contain glucose-derived carbon after 24 hours		
AN005459|5-Hydroxyisourate	ST003332	AN005459	Reversed phase POSITIVE ION MODE	5-Hydroxyisourate	5-Hydroxyisouric acid	C11821		False	peak area	m0_confounded	plain row may contain glucose-derived carbon after 24 hours		
AN005459|5-L-Glutamyl-taurine	ST003332	AN005459	Reversed phase POSITIVE ION MODE	5-L-Glutamyl-taurine	5-L-Glutamyl-taurine	C05844		False	peak area	m0_confounded	plain row may contain glucose-derived carbon after 24 hours		
AN005459|5-Phosphoribosylamine	ST003332	AN005459	Reversed phase POSITIVE ION MODE	5-Phosphoribosylamine	5-Phosphoribosylamine	C03090		False	peak area	m0_confounded	plain row may contain glucose-derived carbon after 24 hours		
AN005459|acetyl-carnitine (acyl-C2)	ST003332	AN005459	Reversed phase POSITIVE ION MODE	acetyl-carnitine (acyl-C2)	CAR 2:0	C02571		False	peak area	m0_confounded	plain row may contain glucose-derived carbon after 24 hours		
AN005459|Acetylcholine	ST003332	AN005459	Reversed phase POSITIVE ION MODE	Acetylcholine	Acetylcholine	C01996		False	peak area	m0_confounded	plain row may contain glucose-derived carbon after 24 hours		
AN005459|Allantoate	ST003332	AN005459	Reversed phase POSITIVE ION MODE	Allantoate	Allantoic acid	C00499		False	peak area	m0_confounded	plain row may contain glucose-derived carbon after 24 hours		
AN005459|Ascorbate	ST003332	AN005459	Reversed phase POSITIVE ION MODE	Ascorbate	Vitamin C	C00072		False	peak area	m0_unconfounded	ascorbate is not synthesised in human cells		
AN005459|butanoyl-l-carnitine (acyl-C4)	ST003332	AN005459	Reversed phase POSITIVE ION MODE	butanoyl-l-carnitine (acyl-C4)	CAR 4:0	C02862		False	peak area	m0_confounded	plain row may contain glucose-derived carbon after 24 hours		
AN005459|Choline	ST003332	AN005459	Reversed phase POSITIVE ION MODE	Choline	Choline	C00114		False	peak area	m0_confounded	plain row may contain glucose-derived carbon after 24 hours		
AN005459|Cytidine	ST003332	AN005459	Reversed phase POSITIVE ION MODE	Cytidine	Cytidine	C00475		False	peak area	m0_confounded	plain row may contain glucose-derived carbon after 24 hours		
AN005459|dAMP	ST003332	AN005459	Reversed phase POSITIVE ION MODE	dAMP	dAMP	C00360		False	peak area	m0_confounded	plain row may contain glucose-derived carbon after 24 hours		
AN005459|D-Glucosamine	ST003332	AN005459	Reversed phase POSITIVE ION MODE	D-Glucosamine	Glucosamine	C00329		False	peak area	m0_confounded	plain row may contain glucose-derived carbon after 24 hours		
AN005459|D-Glucose 6-phosphate	ST003332	AN005459	Reversed phase POSITIVE ION MODE	D-Glucose 6-phosphate	Glucose 6-phosphate	C02965		False	peak area	m0_confounded	plain row may contain glucose-derived carbon after 24 hours		
AN005459|gamma-Glutamyl-Se-methylselenocysteine	ST003332	AN005459	Reversed phase POSITIVE ION MODE	gamma-Glutamyl-Se-methylselenocysteine	gamma-Glutamyl-Se-methylselenocysteine	C05695		False	peak area	m0_confounded	plain row may contain glucose-derived carbon after 24 hours		
AN005459|g-Oxalo-crotonate	ST003332	AN005459	Reversed phase POSITIVE ION MODE	g-Oxalo-crotonate	4-Oxalocrotonic acid	C03453		False	peak area	m0_confounded	plain row may contain glucose-derived carbon after 24 hours		
AN005459|Hypoxanthine	ST003332	AN005459	Reversed phase POSITIVE ION MODE	Hypoxanthine	Hypoxanthine	C00262		False	peak area	m0_confounded	plain row may contain glucose-derived carbon after 24 hours		
AN005459|Indole	ST003332	AN005459	Reversed phase POSITIVE ION MODE	Indole	Indole	C00463		False	peak area	m0_unconfounded	tryptophan catabolite without added carbon in the listed route		
AN005459|Indole-3-acetaldehyde	ST003332	AN005459	Reversed phase POSITIVE ION MODE	Indole-3-acetaldehyde	Indoleacetaldehyde	C00637		False	peak area	m0_unconfounded	tryptophan catabolite without added carbon in the listed route		
AN005459|Indole-3-acetate	ST003332	AN005459	Reversed phase POSITIVE ION MODE	Indole-3-acetate	Indoleacetic acid	C00954		False	peak area	m0_confounded	plain row may contain glucose-derived carbon after 24 hours		
AN005459|Indoxyl	ST003332	AN005459	Reversed phase POSITIVE ION MODE	Indoxyl	Indoxyl	C05658		False	peak area	m0_unconfounded	tryptophan catabolite without added carbon in the listed route		
AN005459|L-alanine	ST003332	AN005459	Reversed phase POSITIVE ION MODE	L-alanine	Alanine	C00041		False	peak area	m0_confounded	plain row may contain glucose-derived carbon after 24 hours		
AN005459|L-arginine	ST003332	AN005459	Reversed phase POSITIVE ION MODE	L-arginine	Arginine	C00062		False	peak area	m0_confounded	plain row may contain glucose-derived carbon after 24 hours		
AN005459|L-asparagine	ST003332	AN005459	Reversed phase POSITIVE ION MODE	L-asparagine	Asparagine	C00152		False	peak area	m0_confounded	plain row may contain glucose-derived carbon after 24 hours		
AN005459|L-Carnitine	ST003332	AN005459	Reversed phase POSITIVE ION MODE	L-Carnitine	Carnitine	C00318		False	peak area	m0_unconfounded	carnitine derives from lysine and methionine; no direct glucose-carbon synthesis route expected		
AN005459|L-glutamate	ST003332	AN005459	Reversed phase POSITIVE ION MODE	L-glutamate	Glutamic acid	C00025		False	peak area	m0_confounded	plain row may contain glucose-derived carbon after 24 hours		
AN005459|L-glutamine	ST003332	AN005459	Reversed phase POSITIVE ION MODE	L-glutamine	Glutamine	C00064		False	peak area	m0_confounded	plain row may contain glucose-derived carbon after 24 hours		
AN005459|L-histidine	ST003332	AN005459	Reversed phase POSITIVE ION MODE	L-histidine	Histidine	C00135		False	peak area	m0_unconfounded	essential amino acid; glucose carbon cannot be incorporated by human synthesis		
AN005459|L-leucine	ST003332	AN005459	Reversed phase POSITIVE ION MODE	L-leucine	Leucine	C00123		False	peak area	m0_unconfounded	essential amino acid; glucose carbon cannot be incorporated by human synthesis		
AN005459|L-lysine	ST003332	AN005459	Reversed phase POSITIVE ION MODE	L-lysine	Lysine	C00047		False	peak area	m0_unconfounded	essential amino acid; glucose carbon cannot be incorporated by human synthesis		
AN005459|L-methionine	ST003332	AN005459	Reversed phase POSITIVE ION MODE	L-methionine	Methionine	C00073		False	peak area	m0_unconfounded	essential amino acid; glucose carbon cannot be incorporated by human synthesis		
AN005459|L-Methionine S-oxide	ST003332	AN005459	Reversed phase POSITIVE ION MODE	L-Methionine S-oxide	Methionine sulfoxide	C02989		False	peak area	m0_unconfounded	methionine oxidation product; no direct glucose-carbon synthesis route expected		
AN005459|L-octanoylcarnitine (acyl-C8)	ST003332	AN005459	Reversed phase POSITIVE ION MODE	L-octanoylcarnitine (acyl-C8)	CAR 8:0	C02838		False	peak area	m0_confounded	plain row may contain glucose-derived carbon after 24 hours		
AN005459|L-proline	ST003332	AN005459	Reversed phase POSITIVE ION MODE	L-proline	Proline	C00148		False	peak area	m0_confounded	plain row may contain glucose-derived carbon after 24 hours		
AN005459|L-serine	ST003332	AN005459	Reversed phase POSITIVE ION MODE	L-serine	Serine	C00065		False	peak area	m0_confounded	plain row may contain glucose-derived carbon after 24 hours		
AN005459|L-threonine	ST003332	AN005459	Reversed phase POSITIVE ION MODE	L-threonine	Threonine	C00188		False	peak area	m0_unconfounded	essential amino acid; glucose carbon cannot be incorporated by human synthesis		
AN005459|L-tryptophan	ST003332	AN005459	Reversed phase POSITIVE ION MODE	L-tryptophan	Tryptophan	C00078		False	peak area	m0_unconfounded	essential amino acid; glucose carbon cannot be incorporated by human synthesis		
AN005459|L-tyrosine	ST003332	AN005459	Reversed phase POSITIVE ION MODE	L-tyrosine	Tyrosine	C00082		False	peak area	m0_unconfounded	formed from phenylalanine; no direct glucose-carbon synthesis route expected		
AN005459|L-valine	ST003332	AN005459	Reversed phase POSITIVE ION MODE	L-valine	Valine	C00183		False	peak area	m0_unconfounded	essential amino acid; glucose carbon cannot be incorporated by human synthesis		
AN005459|Nicotinamide	ST003332	AN005459	Reversed phase POSITIVE ION MODE	Nicotinamide	Niacinamide	C00153		False	peak area	m0_confounded	plain row may contain glucose-derived carbon after 24 hours		
AN005459|Nicotinate ribonucleotide	ST003332	AN005459	Reversed phase POSITIVE ION MODE	Nicotinate ribonucleotide	Nicotinic acid mononucleotide	C01185		False	peak area	m0_confounded	plain row may contain glucose-derived carbon after 24 hours		
AN005459|O-Decenoyl-L-carnitine (acyl-C10:1)	ST003332	AN005459	Reversed phase POSITIVE ION MODE	O-Decenoyl-L-carnitine (acyl-C10:1)	CAR 10:1	CID57357170		False	peak area	m0_confounded	plain row may contain glucose-derived carbon after 24 hours		
AN005459|O-dodecenoyl-carnitine (acyl-C12:1)	ST003332	AN005459	Reversed phase POSITIVE ION MODE	O-dodecenoyl-carnitine (acyl-C12:1)	CAR 12:1	HMDB13326		False	peak area	m0_confounded	plain row may contain glucose-derived carbon after 24 hours		
AN005459|Ornithine	ST003332	AN005459	Reversed phase POSITIVE ION MODE	Ornithine	Ornithine	C01602		False	peak area	m0_confounded	plain row may contain glucose-derived carbon after 24 hours		
AN005459|Pantothenate	ST003332	AN005459	Reversed phase POSITIVE ION MODE	Pantothenate	Pantothenic acid	C00864		False	peak area	m0_unconfounded	vitamin B5 derivative; no direct glucose-carbon synthesis route expected		
AN005459|Phosphate	ST003332	AN005459	Reversed phase POSITIVE ION MODE	Phosphate	Phosphoric acid	C00009		False	peak area	m0_confounded	plain row may contain glucose-derived carbon after 24 hours		
AN005459|Putrescine	ST003332	AN005459	Reversed phase POSITIVE ION MODE	Putrescine	Putrescine	C00134		False	peak area	m0_confounded	plain row may contain glucose-derived carbon after 24 hours		
AN005459|Pyridoxamine 5'-phosphate	ST003332	AN005459	Reversed phase POSITIVE ION MODE	Pyridoxamine 5'-phosphate	Pyridoxamine 5'-phosphate	C00647		False	peak area	m0_confounded	plain row may contain glucose-derived carbon after 24 hours		
AN005459|S-Adenosyl-L-homocysteine	ST003332	AN005459	Reversed phase POSITIVE ION MODE	S-Adenosyl-L-homocysteine	S-Adenosylhomocysteine	C00021		False	peak area	m0_confounded	plain row may contain glucose-derived carbon after 24 hours		
AN005459|(S)(+)-Allantoin	ST003332	AN005459	Reversed phase POSITIVE ION MODE	(S)(+)-Allantoin	Allantoin	C02350		False	peak area	m0_confounded	plain row may contain glucose-derived carbon after 24 hours		
AN005459|Spermine	ST003332	AN005459	Reversed phase POSITIVE ION MODE	Spermine	Spermine	C00750		False	peak area	m0_confounded	plain row may contain glucose-derived carbon after 24 hours		
AN005459|Sphinganine 1-phosphate	ST003332	AN005459	Reversed phase POSITIVE ION MODE	Sphinganine 1-phosphate	Sphinganine 1-phosphate	C01120		False	peak area	m0_confounded	plain row may contain glucose-derived carbon after 24 hours		
AN005459|Sphingosine	ST003332	AN005459	Reversed phase POSITIVE ION MODE	Sphingosine	Sphingosine	C00319		False	peak area	m0_confounded	plain row may contain glucose-derived carbon after 24 hours		
AN005459|Tetradecenoyl Carnitine (acyl-C14:1)	ST003332	AN005459	Reversed phase POSITIVE ION MODE	Tetradecenoyl Carnitine (acyl-C14:1)	CAR 14:1	HMDB13329		False	peak area	m0_confounded	plain row may contain glucose-derived carbon after 24 hours		
AN005459|UMP	ST003332	AN005459	Reversed phase POSITIVE ION MODE	UMP	UMP	C00105		False	peak area	m0_confounded	plain row may contain glucose-derived carbon after 24 hours		
AN005459|Urate	ST003332	AN005459	Reversed phase POSITIVE ION MODE	Urate	Uric acid	C00366		False	peak area	m0_confounded	plain row may contain glucose-derived carbon after 24 hours		
