feature_id	AMC A S7	AMC A S8	AMC A S9	AMC B S7	AMC B S8	AMC B S9	AMC D S7	AMC D S8	AMC D S9	PMS A S7	PMS A S8	PMS A S9	PMS B S7	PMS B S8	PMS B S9	PMS C S7	PMS C S8	PMS C S9	PMS D S7	PMS D S8	PMS D S9	NC 7	NC 8	NC 9
AN005458|10-Formyltetrahydrofolate	-2.051119537035486	-0.34862800566224905	-0.29214721777317365	-1.0568436888277404	-0.16352481740844027	-0.1435243662032839	-0.8077487661122404	0.3441010439953658	-0.2350788484894224	-1.743804527272756	-1.0988807537438738	-1.3528231979924783	0.06496874252703222	-1.3383078799335095	-0.6227503109331458	-1.4277561208814724	-1.4544250236344887	-2.2444276751926786	-1.928466590632537	-1.1882638570161	-1.5780568035359828	0.2749564532567206	-0.22617886096552908	-0.048777592291191496
AN005458|1-4-beta-D-Xylan	2.1615672477925187	0.8891926003582622	1.794428595787327	4.709219361536524	4.056830670572936	4.640796645691713	2.8271280666572114	2.7586553608104705	1.1727613465372553	5.106943034762244	5.126190277628483	4.303315358549137	2.660203935507287	0.7011335295443466	0.4502722384822473	3.4771850513055966	3.764724577831039	2.9428073831909227	2.849634946351861	3.1412716823318068	3.4322222879219684	1.096406993347264	-0.035100320091824955	-1.0613066732554408
AN005458|2-Aminomuconate	1.460386316360717	1.9801683604006222	2.8764106056621426	0.9294718106672217	0.9515851531868087	1.1951143527664279	0.05535306281563557	1.0894731904117165	0.16835573501705703	6.959581145700097	7.0364126461176415	6.564826519121441	2.099212890479862	0.6165914992186696	0.9985707081062074	2.914711491033465	2.852690481880794	3.319394847215783	2.1916158021094247	3.139870394384113	2.7600842726833346	0.6697785717913689	0.9683043231658512	-1.6380828949572184
AN005458|2-Hydroxyglutarate/Citramalate	2.168343327995375	2.4658605238687787	2.857298454657114	4.559794061087667	4.985042457662297	5.066113553500193	1.8495066038347527	1.9131298423273027	1.3915153228801618	5.788680835668087	5.885511301687005	5.280705765723498	3.4513087977755728	2.362043077469048	2.76387875997713	2.115426037495565	2.660967013387287	2.5338889834198017	1.7498801991710753	2.7766860003648173	2.884149986888316	0.10640185686375503	0.44148093581560666	-0.5478827926793652
AN005458|2-Oxoglutarate	5.792136415540794	6.343825133548576	6.604979082897698	6.518092233516674	6.769830786897371	6.962626238075265	4.531509370752309	4.997642678439915	4.224832317931032	8.719767093529429	8.971496631431085	8.37597349902982	7.5233382323144244	6.301729149262149	7.005308329430614	6.801923001575551	7.14618038164736	7.2516063082433195	6.188613134894107	7.209595681742941	7.120915891004765	-0.6898823819962345	0.22203107527975163	0.46785130671648645
AN005458|2S-5S-Methionine sulfoximine	-0.729055524018289	-0.35627948789505126	-1.1487421594145601	-0.7954910809370119	0.04750146971191427	-0.47423599261940197	-0.5224279956988092	0.2741716826308327	-0.1390903403596475	-0.68002543202185	-0.10841099134209387	-1.4034610517197699	-0.6145443540021454	-0.5866861737893423	-0.6732623574278769	-1.6143251045968778	-0.7997560014895342	-1.4354328778677612	-1.7822087826639272	-0.2862632066930111	-0.8980024456755267	0.37021101829237324	-0.16845014890084542	-0.20176086939153137
AN005458|4-Acetamidobutanoate	0.4476797957404841	1.4476876451217002	1.4983919704823716	1.12040471939331	2.0057835240483755	0.8944905181943223	-0.13160643474754075	1.5396056262160478	0.3978878407578872	1.699469058027912	2.2911471578954643	1.311795171264201	2.6596630399924486	1.0665442095066595	1.845544734212396	1.4047585777765654	1.7111840242704073	1.897734223965445	0.8468295210097789	1.531160243603665	1.7721399915080553	-0.17696716630511666	-0.06695675607286944	0.24392392237798433
AN005458|5-6-Dihydrothymine	1.4994534286514103	2.2660366895242845	2.428008656047197	1.7729741303259345	2.2873918594617955	2.485344270235096	1.7478589736710504	2.979484522762835	2.1972789703884636	1.9265671965584588	2.2187072094263094	1.6186264152904144	2.127569521824448	1.315986165245011	1.7642065324425893	0.46620895961745035	0.8492934274578836	0.8059254564925951	0.5485323391549208	1.2171659867923097	1.062130614926943	0.2927909120527552	-0.1956652831727972	-0.09712562887995091
AN005458|5-Hydroxyindoleacetate	2.8712132679589946	4.145694906243728	4.417154150609493	4.067302608021267	4.00978206058255	4.27828015519003	3.210551054100618	3.7365293899451277	3.0933147434550268	4.71350165046721	5.276301255474413	4.629355590339626	5.240633996627553	3.9559348282392772	4.537177804880562	4.804567014944004	4.845514641045964	4.680655829186273	4.338492591650224	5.158095748745533	5.003985925109545	0.4113408999905701		-0.4113408999905701
AN005458|(5-L-Glutamyl)-L-glutamine	-0.6698800815975403	-0.013015269052818468	0.3373719379826383	0.12602756239709123	0.5285563277096443	0.4574594333577586	-0.15700928473841103	0.6564144354436721	-0.033110357229737986	0.36029531881988675	0.8056201789071764	-0.13514808155083813	0.8306037781657949	-0.16834479204858965	0.4550747926761396	-0.11722906073768868	-0.11880151296988117	-0.11468710981502994	-0.2911578248682325	0.503229775658145	0.483277516574919	0.254367244983289	-0.20321677934602178	-0.051150465637263665
AN005458|5-Oxoproline	-0.6836199374650498	0.09242175397534069	0.3126183849971369	-0.3006380669764681	0.13708052000469095	0.3638910007376346	-0.18369175150906614	0.8277284295167888	0.10058325666971868	-0.2608634983516396	0.2519930028668682	-0.4216923125310288	0.5485245689269327	-0.5583226428085979	0.07412656350712155	-0.6244951238253762	-0.5320988967677316	-0.6947066892488429	-1.0388398394242166	-0.1983098910623191	-0.401726729363439	0.2136205398665112	-0.05389256533317521	-0.15972797453333243
AN005458|5-Phospho-alpha-D-ribose 1-diphosphate	-1.5028066068226202	-0.17104055006450736	-0.22405124733598747	-1.0123718700155813	-0.5674883669122561	-0.1490763820152079	-0.3160270183758893	0.8449104082194143	-0.5968328356606012	-2.810353571311664	-2.7892059513518017	-2.5161616789752834	-0.5954273998984423	-1.8577890086186226	-1.7278502514162444	-3.2292844333184245	-3.3299670869611138	-2.7660975337758575	-3.858447642055257	-3.1416659300292498	-3.373120769918632	0.1735923426818431	-0.16173184592813428	-0.011860496753705263
AN005458|a-Linolenic acid (Octadecatrienoic acid)	-6.1887965158633325	-5.01675552482328	-5.377090971913306	-5.782281215205096	-5.291244143046658	-2.643016945523293	-3.4713745529047912	-1.6687229558882564	-2.400931366746171	-6.591570370571164	-6.420856639844265	-4.698606522930131	-4.744284096228753	-5.883708559131662	-4.333801003123622	-7.46281997565829	-6.831455143289572	-7.2192965224730195	-7.064333057827259	-6.150296705832087	-6.287649472523398	0.3508906005473733	-0.25838622228098984	-0.09250437826637636
AN005458|alpha-D-Glucosamine 1-phosphate	-0.07784407492204615	-0.10603793868952138	0.19249111189366985	-0.6763615280269377	0.12114170854375494	1.1850857327154838	-0.23784809919337135	1.2860219428337825	0.2165986678255969	0.3744463994276348	0.9287254787305823	-0.18906491722352037	1.4706281431235055	0.13965235667529896	0.7855087268627887	-0.9496763319205552	0.40145941591538126	-0.4596454809240864	-1.4320745699884938	0.25589578013991066	0.48236280121363073	-0.31072667936555476	-0.15911430062305065	0.46984097998860364
AN005458|Arachidonic acid (Eicosatetraenoic acid)	3.4764287725579006	4.072476047276526	4.011175628076542	1.8525559325487144	2.32949417072901	3.544220132465549	5.702700597486599	6.94217105280614	5.8580273767850795	1.739531486507488	1.6880302123536577	1.4333029031885793	2.563089605956808	1.4642233716041648	2.30173833250198	0.5873459536800087	0.9762869097591746	0.5278658519849238	0.7052191760383835	1.7000312450833572	1.4837065352915975	0.2742056037820326	-0.1519455427989076	-0.12226006098313036
AN005458|Bis-gamma-glutamylcystine	2.9994770154103563	3.451552669045956	-1.1405709615509245	1.0695877077000233	0.11461970534245935	-0.26870592621083134	0.1187531769438479	0.45597804983342627	-1.8262700292115248	3.533666151950367	-0.25971608894890963	-0.14650749964358667	1.953810210691529	0.6436514962923994	-1.2424686369719353	-1.4442259558783732	3.9851653916699306	2.7372898353784727	-0.5455402229320505	2.714563536612726	0.3272669288872585	-1.0159595850427792	1.191910688107665	-0.17595110306488948
AN005458|Butanoic/Butyric acid	1.3291365118554364	1.5111544839652264	2.1643797778422655	2.2687746032383327	2.272300414725615	2.2536180593407575	1.470655743503718	2.4471661855566094	1.0324669701379623	2.2332222221482407	2.976660052730784	2.4709718176894366	3.0175193870383072	1.485829342683898	2.1582426881612893	1.9280488441325279	2.30609348175299	2.5374037070661917	2.1809229805371846	2.9140415284063987	2.4142506037507356	1.2424924530695396	-0.07295482514406793	-1.1695376279254681
AN005458|Citrate	3.4510564836200643	0.2662642088862164	0.7502179088865155	0.18642060172870245	0.48875424481806107	0.7992880763493808	-0.275056508399274	0.7258095737126418	0.12732781450565156	3.619613420897217	1.121847515027035	0.11272970324110787	1.0117112161379112	0.3460173969791427	0.5899100805032234	0.02627902718811015	0.8246924072245143	-0.02631969145927826	-0.5405003112806313	0.7948982493891279	0.6193450550977921	-0.26293475351604556	0.11276957474937888	0.15016517876666668
AN005458|D-4--Phosphopantothenate	-0.4373445548235697	0.2664617994773284	0.2591065790523235	-0.04456915933629624	0.30962508156576796	0.6156301550094199	-0.2102247314039154	0.8850962354258929	0.10051194828680643	-0.17155443012770633	0.21407036110030297	-0.5414149364793452	0.8403716993670969	-1.0495000455824979	0.17605056749504655	-0.6722048877038258	-0.8181183611825542	-0.8066939039141072	-1.0447712139003897	-0.21622968376448526	-0.844034812042926	0.11560173236038906	-0.06622595831370859	-0.0493757740466787
AN005458|D-Arabitol	-1.8050793620960324	-0.2344483123294303	0.5243181565074835	-0.3204293162163321	0.22316604641466853	0.24107676759014396	-1.0043705218121772	1.1391006308777811	0.13467712051747682	-0.8030345426804146	0.6189428741888747	-0.08026567465664769	0.005818803053159627	-0.7022952612340632	0.15250892409003214	-0.48541933456853315	-0.5970204116773896	-0.4733477731976894	-1.0576679085575051	-1.1764315644573689	0.39302817139380863	0.5290533505176995	-0.5123730494554763	-0.01668030106222318
AN005458|dCMP	-0.20153036619029763	-0.2702722070061636	0.12680147563128408	-0.4914440235920168	0.3926187488762416	0.785900316978017	0.03971980754238302	0.4333722031991112	-0.48075117227304887	-0.600098757346295	0.21822646878426788	-0.8910029550869183	0.7534896254041943	0.017015848594539307	0.31601740585059623	-0.653408946886108	-0.7704233012271491	-0.6376111609709962	-1.9239616021932715	-0.487173983089658	-0.35455499234604027	-0.26961169681450237	0.010890335444390331	0.25872136137011026
AN005458|Decanoic acid (capric acid)	0.22729754463249208	0.47435659173270395	0.8373607820209834	0.28352945938692997	0.3244093270110433	0.6458182890164252	0.23080138764174407	1.0524990266868741	0.3563373028878729	0.5953208835980703	1.096869826548165	0.31518816115439563	1.2092471440641042	0.05273216864567942	0.6017664361181332	0.22614307014480062	0.6991387546302725	0.2877354913959209	-0.05147301468477394	0.7055936027729537	0.49833220056342853	0.3282226673817199	-0.2285187719685169	-0.09970389541319946
AN005458|Dehydroascorbate	-0.42933928843467406	0.17804984470070906	0.6226269267303355	-0.07950849730165999	0.1743085532302988	0.2512881560539384	-0.16837917056441576	0.762812534518913	0.11376072422145356	0.2712567863817714	0.5690039340750257	-0.19765661544043134	0.7402736369365126	-0.10519903959006704	0.6090347347849132	-0.3015112479233455	0.08758049459891915	-0.16520075115948174	-0.44971297364840446	0.39895185848731174	0.49469606786222187	0.21061524598292714	0.013634374987166353	-0.22424962097009882
AN005458|D-Glucose	-0.729055524018289	-0.35627948789505126	0.46511922055687904	-0.7954910809370119	0.04750146971191427	0.49435155989935353	-0.011668408119238194	0.8528927794660142	-0.1390903403596475	-0.68002543202185	-0.10841099134209387	-0.710450921647702	-0.2951500079585827	-0.5866861737893423	-0.6732623574278769	-0.703438556943663	-0.7997560014895342	-0.9067793427301503	-1.4783625336406807	-0.12542110838268883	-0.6459367260155808	0.37021101829237324	-0.16845014890084542	-0.20176086939153137
AN005458|D-Glyceraldehyde 3-phosphate/Glycerone phosphate	0.47419213464626253	1.2726841492268512	0.5145628496950394	0.8060553512644191	-0.41884102268237555	1.5733486419055538	0.40356280357359964	0.6852305151037861	0.7987598978170674	1.3628386780654829	0.6175814713372105	-0.7134101652640297	0.9538157602440656	-0.631820966918756	0.7430554050362161	1.0236549622657236	0.5089764610072223	0.34044272520376495	-1.3226434602071286	0.32098356359503555	0.7990110305128724	0.7837493937198481	-0.1261379516835035	-0.657611442036341
AN005458|Dihomo-gamma-linolenic acid ((8Z-11Z-14Z)-Icosatrienoic acid)	3.9560409335672553	4.9865874373380095	5.080073540498642	2.6198200540478034	3.1345092581507394	3.902059584967324	4.968470660164812	5.58666616198126	4.81676614519818	3.0130120574607435	3.4264037294064416	3.3681257355247425	3.8393502808303275	3.093296574453607	3.8074880913887963	2.521113109722039	2.8028439843824877	2.837662939736285	3.0115326817009933	3.835891212724521	3.834647775450989	-0.5909749846478114	0.45729039816561645	0.13368458648220027
AN005458|Dimethylglycine	-4.941211079105676	-4.026487522466667	-3.588267153618787	-3.6434485376281867	-3.564807053438784	-3.501516198240905	-4.883242959613295	-3.846410663907669	-4.265077066597666	-5.135292773047333	-5.075897070870726	-5.163514394200545	-3.2117231794717753	-4.150163253031197	-3.264440535313522	-4.85492607285078	-5.785225667273744	-5.4635803280491615	-5.019111018948397	-3.9805327934833397	-4.291459056027124	0.30212829859641843	-0.1689296454979079	-0.13319865309851409
AN005458|Diphosphate	-0.7502765820954913	0.06178647906589774	0.7641380948200318	-0.6515240787288281	0.5860664913038498	0.6180634823368649	-0.05419873183089763	0.289224115717321	0.10147621450442657	-2.343378586772234	0.4513691862088951	0.09173037062621425	0.7491202105167165	0.4667236752469428	0.352225173136155	-2.001002349744203	0.2907228031385394	-0.17710688415047215	0.03233963407558704	-0.06043821498219515	-0.31829802578205246	0.1684085479265498	-0.3071183188079871	0.13870977088143555
AN005458|Docosahexaenoic acid	6.9455074297883765	7.768072430672808	7.648072187875494	6.190277905249689	6.41101307398643	7.445834376390023	8.012914484631319	9.128267145396196	8.165510592608724	5.062580099531456	5.476673634246163	5.457235833319951	5.445577579942656	4.286592473971458	5.3637163489633775	2.787210572980296	3.3506190877469706	3.3117572831402757	2.6726383045052433	3.8754720904683477	3.329175824779858	0.8533589616231403	-0.7308040056301444	-0.12255495599299238
AN005458|Docosapentaenoic acid ((7Z-10Z-13Z-16Z-19Z)-Docosa-7-10-13-16-19-pentaenoic acid)	5.750194744857636	6.544910546129289	6.654359478772376	4.443179681596728	4.631690404277482	5.866181254003509	7.230159247599163	8.2275953598416	7.3138240040176665	2.90460569633159	3.4803743187899787	3.7416929020987357	3.7990318896590054	2.8145293861777834	3.913142451667561	1.6246235462988814	1.7802221171508563	1.3663542706519056	1.5280848922920587	1.9921387165024473	1.851635711745768	0.5661658750154075	0.07524888120132012	-0.6414147562167258
AN005458|Dodecanoic acid (lauric acid)	0.4075668934811496	0.8530044931018601	0.32849963883692723	0.41107347655750104	0.23370081667409437	0.7067259561624439	0.104355807068373	0.8898323346034545	0.008874896385158593	0.9768081477189057	0.6973553058354192	0.010004633582912703	0.9129916664691855	-0.030548750594427077	0.4128684511061742	-0.03032578624595672	1.385215244773903	0.5599870742334083	-0.058485494046259134	0.44260708347283995	1.0373541505326003	-0.01747916087815682	-0.08665909999029253	0.10413826086845646
AN005458|D-Ribose	-0.2587033993347987	-0.014703891443396344	0.5461321195114905	0.2725102816007059	0.4595475791743695	0.8070735018379516	-0.8426692527939554	0.5551355122121961	0.03815008140292875	-0.16152742712619883	0.6160752131619063	-0.598118028529667	0.4585850763850452	-0.2536409524925993	0.362991969514173	-0.7452535507959137	-0.773785401165167	-1.2533217320038563	-2.763572937830901	-0.6328984229575756	-0.09733113441363272	0.013592109838690192	-0.16318356036592263	0.149591450527236
AN005458|dTMP	-1.1063158221218075	-0.4431100591335255	0.3824957125297761	-1.3472074567397758	-0.18076875558742955	0.777716623991477	-0.9293392090809469	0.8192816855183214	-0.8891626626227112	-0.5712296724861403	0.9604815473046422	-1.0517611625596501	0.27989932334897105	0.329634641196046	0.41870530935601735	-1.0196056360932886	-0.016205775809149614	-0.5471779213334926	-1.2415924623206909	0.4542179287295678	0.19564787412781293	-0.0756963930493999	0.36091382277434825	-0.28521742972494835
AN005458|Eicosapentaenoic acid	-0.10576353327788013	0.9521530366239137	0.7781900103020636	0.9121520041159208	0.4385689870483205	0.9172017543574835	2.7752358520001135	4.264258821251577	3.3719939049942127	0.5432828192139265	0.7613236490820015	0.3977116659699824	0.9354692856403375	0.02710023814988638	0.47566634485927395	0.9525673808899082	0.7214393973996636	0.2947114174783927	-0.00892070787585908	0.5642366031159227	0.28753420302214394	0.36077349563558947	-0.01253484207560085	-0.34823865355998684
AN005458|Fumarate	-0.34885156990113586	-0.17511806895747029	0.30329140963378975	-0.16465952715095966	-0.30591230807665326	0.12455544026562038	-1.2193949049674746	-1.0182651179266031	-1.2622251356852399	1.1028314837271331	0.7530363966094029	-0.22752135542902252	1.6084438544446655	0.6266883819139295	0.8813829596731502	1.1703090594889787	1.4625326803108116	1.4155771595737825	0.8578990249224887	2.263030305082122	1.682502326519412	0.23374268543690846	-0.13409076839811718	-0.09965191703878773
AN005458|gamma-Glutamyl-gamma-aminobutyrate	8.329787028232039	8.927034526897865	9.124517634844976	8.745796606709272	9.24479685193789	9.040912805828798	7.914143079893565	8.715734552139283	8.012343593942022	9.697237495908636	10.048080965777759	9.282592853501173	10.187183064248606	9.23853987681582	9.51870847009645	9.124050862071956	9.48253175433796	9.092729954750402	8.721487319751743	9.538319799445032	9.40656471571308	1.252684593389299	0.8653285832738007	-2.1180131766631014
AN005458|gamma-L-Glutamyl-D-alanine	-2.9132791176635813	-2.3355486567724952	-2.1550223039255307	-1.4893061447620326	-1.1246338557228484	-0.603699670539168	-1.3506602404609787	-0.2640539242588744	-1.0867007867477554	-1.1430337825111145	-0.7982799438321528	-1.3819128818689954	0.27165244717214065	-0.9920554089889855	-0.21639484897441363	-1.8119579470726208	-1.7448055020512747	-1.748231339107278	-3.2713163534827245	-2.40422740021938	-2.4231205888199945	0.27084642463094966	-0.23239979896093388	-0.03844662567001578
AN005458|gamma-L-Glutamyl-L-cysteine	-0.3550099522462169	-0.20777097956769097	-0.6229881061100375	-0.9469764834496459	0.26096167907992296	0.20619240898622238	-0.9172732414116602	0.8987824789710999	-0.2118405182395513	0.030684861922662066	-0.6261827422238966	-0.7585506146450829	1.051013739737023	0.044401939617507935	0.4071687613689896	-2.12699895540465	-0.2765013022330791	-0.4553134735209561	-1.3140798430033502	0.0828829100513282	-2.1613353616867563	0.2912035768605392	-0.42870482408955723	0.13750124722901802
AN005458|Glutathione	-0.8520887508105446	-0.32531117588273517	-0.012860295589533166	-0.5620505828404276	0.30074656496064023	0.5534099497797449	-0.7913508583112652	0.36376805929060296	-0.3006576935909564	-0.4635079545301046	-0.03209436902121254	-0.7914236622352071	0.3488212504992809	-0.6323108535833377	-0.06455871710181427	-0.9341244371324073	-0.5248014401266268	-0.8117163026278611	-1.38755543461739	-0.05106523575394917	-0.8046819150864195	0.24647189699516758	-0.09759525543078951	-0.14887664156437452
AN005458|Glycerol 3-phosphate	1.064640336600391	1.4934406924055192	1.1070047138739643	1.2188076316510958	2.6091711717645207	0.5922433473985347	0.11835538576202254	0.836940815016046	-0.18571251941199485	3.194748155654141	1.3244639725370444	1.8982421918943917	0.7991384469597502	-0.49208518230210707	0.7995016685165233	0.3804086372160196	2.312302025509256	0.7405810861617645	-0.6066778482356625	2.5652668753195353	0.045633587985603796	0.2942936119693762	0.276542029123263	-0.5708356410926392
AN005458|Guanidinoacetate	-0.4227147481418392	0.48755971819887733	0.3502480510229127	0.04347066154640444	0.22033290232248604	0.34011511833562125	-0.07899796308138107	0.7942292385059915	-0.0026968012669463803	-0.0893898819441965	0.14603631687910124	-0.3442902528911027	0.7484171105861321	-0.2033862135698392	0.139844582020487	-0.7478106695478957	-0.6143299825284849	-0.8241014030995402	-1.0854527866489398	-0.28908262187638556	-0.37227691266554075	0.2240450170887165	-0.28538061004695336	0.06133559295823332
AN005458|Guanosine	1.8742089721774562	2.9074980886468644	2.916664185103908	2.7280996964033175	3.112726942834051	3.758570623134581	3.4183176331725385	-0.20563546219128703	2.0016041645244123	2.9610692348534275	4.604140287150788	2.144861442221769	2.7581516451483665	2.0716067888941048	3.856724124268286	2.0791067586038032	0.6883953741592634	2.2178322871002045	1.979298459172334	0.9745970495333456	2.6181213387983107	-0.14407538592353042	0.14407538592352864	
AN005458|Heptanoic acid	1.026810583337042	0.3448013871245408	0.6711269045996175	0.652010705152513	0.5510507133722058	0.858520174241086	0.24746324026738264	1.132901398218376	0.1797598190887406	1.3717294276723955	1.2964849185659233	0.7057833162210336	1.344492222141561	0.1911363961589032	0.7799825022203173	0.8737054902289003	1.73347604468837	0.7113207840376852	0.171182638322815	1.0834508691423395	0.982486739265287	0.18758136241643086	0.21415499337708255	-0.4017363557935134
AN005458|Hexadecanoic acid (palmitic acid)	0.37704454300837753	0.20946081934776828	0.4388044900898045	0.5958618064430716	0.31438142821512827	0.44180380650069395	0.48891790621168596	0.5839741964313951	0.4008535649560727	0.391929495069018	0.3581656966153659	0.41559840661325254	0.3092103644523938	0.5022641683873381	0.2889329373946872	0.3231615582858929	0.1510977701423819	0.21320091607660174	0.2954310623607448	0.07194780245232835	0.3847332823252181	-0.08409037758006122	-0.04698548424008919	0.1310758618201504
AN005458|Hexadecenoic acid (Palmitoleic acid)	1.4902926241587195	0.27172030892697663	0.3469839630719349	1.1874630342774957	0.22009855959683122	0.5271649240484138	0.7959826837177815	0.8073568557480719	0.025877333459593643	-0.09161630323666614	0.6362762924774685	0.09010758787928452	1.1179673779286965	0.5767621113720978	0.7088070217074289	-0.15378155247022818	0.000996182786565214	0.22197782034728775	0.010824318409429878	0.4879831492812947	0.7315533496420734	-0.24075119474149886	0.32343859210348214	-0.08268739736198327
AN005458|Hexanoic acid (caproate)	0.9579648424865006	0.8216055924105241	1.0484878425452777	1.1756204875001792	0.9252552120923241	1.2102859635268608	0.4451611404624636	1.2847095491029847	0.31599250958294434	1.835800685025923	1.798725256219143	1.105555816610007	2.0831908687039764	0.9208594696196037	1.4507611586546183	1.5525314366178975	2.0175678452949306	1.4593541358304307	1.2563125815199143	1.9828282911958084	1.9481395100618109	0.834102470278328	-0.0985492241131638	-0.7355532461651642
AN005458|Hydroxyindole-acetylglycine	-2.0262796973882775	-0.5812696551289456	-0.03679100210115749	-1.0039882856417872	-0.15201005224013997	0.366517496258183	-0.8654972913306018	0.08737980708934145	0.2694247236503884	-1.6231190091550864	0.13553798626778502	-0.3993190245428231	0.34488044647514116	-2.4059535294276486	-0.8605511929883392	-1.5837460232738234	-0.8705565087017675	-1.7119312621530778	-1.4287072076256866	-0.6920982661827431	-0.9840106883962392	0.5083293292315183	-0.1895796167715318	-0.31874971245999006
AN005458|Indolepyruvate	-0.7822919157630324	-0.05666266427773792	0.2109253464175147	-0.35362020281639417	-0.08350340420283331	0.2762929897354489	-0.1536960803693077	0.6083395725858516	-0.22854307226338832	-0.4666522773258919	-0.05904414156855253	-0.7221238141139743	0.5807334236030215	-0.5450035109001092	0.003054973292233143	-0.972309478298321	-0.6593073147065667	-0.7296936952322426	-1.306846371088895	-0.5052631628878963	-0.5586915739119327	0.2217674312210285	-0.13278447645692992	-0.08898295476409857
AN005458|Inosine	-2.4021756292090313	-1.5945276584863315	-0.8106252986608453	-2.337060864364169	-0.7725198319069477	-1.2794852631243234	-0.1415726166327147	0.17745481459982493	-0.4170872576790501	-1.8198122999340516	-0.8181631249760581	-2.0572009696234357	-0.40608316537309186	-1.5369061891439895	-0.2661166933039496	-2.116925444394596	-2.7409264103623965	-2.12400129002118	-2.966724698806104	-1.031414092851854	-1.3385152132302363	0.6030385152839326	-0.25633496214534546	-0.34670355313858003
AN005458|Lactate	5.428927225304182	6.060546033154843	6.385416646962163	5.69227019024272	6.191505929631415	6.289455850464446	5.210758097655091	6.029918440857518	5.418731625087098	6.814674019586562	7.204380506199385	6.604269052585348	7.065438617280208	6.265358197640378	6.5478577645978575	6.737858594073291	6.909799596943383	6.8364997302028385	6.485311933210362	7.247009337106217	7.092496681648836	0.4367289133234138	-0.11787094268023779	-0.31885797064317956
AN005458|L-cystine	-0.47013337104764474	0.594556149200546	0.4840691758775222	0.16328159004056886	0.5870088742852317	0.8097431729509807	0.16515132328251525	1.0150489319398304	0.2334817640449316	-2.1570247287160775	-1.78429586867205	-2.885943305996932	-3.4264211493108334	-5.226927008573142	-3.5622909727828507	-10.079697232556786	-9.63128944758819	-9.769058994144148	-8.034124042777934	-9.459432099694048	-9.524171078549436	0.3519980022906104	-0.12397078816274743	-0.22802721412786298
AN005458|Linoleic acid ((9Z,12Z)-Octadecadienoic acid)	-3.4784925824346757	-3.03159633385825	-3.4864158488399255	-3.743085390425634	-3.204602525332909	-2.2269988640627965	-2.455344701821435	-1.5237584105935014	-2.062272989560846	-3.4833526112255377	-3.9661797489091093	-3.077892893639305	-3.2200148187033513	-3.5123600197568123	-3.157001948431585	-3.56176097772261	-3.504526312273761	-3.3279985230303737	-3.0197329318670327	-3.505918073608683	-3.5739709142035956	0.22594335513298347	-0.21924917538007094	-0.006694179752916085
AN005458|Malate	3.845210573120042	4.143274277317033	4.550457368680018	4.1048530204087506	4.169772603325853	4.422770082344524	2.939000467752553	3.7569021399894993	2.8799445365000693	5.4600833134202205	4.923420090454485	4.486664615102843	6.0009952539646605	4.93496065173057	5.503012060882508	5.533562327404596	6.059137572413189	5.729952502048967	5.286739569624885	6.373670770777828	6.229592384061004	0.054735266679607264	-0.22376164609557492	0.16902637941596588
AN005458|Mannitol	-0.4827578715719909	0.2584338795741985	0.1213957089627975	-0.09769604631003048	0.23410427876511264	0.4842771957339629	-0.13250669250968272	0.6885703165229593	-0.018504313690364427	0.050975550803553205	0.2816889617979541	-0.23808849228397122	0.8577212430781387	-0.3332417629568205	0.17273501033851346	-0.6002992999569834	-0.20837505886394325	-0.25589719963064894	-0.9552263017675244	-0.10716941887847753	-0.22698969467118246	0.293351411238266	-0.23060317248758366	-0.06274823875067526
AN005458|Mercaptopyruvate	-1.3040947305226638	-0.012252765425635914	-1.1741005829990385	-1.1089096316878404	-0.6509702014769143	-0.6880790750191199	-0.5116514402479098	0.515615483290059	-0.3838230948078216	-2.985222552007185	-2.2928241463118457	-1.6596333490464215	-0.8554549855057925	-1.439563732353216	-0.6869392415229907	-2.6018290449412014	-1.9399899430932592	-3.9391398443444583	-3.379113303924859	-1.688465383040418	-3.5459263696363603	0.20431728118249382	-0.27046069565605	0.06614341447355443
AN005458|N-Acetyl-L-citrulline	-10.342141142938189	-10.285824861962652	-9.64724707722732	-8.126373719250097	-7.3858151656484345	-6.17577476373669	-5.865289739365863	-4.9647269206892695	-6.3387697869580855	-4.065470723829122	-3.3304480371021334	-3.7193062326519915	-2.075143310060671	-2.9849236565703556	-2.133883345760651	-5.040231158727568	-4.999935271246926	-5.423106638416915	-8.599199732840788	-9.024873613365028	-8.817692077846392	0.2761529651081496	-0.11185551329936416	-0.1642974518087783
AN005458|N-Acetylneuraminate																								
AN005458|N-Acetylornithine	-3.3332149879716884	-2.385628549236211	-2.8206262530456154	-1.6731965215214526	-1.2211942054993141	-0.9733959189847585	-1.7916738347771304	-0.3566117198456169	-1.29704491791286	-1.786378727963882	-1.4375349475938712	-1.113564574028569	0.3905202295370227	-0.7877554479247859	-0.23902244829030828	-2.0255116053226185	-2.1329078068657914	-1.410090271480394	-3.59440294739645	-2.7051909272612296	-2.681515252615293	0.13903829320869754	-0.06350776274208236	-0.07553053046661695
AN005458|N-formyl kynurenine	-0.8388081528366023	0.6390753443953656	-0.3138991398445867	-0.19416024164192436	0.005480986578923819	0.3908957315866992	-0.4897907843551117	0.22232568318035817	0.12287385973217013	0.0992773229203543	0.018935098596280397	-0.602988962368805	0.36925383823215796	-0.2647979297035299	-0.03865064639591509	-0.6530546445261507	-0.3450863147368146	-0.19006198768022387	-1.1952392371406155	-0.528276054253098	-0.6289364121369729	0.18002040703006728	-0.033636751283758315	-0.1463836557463054
AN005458|Nonanoic acid (pelargonic acid)	0.8714195468648569	0.5448348709338156	0.6136514001390161	0.2140263385690595	0.26657953314757776	0.5221528762576249	0.41916779582059505	1.002259969696638	-0.16833242662902492	0.6757932225665151	0.7840540730064838	0.4235091800141966	0.9408608385815072	0.042143477980204125	0.654582702287211	-0.051213420982637814	1.201288903395902	0.2425493247528685	-0.2568518593413245	0.8470226919670587	0.3920662277427347	0.5410677618256052	-0.11136093478403808	-0.4297068270415636
AN005458|N-Succinyl-L-glutamate 5-semialdehyde	7.911078197294296	8.344977471792829	8.583444974534311	8.272518633299507	8.782572575588064	8.454148160835855	6.671053657544315	7.519008177011779	7.069419049165388	10.136237329371268	10.328010044386138	9.746615496897759	9.692855359621854	8.532446794070603	9.050640983809513	8.35512521146959	8.764529199335003	8.523554113580426	8.48362859911087	9.007897694976846	8.981728772277537	0.2904528230878167	-0.3099999438834651	0.019547120795648354
AN005458|Octadecanoic acid (stearic acid)	0.5061561685559504	0.3796119093780561	0.22550577465742094	0.38580597123901583	0.36436443215140457	0.23167032733444515	0.45359046466252906	-0.08843957942821845	0.44028756714183714	0.2011511501371075	0.02902791965426843	0.31792936714618847	-0.16165127603365192	0.3473434156028574	0.19274402894572518	0.40336468488995436	0.345787414117833	0.4035118686131973	0.5146751222960155	0.3075005265225137	0.3014556696553399	-0.1953550231054315	0.09646936507381909	0.09888565803162308
AN005458|Octadecenoic acid (Oleic acid)	0.6548507842503355	1.360826495906526	0.8080696774572544	0.6322119461337934	1.014402136730908	0.6949360742987949	1.3515638115595863	0.25255671701170357	1.116127701548642	0.8820592413785278	0.34556801725295117	0.9341377474713113	0.7889122576661123	0.9169634452710866	0.5295166959771613	0.9639086732585831	0.764923835909439	1.1791201613611726	1.4438014288757195	1.0538711078685097	1.1138033005281933	-0.750565990584974	0.3298696141509616	0.420696376434023
AN005458|Octanoic acid (caprylic acid)	0.132606711672544	0.9765437175045548	2.0455939259010414	0.5649627109284978	1.0751886845029652	1.197026197914635	0.20349146640477755	2.9296248994707206	0.4795618211002264	0.8768065573858728	1.2580847295890862	0.8905530547790725	1.401743933889474	0.449984265061083	0.6555100373695204	0.42320338696269744	0.959660184864223	0.8919702043378308	0.14422942942238137	0.6594090138935407	0.18411436164897665	0.12396484895146287	0.24970332968594278	-0.3736681786374092
AN005458|Pentanoate (valerate)	0.009854026358130596	0.9026297575364612	1.2847694252932715	0.7402992024350237	0.6002880581024517	1.1156583143542331	0.44665549754608413	1.666967019434379	0.5217459175339787	1.6205040248648093	2.206780651815043	1.399320962353988	1.929291330223334	0.529188759640574	1.1003438701209465	1.6013749462070113	1.8446167412313113	1.5400951404588223	0.991466506482249	1.5342575590945255	1.457618000231415	0.6637165197435042	-0.46212945809832817	-0.2015870616451707
AN005458|Phosphoserine	0.06519678563528863	0.7032299746600597	0.9409327215221346	-0.005394543753279635	0.3171088822133292	0.3807240818455906	0.229090301520408	-0.023535260302621097	0.479618926762333	0.5497493000097258	0.49662392641723585	0.22254803353444963	0.21803881725550944	0.5188560267393125	1.0000946104439237	0.1699691436600297	0.3388153131825504	0.1694663058348116	0.511239459172991	0.5316271261678267	0.4401695563422745	0.09020601180722743	0.07472013704446567	-0.16492614885169132
AN005458|Pyridoxal	-0.31722983029850127	0.33809215877507626	0.5054222669254287	0.0002941531184426083	0.39587781820315016	0.5692338448703111	-0.2365112608214872	0.7137510358123862	-0.09733800490954891	1.1296950525870884	1.628378468148025	1.0938527310045743	1.4657181173117202	0.4307239799060554	1.012453921674041	0.9821864155442164	1.1870144844696853	1.018969799857171	0.6817038867328193	1.3166572413748199	1.2575194273833894	0.3691347123454811	-0.19421679030223515	-0.17491792204324597
AN005458|Pyruvate	-3.025802384479473	-2.5132678388971676	-2.2862116656008347	-2.8628584369583834	-2.6152902919832357	-2.8358090405402905	-2.832317600992514	-1.9975890837133257	-2.5623124679965805	-2.902457198528545	-2.7704601253446093	-3.268871306952125	-1.9992840374181498	-2.796688067989802	-2.3757060254150844	-3.466176754362742	-3.213274803861193	-3.3631891468561967	-3.5433094494051005	-2.684281441758756	-2.7499876356055566	0.2084297448879262	-0.10351137074521333	-0.10491837414271998
AN005458|Sedoheptulose 1-phosphate	2.5955007669176258	4.155641360912641	3.895480252033705	3.513317336016236	3.6246642578625448	4.077955099210742	3.6901315973787767	5.029958862373183	4.35089230382461	-0.41075177103410354	1.32452281713147	-0.4235013040822295	2.178798474301546	2.269905523525061	0.8885341717256328	-1.1227183965411385	-1.1883380843528393	-1.686632263478348	-1.739308479883844	0.023798089309510218	-1.1291038726524114	0.7564949267138683	-0.903074977468254	0.1465800507543804
AN005458|S-Glutathionyl-L-cysteine	1.2954360782022434	1.6623927388878883	1.7932131308411812	1.5123522391668445	2.1866411658418237	2.1933309075693543	0.3820149575388001	1.587509667523598	0.6645790431818277	1.8548244281014021	1.5664736461547477	0.9002583316519441	1.0851156517072837	-0.20994879619400564	1.2098846944352601	-1.65548745654535	-1.2260311076579882	-1.2176051995663233	-3.040546836439546	-0.6398487421746815	-1.3480054377575268	-0.009542212404056727	0.14381799101521864	-0.13427577861116546
AN005458|Succinate	2.740463804316029	2.8590874944387945	2.8182133996668846	3.28958692830186	2.838314133597155	3.1697691586190864	1.9725642899176972	1.8396941506067144	1.6364493975109102	3.5059134152566127	3.454306139959522	2.9938652824879988	4.2011886127722935	3.0824397538592905	3.6276258830493067	4.482261657417828	4.652728880654381	4.622662258525503	3.9766197013116713	4.879360546282252	4.7692777926737815	-0.07181346878165229	-0.15649856347004842	0.22831203225170604
AN005458|Tetradecanoic acid (myristic acid)	1.4265608115804405	-0.007019336387102726	0.02619408171170079	0.916714814488035	-0.11857878016606804	0.23925742436633257	0.310632623883226	0.6548551922891974	-0.42542329711253046	-0.11087367850331731	0.2510605357198834	-0.2759150589964321	0.4771950941703125	0.0021728643771936618	0.05453259064582738	-0.051111854424831904	0.07397449863914574	-0.22217076512211875	-0.3230578089017726	-0.08052790776270058	0.043518463114132544	-0.32027353643771406	0.4062418706651201	-0.08596833422740602
AN005458|Tetradecenoic acid (myristoleic acid)	0.813637679737953	0.9684470374216776	0.6660919091819348	0.9673189012431376	0.9891841836230437	1.1811218111722344	0.9395449118111916	1.535096550363269	0.5257746047744867	0.3552577851905525	0.894550567328265	0.3634655766691708	2.6065047314481884	1.2266616108989314	2.0227167058879463	-0.02627006586955538	0.44674212349744913	0.9671990795627874	0.9059656693021285	1.6916510627627819	1.5298662611315716	0.0277134229876026	-0.0820571377926047	0.05434371480500566
AN005458|Thiocysteine	5.461163831120286	6.189063279261786	6.523079174187098	6.189348571036701	6.3959045453026615	6.507961381641097	5.202782143167829	5.8823175208531975	5.100091405680798	7.255868457015085	7.486236483052872	7.046333992931883	7.671333025032412	6.670083349992405	7.108748870568606	7.08477647900005	7.018730180051486	6.934118783707325	6.575045646275344	7.337123821387072	7.1015778884170775	0.3957540049135826	-0.23358541540494393	-0.1621685895086422
AN005458|Thiosulfate	0.154846871956563	1.0562302031300206	1.1039263598381872	1.1831436941285762	0.8465350443065933	1.1270712897460324	0.651024154571628	1.15105522389017	0.00528113958869092	1.1248445747689466	2.385131377380226	1.6200765197062559	2.559340736068224	1.552130056488899	2.414140825703443	1.5628117429970434	1.560990997397413	1.2314416417414673	1.03900355326887	2.1869721686269	1.6734106446031518	0.3294267547368612	-0.42399438573261605	0.0945676309957566
AN005458|Thymine	0.3446222257671554	0.9622826393708177	0.9527173333606935	0.7976278368445175	1.3841432706690409	1.2850386978031256	0.6199605561730035	1.9982173452622956	1.0273269305680213	1.1158390829187734	1.6960527221354074	1.005701729575689	1.2431389138082434	0.6658903195440526	1.1132533396243556	-0.29364925490586735	-0.060323337042850866	-0.3538900605935851	-0.12850432769730347	0.41886837226901186	0.12581010767815748	0.10466419187310372	0.2852892807055287	-0.389953472578636
AN005458|trans-4-Hydroxy-L-proline	3.2771907893036296	4.401680469284132	4.5588167845939385	3.802753722725912	4.470336405158838	4.412690040464971	2.798886890347621	3.760503024589605	3.1145056383684953	4.63368834498924	4.9167711761451525	4.10307601878924	5.055556871689523	3.702878894724039	4.423747082609582	4.428284032016171	4.8476851064876225	4.9742903377835805	4.343130456509096	5.13230121251471	5.1417959863298055	-0.3688553493912714	0.1782887978288752	0.19056655156239444
AN005458|UDP	-0.7938048932007487	0.3991955073788027	0.4785221534542643	-0.33967954793935107	-0.207214274331319	0.6451159780372819	-0.015319014933481867	1.2226847862579078	0.3887978256985356	0.14505998198155368	0.9720941707099371	0.09280008241988824	1.016371715429763	-0.3880620556552987	0.7051963625587696	-0.34086328208118566	-0.10185815844748447	-0.5565510796374102	-0.6584502495051865	0.10570030811460285	-0.05041088762311574	0.5192539569366197	-0.4559519093177915	-0.06330204761882641
AN005458|Xanthine	6.080134650669612	6.9104149838716875	6.938781199633221	5.667795856940719	6.032646211406783	6.603039424602221	4.678765381864462	5.090014725869926	5.077775600031876	6.837030802661362	6.5664676564781335	6.106275678935665	6.842107808815642	5.3796791765999075	5.941336056865799	5.963608544880481	7.096858585427855	6.380801752843071	6.190320878603233	6.946711723666615	6.999465904995175	0.5138326501925956	-0.5428175283337708	0.02898487814118056
AN005459|3-Methyldioxyindole	0.011908999664655084	0.1270125024787916	0.23977915738231914	-0.1830224471395674	0.2433027027019854	-0.3566601300333936	-0.19771489332018533	-0.16522320576772742	-0.8541200879657893	-0.31705809097550386	-0.3774098287298351	-0.37779163606683497	-0.039376424496637696	0.18784967296159394	0.0966374013993061	-0.21439224030805093	-0.4249680559024043	-0.2105071137022989	-0.5007847724892684	-0.011590495168125159	-0.2251014213087288	-0.028326945592777264	-0.16673207571812654	0.19505902131090025
AN005459|4-Pyridoxate	-9.19766239102835	-10.589337269239081	-9.591767785619579	-7.955841765161459	-6.525842521812766	-7.442798439844198	-5.132540015210417	-6.054884819319806	-7.4870531713928905	-3.527990037061329	-2.465620613190989	-2.369083180278704	-2.5715426489703646	-2.2578594794551385	-1.3585556315647622	-4.114100024953213	-4.688158236046313	-3.847227663380977	-8.530968034929913		-8.947638902238157	0.8690964455288039	-0.42474791516738364	-0.4443485303614203
AN005459|5-Hydroxyisourate	4.390677476186919	3.8065949997474284	4.117186306924339	4.106659960225699	4.315633652140459	4.401417212297972	3.8965863551456756	4.070729487262653	4.125657113347344	3.523708226144908	4.229358219461606	4.170950032603642	3.6918102424745705	3.6064781035759026	4.021895190241924	3.679385212060396	3.5742637732377425	3.5291842751029066	3.973647171536978	3.5782313358691447	3.9977043020792316	1.2611391597879589	-1.0937740438638208	-0.16736511592413272
AN005459|5-L-Glutamyl-taurine	0.8909581565843077	-0.22658387131140323	1.1947007769482703	-0.10204830478067706	1.4299383322423402	0.9749787012795093	1.3872345359811824	1.1880216776667627	1.871866535688719	-0.009890143148396646	1.3440035020499614	1.808695187068361	-0.46690628158946446	0.5593347307178966	1.054541171423816	1.1261092008150673	-1.0021760646343978	0.8373739069428243	1.071607519018567	1.556269208019204	-0.11177648923128913	0.06354325313295561	-0.9672940588058179	0.9037508056728552
AN005459|5-Phosphoribosylamine	-0.02431013737733423	0.043352723575171837	0.4484662072915917	0.4480585930599741	-0.07016701599321884	-0.8848566060080358	-0.15773852681158118	0.2646636861145808	0.6665068776556602	0.04534360906886192	0.5698218075897152	0.46361762352377767	0.34307543664104934	-0.42757435466018023	0.3927521619340695	1.2474321707954399	0.5464020088142654	0.3251718346452943	0.6506658699138157	0.5643579286927736	0.6887495724799937	-0.35819896581418575	0.009197429199266693	0.3490015366149173
AN005459|acetyl-carnitine (acyl-C2)	7.8597352010622235	6.954804637960299	7.049063882838519	6.337873488048563	5.885350980174456	6.923037745135845	4.299461815945643	5.149439078888159	5.82517497529305	8.735942364233226	8.291499728965865	8.336863538289817	9.264754023512834	8.81102982319002	8.534986534517197	10.440558426853455	10.312724505738052	9.702489657691379	10.388520229304985	9.387604712640469	10.22995307821533		1.0623844978011938	-1.0623844978011938
AN005459|Acetylcholine	0.028056157573381313	0.10424859385170038	0.5253444112928207	-0.24324797811764753	0.7104168387696532	0.012128859744802156	-0.4823697838324925	-0.3120278924912121	-0.27125327902604823	-0.24575574880085682	0.2319588898535372	0.024395834567076946	0.08073695784834456	0.39682143950477666	0.38791349369270023	0.7923502233433268	0.7262727724600282	0.5255304524969695	0.5264100713436761	0.6389321715299872	0.4247905783424777	0.3498993139243787	-0.09206487198231983	-0.2578344419420624
AN005459|Allantoate	1.1942570521801628	1.3236867565192583	1.3897159627109055	2.3746822416691877	1.7614641867595147	1.8987704784168535	0.5578362468269837	0.5925123457449857	1.0403652525431504	2.5777921946086693	2.0285901257318457	2.2487509520113207	3.229530101363647	3.043538450548514	2.6965581553992166	4.050501744781851	3.9023219187203004	3.7288621568816573	3.794188551400474	3.312020020439057	3.725355454789039	-0.31053356261519127	-0.1012798474442711	0.4118134100594659
AN005459|Ascorbate	1.3426006526915053	-0.39393474360002045	0.5544768284451038	0.7417589752814671	0.06453729028086386	0.04450504178300463	0.3077469063442777	0.3415265814113084	-1.4317252536990352	-0.19333343709407558	0.314402407694935	0.04210617282824103	-0.5322454537738821	0.02472187924152891	0.5065076249678668	0.6327236645612437	0.6452852317834363	0.1563681986412888	0.7283257706232398	-0.17471348957419508	0.8156943285136222	-0.04109872824949434	0.6712712806380665	-0.6301725523885757
AN005459|butanoyl-l-carnitine (acyl-C4)	6.315131313121791	6.355452121505353	6.721423724809062	5.8211558097134475	5.993553764087094	5.563702229130486	5.101150253453502	4.815854686149946	4.531757996487608	7.989110139332196	7.638500599065376	7.840121856559255	6.9970747548313295	6.981061842131139	6.711797069350363	7.230025336416665	7.40235475635742	7.611030083540994	6.9188451158205115	7.137899547543119	6.587709716532951		-0.4929748009539061	0.4929748009539061
AN005459|Choline	-0.3657463024644585	-0.8532990308909874	-0.12415308527276636	0.06151492014809534	-0.6382544464018451	0.29334346715719306	0.4183860475092338	0.5822539053815667	0.8382759388053742	-1.1207574584864233	-0.6973985858403964	-0.3480125144548616	-0.08997984807576742	-0.5815334688175327	-0.6389063756693254	-4.334668198988322	-3.904698439371195	-4.127936567144992	-1.3679346299824289	-1.7022992269082664	-1.142848741045114	-0.1395001268638616	-0.11515147666196768	0.2546516035258257
AN005459|Cytidine	-0.3472452953848375	-0.43714263701138734	-0.027578610617549515	-0.24891508978129195	0.018346034628368812	-0.3840385730278264	-0.08343277627187717	-0.023107452845565035	-0.001277685606456913	-0.4060568148233692	0.20718520285353392	0.11610678647560135	-0.05773332585975055	-0.24049406717146837	0.1538614520622943	0.11408853627784055	0.18068211041357074	0.3213859737433289	0.6364316454033521	0.374873177776621	0.437546892690456	0.1357618024868259	-0.2172172046651859	0.08145540217836356
AN005459|dAMP	4.60495575732698	4.054000749498673	4.298426026886819	4.408974075445503	4.237446592342565	4.2230667762273235	4.161123369845811	4.205317260817186	3.88275176067253	4.068193109673302	4.783799615451027	4.579145242546264	3.826161527847276	3.7006420490330676	3.904029816213118	3.9398076401385005	3.9847767033958768	3.935818232648412	3.9602226208223357	4.143738190138862	4.406625511853438	0.0		
AN005459|D-Glucosamine																								
AN005459|D-Glucose 6-phosphate	3.4323713961514724	2.2266008353820173	1.2360089109528403	3.9523180507485662	3.206049139209169	2.2567063570203647	2.6557633349455525	3.002062838412602	1.7864635240886582	2.9053520339407086	3.3391155688716854	3.0616661063255624	3.7963719358660537	3.759379138039325	3.016632245312552	3.8094513660044598	3.2388378914164626	1.575315535857591	2.935801926369102	3.644343811731856	3.7073093481069286		0.0	
AN005459|gamma-Glutamyl-Se-methylselenocysteine	1.352608098779715	1.2560532447139856	1.3503293284150644	2.2827263689743695	1.606751837211437	1.7090418854831633	0.42044098623511417	0.4721008579595889	0.6934165953695448	2.3649405236193033	2.2625143585438074	2.298686124517193	3.139387609234877	3.030832939867654	2.7650722022236174	3.8434145339358743	3.8998353887923507	3.863177364997167	3.715227293897989	3.32824065038988	3.640635238225272	-0.1300762913815241	-0.33445139706333293	0.46452768844485703
AN005459|g-Oxalo-crotonate	-0.37085925483526694	-0.5608172009954586	-0.4451301306490336	-0.6541059805095806	-0.9238748496917601	-0.5903265968955829	0.26563026485950303	0.4436931373140922	-0.0528373609881676	-2.6575747067756197	-3.0303323393508226	-2.845430538854494	-4.431842285973586	-4.436445625534276	-4.335439982504807	-6.027107021503017			-7.392532379445891			-0.08821612765564524	-0.1534354027229483	0.24165153037860065
AN005459|Hypoxanthine	-0.3398642859693446	-1.4725736935913503	-0.7976670085395803	-0.6579168502420707	-0.7462305516606271	-0.6577038465417928	-0.016764336368012778	0.12669563095098368	-1.2424249829882257	-1.884464612295794	-2.3511052761483207	-2.401643868119141	-2.754656491126628	-3.0348857991285882	-2.857845752406991	-3.557526865739625	-3.9622044114855868	-3.3639314471437913	-3.197685739319656	-3.083953123431698	-3.194606913493054	-0.079879135209044	-0.43017484252618843	0.510053977735236
AN005459|Indole	0.1631115182689129	0.28216071366908224	0.3773293924621086	-0.29781995244688275	0.18904665956980082	-0.4367945262108073	-0.2534697084227773	-0.25295849192276165	-0.9534976090440317	-0.5092563998494626	-0.183828050510769	-0.2536441959677376	-0.21524382740230763	0.27116302220493793	0.24662452160873727	-0.32016459962159516	-0.5854738094133545	0.03190364617585573	-0.5760471718615996	0.24291569114158307	-0.3068135899521671	0.1261144008746271	-0.259687659725266	0.13357325885063887
AN005459|Indole-3-acetaldehyde	-0.008049364108664747	0.09541020399351297	0.9202061606666803	0.9449317591544535	0.015102728375744334	1.0067127496365416	-0.21030779636371122	0.5946154651882551	-0.8591260169018575	0.2715308858854648	-0.28331256057103715	-0.4258293155545765	0.8070994145352302	0.14988556876711812	0.4911758377306228	0.3631715794474033	-0.40903941703173174	0.48298676378571415	0.8184449779274097	0.0816674287712651	1.2105126500338699	-0.01589728162010573	-0.12733894177621963	0.1432362233963289
AN005459|Indole-3-acetate	0.7536176369253553	0.7975565815445016	1.7610444867802748	0.36435657615308514	2.4430146870370386	1.2227388410896438	-2.1974767173609795	-2.136654909532501	-2.3368383865402436	0.7368369078395887	3.248403927253598	2.670998606959042	2.3769938271873343	2.406188130356636	2.806948926935089	0.25294242766420894	-1.8311623410489446	-0.9548707487672239	1.1475167641175332	1.0840685354546906	1.1717525725568194	-0.09643169405846308	-0.2681126515396812	0.3645443455981372
AN005459|Indoxyl	0.025405941877970406	0.15459335975583244	-0.20548917055374005	0.5868943203228625	-0.3731507346683536	0.2694354031141657	0.03790139792175751	0.06806425290795559	-0.06927616665748104	0.6580897799217951	-0.03921834365428012	0.36511619322503464	0.7441650664351762	0.11297562419450813	0.038446355406556165	1.133693717449713	0.8118007657574893	-0.2380101224701967	0.833961905015375	0.21138004027522328	0.8671022659104608	0.10289039063779981	-0.3518017138991567	0.2489113232613498
AN005459|L-alanine	4.955081774004583	4.431645507660381	4.899869897150872	4.981899392578473	4.633538475875675	5.1219527658367205	5.261753921138602	5.149414376561836	5.14424076094641	4.03563546306955	4.436964617326598	4.5634040797103275	4.722400228750448	4.513780405940135	4.612996318351271	4.538194966861283	4.3300489557833615	4.015205990976671	5.086953530802976	4.253075226393907	4.617948081790761	0.535590747335668	-0.6092338437759004	0.07364309644022882
AN005459|L-arginine	0.4786648242555209	-0.07412356300654466	0.3240935342853497	-0.3175667317589692	0.5757658360906639	0.0049299825726905055	-0.1011538776744132	0.021272313153748	0.25716525971102655	-0.7749539053338239	0.5170966624145592	0.47339539113324136	-0.6308689067062083	-0.22345400529080806	0.3334205233972547	-1.6592360909466848	-1.6014431995983074	-1.0880644863805742	-0.8954412285627633	-0.18305752276210185	-0.7851349731126334	0.6841553057074741	-0.45476959051190136	-0.22938571519557627
AN005459|L-asparagine	0.7290492206953125	0.0506078868265476	0.07896454607825376	1.031677259803157	1.0692181012642479	0.980371957317022	-0.6066965507422104	-0.6248581816585279	-1.2223903965421101	1.3205038098922834	1.4722333290321217	1.4025814418831857	0.7384037371228089	0.37366958096798797	0.49293739146502347	0.7245701778674452	0.6391314533755548	0.30457586015218396	0.5822382034556028	0.8896749334008263	0.058494095211298	1.0467437943152902	-0.6761850678767729	-0.37055872643852084
AN005459|L-Carnitine	0.07394527004845841	0.11669204506092612	0.6686360709660875	0.6828480633032719	0.41283907670907993	0.7180774410206041	0.5037908223850387	0.4127674941398318	0.921030807669549	0.9624375238522269	1.370060420127487	1.5139997456504588	0.9920779566252413	0.20320459811098246	0.7869547990034036	1.502949791058505	1.5855145838554883	0.772954873092722	1.6391431087155013	0.7335662788443855	1.3606721414458711	-0.10465696612049413	-0.11327259441139503	0.21792956053189627
AN005459|L-glutamate	-0.00019404780877252392	0.12634144952729187	-0.1229225441180759	0.38859095838560975	0.019732002393787695	0.388899400818115	-0.3944829619996604	-0.03981451243901901	-0.6714874165259275	0.40965978884623055	-0.15068652058947407	-0.2188764219361623	0.7704053497958405	0.0038126892897984987	-0.39744332957618056	0.7060021975669457	0.61691269331196	0.5351613147790069	0.49456035825400235	0.7049470331663592	0.2316466558395902	-0.2882461834920065	0.3004746724267129	-0.012228488934702852
AN005459|L-glutamine	1.5888664302561182	0.9405578297415573	1.544967601877282	1.1238921967169873	1.387992201404547	1.1501088925753287	1.2145290214361388	1.0435760703549093	0.9683853375256604	0.7270622919221488	1.6973218676546793	1.5881224138584713	0.7314961609698756	0.9834226979872192	0.9596422868929686	0.37998750254962843	0.24947288941442736	0.6852278788573045	0.9687271990532125	1.06119157638798	0.6328966986229148	0.8165985453282367	-0.30495297327902904	-0.5116455720492219
AN005459|L-histidine	0.30802676484169567	-0.1802159439572506	0.37128959569416864	0.09070884156178494	0.4732931927528057	0.5798578667577949	0.15062326091991096	0.10180425777745583	0.446881461060034	-0.2699542509784969	0.7720646387290522	0.8132335600543144	-0.011337574369441938	0.0909576624880728	0.5651672809860244	0.10575496931608797	0.10851965488038218	0.030178290427773646	0.30189735367090265	0.40117338055445373	0.25196055144775187	0.46502280685271913	-0.40335003906489675	-0.06167276778782238
AN005459|L-leucine	-0.612994428667033	0.25247698187573064	-0.8585543279891148	-0.6998425836317956	-0.7826454694922731	-0.49034749229908314	-0.11140075404126293	-0.5695546479754405	-0.5499807840990165	0.5694951872940486	-0.9060880371649063	-0.9444678912135025	-0.5508351357701855	-0.5027939137846076	-0.6689440992082005	-0.034518268213439285	0.059177365606426946	0.14362473439954826	-0.4509095185788965	-0.6819060471963319	-0.6897487337417374	-0.5263680866500238	0.822666049764198	-0.2962979631141849
AN005459|L-lysine	-0.6539467054132508	-0.15970385010418653	-0.15240612104673446	0.32352589307113533	-0.7243887236017663	0.29887842302701983	0.2473783041814066	0.3057759074351658	0.01658640759107044	-0.08465865233033654	-0.7189520111271115	-0.5110044466963224	0.30278525603407047	-0.08971675051492767	-0.2744304422420001	0.060514551260741456	0.10763878688327821	-0.5129088116840173	0.09012609939337324	-0.5181355050976961	0.011515476454803775	-0.486862054591203	-0.03602476737164295	0.5228868219628424
AN005459|L-methionine	0.006370785362040721	-0.7946333455466252	-0.8243039617812151	0.24906024353541412	0.14320154273285723	-0.19836907046627772	-0.25606145426423765	0.017084246882504317	-0.5558524799852549	-0.10623816626436877	-0.8061927216029332	-1.1079375529260425	0.14722777213021132	0.008218475507216993	-0.42334498092226625	-0.9088063449061572	-0.7253527725122524	-1.2786031028129692	-1.0720489027496	-0.34398604214973005	-0.4018870626710793	-0.07596608535731875	-0.4996540319254663	0.5756201172827744
AN005459|L-Methionine S-oxide	0.34371383508387154	-0.024017813733497206	0.08185004473944701	-0.4041027761896956	0.31812982919366206	-0.7560212440010297	-1.2096139796626417	-0.5953118139897171	-1.0880957794410477	-0.9052387696540123	0.4684333738826645	0.5110494426658221	-0.13466548348695184	0.003477874282573623	0.774435966676954	-0.16610305007383275	-0.38449559791973087	0.5405969311413976	-0.08939877941835661	0.9340664293796515	-0.10279034883640747	0.6514725790674483	-0.25740708970491966	-0.39406548936252506
AN005459|L-octanoylcarnitine (acyl-C8)	0.3179148273253247	0.21171212450516563	-0.6528651999793347	0.21763981588103576	0.8652135106654466	0.8057135616791005	-1.1268660599054758	0.5499089717658503	-1.5867906010544228	0.02505290605269117	0.43294320738235115	-0.4382887805918987	-0.21109247188990743	0.20040111394885685	0.6057972604826318	-0.14781065310623198	1.5129502674963788	0.6890014015732575	0.8085686367129696	0.30536407016895417	0.32883911754747963	0.9991070426269157	-1.0164408442481836	0.017333801621267853
AN005459|L-proline	0.5222659856324441	0.34241576744598845	0.560476915278624	0.24751601909127885	0.4371952848235594	0.21853632237823106	-0.29698727162562477	0.06233185226994564	0.1945154293727498	0.48527844747806625	0.8538013215807752	0.5978312224709725	0.8243446978062927	1.010187867895695	1.2659631270585123	2.0153923159375147	1.7406049655540095	2.033148785912804	1.77631147699298	2.1226951218923844	1.79896333985835	0.45928591666977425	-0.42844764511346156	-0.030838271556309138
AN005459|L-serine	-0.4129122425107852	-0.7724608908715602	-0.2817807458549808	-0.5313876329988894	-0.4062250841022106	-0.3642323310360318	-0.16161486984892193	0.23439806787493112	-0.2404254648851527	-1.5229388347671176	-1.8461883317489232	-1.9481300923691336	-1.1437774210312348	-1.7475747885285742	-1.7341548207393025	-2.1574188182638157	-2.081460174085162	-4.264951759701457	-2.5453584614950486	-1.6280257480946396	-2.0383065834344567	0.3491674125921449	-0.309744555838364	-0.039422856753777324
AN005459|L-threonine	0.5534227234639744	0.15991753842033063	0.6523761538368404	0.18861730042004865	0.6785374085998548	0.419320628724833	0.25623046703680785	0.06581108960660842	-0.01932348024795516	0.3057116921465841	0.8720726212270336	0.9936215993503588	0.2909756535116905	0.5272778782564167	0.7557401880018872	0.32138754378155454	0.14580370383632868	0.3134657183380192	0.7728394764205575	0.5155580928683641	0.4455881047502537	0.5381035157381966	-0.3211074036930981	-0.21699611204510205
AN005459|L-tryptophan	0.024071469683136115	-0.07651853615282889	0.14565611288823277	0.035132374199200456	0.2816051039940035	-0.405444597722866	-0.21667607425575497	-0.2573126300015254	-0.5875337454808616	-0.24594753123363589	-0.39161126761274545	-0.4456715675985379	-0.06717719442974968	0.1964002820462909	0.0186919918199564	-0.18707523433543116	-0.47273031382116315	-0.37814654127116043	-0.5828362702850676	-0.2343201734211391	-0.23424473948825408	0.1950522649681723	-0.32366064747810697	0.12860838250994178
AN005459|L-tyrosine	0.3991289003650671	0.7122619010202236	-0.03889063005237148	0.3125286418011832	0.260361330593728	0.1377070899436461	-0.5554208344751537	-0.2589405913492193	-1.3072673955547351	-0.15541344161559323	-0.28250102535327315	-0.5516573984222823	-0.12206082445627686	0.550053430972202	-1.1521460500017042	-0.6845655831140398	-0.19317245160230456	0.7137646687605468	-0.4236444809177904	-0.6132063171171502	0.243783791013108	0.18827054832549805	-0.5128591493696568	0.3245886010441552
AN005459|L-valine	-0.15660783587040328	-0.24713438067074023	-0.21674789001230366	0.3717919353628787	-0.22186878739016436	0.1904156266297825	-0.1210008346055389	-0.0018593461007618828	-0.09872639113106274	-0.2908420224936421	-0.17121184602804007	-0.21187375090310567	-0.046647578451871397	-0.01605878517618109	0.08922527549479042	0.012001193340896776	0.20976663736383472	0.03949527376795814	-0.12224744295477663	0.1873062747510339	0.006163601513069494	0.14971606969967155	-0.24984275310862358	0.10012668340895914
AN005459|Nicotinamide	0.24249189223037604	-0.4199371580055917	-1.4196170685722045	0.5410201521488069	0.369039497459422	0.11836344960525125	-0.0075417966468727116	0.10818426566132544	-0.5990822044182167	0.6229352299812092	-0.16432261958067684	-0.22078451237171137	0.716008107654531	0.43050909128736947	0.3079898600859039	0.5730761739109695	0.7203543758337112	-0.732447085294158	0.19394294225943653	0.6412663155966563	0.627576812621502	-0.04966575840367682	-0.3469008848234374	0.39656664322710355
AN005459|Nicotinate ribonucleotide	-0.15061263570525618	-0.39470045628759465	0.8010692960941785	-0.668639651603911	0.43725552773327614	-0.36465708809409847	-0.2071504182988253	0.3338755862976992	0.22390895901300745	-0.44101718449431004	0.860938457023467	1.234111001115009	-0.527893679657728	-0.2706072762554115	0.4564443456086007	0.07098220429955937	0.22916899854228312	0.43754339328077485	0.26628638270743643	-0.1070818336390964	-0.15784347201962134	0.10035129015903443	-0.297893275068553	0.19754198490951502
AN005459|O-Decenoyl-L-carnitine (acyl-C10:1)	-0.30835606832251017	0.030879662132690555	-0.17264574543523104	0.3388612897163199	0.3191653028865371	0.3119044796446353	-0.10594591873515036	-0.3733562319169188	0.09979196163256532	0.16821273297946426	0.11916118696722933	-0.06265085508243651	0.13539226859841058	0.08306334914975722	0.16997835677166862	0.51728053739647	0.23633868710039785	0.3231033935252743	0.36212859335875613	0.09932767979439028	0.14842475278838307	-0.16213125499992387	0.2843438778357825	-0.12221262283585332
AN005459|O-dodecenoyl-carnitine (acyl-C12:1)	0.46727035869544764	0.5221127164005033	-0.5165965766717662	0.7005038839921269	-0.7464020434354417	0.5856609702651419	0.45604222665657446	-0.13047884349742844	0.7825855636593992	0.09921529465405143	0.4425931351389991	-0.10635974541711946	-0.22099709072424645	-0.6729985965691228	0.6909957305490657	1.1469970698545424	1.167494610625269	0.019146402690964237	-0.26649058390735547	0.6200661071165889	0.49189938992158844	1.0203808717904934	-0.5786507138705552	-0.4417301579199311
AN005459|Ornithine	-0.5979928858469066	0.5226073317140028	-0.3421818720796459	0.5979182693126575	-0.2783208252544007	-0.13728318067699163	0.14032135890491304	-0.5211649236147515	-0.34599437437155345	0.7177107585943965	0.2508493025836991	0.1985161340946675	1.5203311856257606	1.203355048133968	0.4527574514924808	2.5927597059463814	2.172206132834855	1.931907622296599	2.2679846951994413	1.5829401194107646	2.011969635608583	-0.5783665424633284	0.8867187930999378	-0.3083522506366094
AN005459|Pantothenate	0.6452692438066414	0.9770448320337657	0.5395060480090166	-0.025027404030179667	0.7375156472712021	-0.23476649269200678	-0.2092610200366849	-0.32055942355557576	-0.48206841232875774	0.019778028995848018	0.4586321225627259	0.3572905150591552	0.13199327680138495	0.8600627365849078	0.7539909125701705	0.2890537201025509	0.25042084908187334	1.0468068040627685	0.18184498046968756	1.2158021113399435	0.04404953103687603	0.45446072449626485	-0.16097040761922798	-0.2934903168770262
AN005459|Phosphate	0.6061844228541133	0.03843477836692699	0.31574338482942466	-0.2524055506315115	-0.07565602321772857	-1.1084416589699906	-0.10743074092971483	0.05142887346692149	1.2963382245247068	0.19257872233444573	0.3339435340975463	0.5810399953842769	0.13082466522584113	0.07519508501019345	0.11284573821490795	0.4498990580790938	0.6560750632351642	0.4337794992890167	0.4016355798928437	0.2676002758267586	0.41754747391791014	-0.03542863927465589	-0.07533332126675774	0.11076196054142073
AN005459|Putrescine	-0.20580824948872234	0.22224092833365816	-0.20448556108730287	0.7267642161293253	0.03543059979012142	-0.11641598774248507	-0.11980319035893672	-0.007891373606540242	0.6865474336946846	0.48589107409555155	0.10710736326568693	-0.03191531289987992	0.3148182135903852	-0.15174831842908532	0.408911104027073	0.8487777327651891	0.8346181881749288	0.7269819080980682	0.35876375419769246	0.36089548439935726	0.6978276334039073	0.13788868323085524	-0.4330178831187297	0.29512919988787445
AN005459|Pyridoxamine 5'-phosphate	-0.5497028730418663	-0.23944958372279146	0.2817703400466911	0.4352252853658456	-0.41885601760586866	0.9500860688681136	0.43332171090798255	0.8226092757068137	1.1832346451927442	0.07140458765320545	0.15944600429392608	0.8534878143501636	0.376003617087207	-0.4036190214612354	-0.26279733403227823	0.4580152865456206	-0.009343316112232714	-0.6525334931416076	1.0117904239176916	-0.29367642386529624	0.5969100010250976	-0.27887963912949587	-0.1487790803860669	0.4276587195155592
AN005459|S-Adenosyl-L-homocysteine	0.10514401480638469	-0.2951776954986407	0.516234011520087	0.0651778232090976	0.42078626993196977	-0.10675415778642261	-0.2601440860167621	0.007908240291051527	-0.01629391869016672	-0.6093237219905951	0.7482966482866154	0.5945220511191707	0.26317798932133485	0.1362241696104789	0.5028417929580868	0.28164430268485674	0.4230722910094613	0.11038300371517451	0.5777232051558059	-0.019260804942479837	0.3269547731072038	0.15398516031354603	-0.12312933564983553	-0.030855824663710507
AN005459|(S)(+)-Allantoin	0.04589987982588184	-0.17966950888823163	-0.18354908109445311	0.12615789201775485	-0.3924275504956487	-0.2842630939276205	-0.3373214951918815	-0.09408457177048746	-0.10973290767523736	-0.3308259346846665	-0.8308680559522248	-0.8902187444710687	-0.1395562625265221	-0.28369193383434244	-0.8059922454629476	-2.615794491781182	-1.5615679852488746	-1.3017246576670907	-0.5662274234519664	-0.9390258705538521	-0.6426635104555611	-0.41703518975497644	-0.27622386246323494	0.6932590522182096
AN005459|Spermine	2.1477627322133674	2.712153381336419	2.139387315516176	1.8649573474842818	1.4873276444339094	2.363123934484225	3.368567689175121	3.1550677705785812	3.5142123939841188	1.8113647452016313	2.436440795059882	3.224034467427005	1.35598804142521	1.8576134912434998	1.330319042726309	4.077854505653141	1.4784160848738974	2.1369115752413332	4.866247226136354	2.007193704311801	4.153378732885093	-0.5764816510518926	0.14828757694811934	0.4281940741037733
AN005459|Sphinganine 1-phosphate	3.091848067539125	-3.708429346323859	-2.7886757566439506	0.6073513988715256	-3.6558591510762284	1.7803860626890078	0.02263814439010403	-0.2594322904712527	-3.7653592000417113	-2.313424467807515	-2.7760471523626755	-2.6071043820261846	-4.1981709866343415	0.17711519958596256	-2.7055026792667984	-0.7388692410805806	-3.5310891714396764	-2.9726955150316083	-4.365101097156796	-4.213612307143183	0.47610289561737673	-0.3911442200896946	1.0539755298011073	-0.6628313097114162
AN005459|Sphingosine	1.0266274329458849	0.889342142520869	0.6803386950506933	0.9056775272385735	0.8387838740498665	1.3018279972952165	0.705257644052498	0.19759011822702277	0.4787087965948693	1.7658617375722905	0.568764188663577	0.607668910043424	0.3893229298248517	0.29867285814635913	0.5232834235012032	0.3203445111861001	1.9945633483487217	0.6164293454902161	0.7993088487428182	0.4809785618633562	0.5669950705547055	0.37075733655686705	-0.25336871123681526	-0.11738862532005712
AN005459|Tetradecenoyl Carnitine (acyl-C14:1)	-0.292835407241796	-0.35165999496403266	-0.3055837769308489	-0.39237171200118226	-0.3143721540541815	1.6206504905950823	-0.5148179581548362	-0.21942828092070066	-0.9278244975623533	0.032619504546916644	-0.37768320823764867	-0.004110430592380254	-0.05642753124499755	-0.15523301181903015	-0.30046074801956557	0.055550628439428706	2.1104019060576817	0.24253452654576968	0.07252500130177886	-0.6121040329727432	0.8690299860536488	1.2608153256328762	-0.7008014029438545	-0.5600139226890235
AN005459|UMP	0.7350933850171444	0.856168970169616	0.9757254947014893	1.3303596773087882	0.33897960483009015	1.3408489796361032	1.20284560121069	1.206377241077135	0.9649544217690433	0.8585318032048548	0.7587425284898899	0.9509951208621423	1.4587906880791444	0.9941254269558542	0.4820121071293677	1.8253894811448426	1.6565869046876145	1.6160180922381677	1.6923086268724177	1.6047134506068979	0.7375036843245972	-0.7220006586762402	0.14774671263923977	0.5742539460369898
AN005459|Urate	1.3519896332966752	-0.4426643971851121	0.5998778561036353	0.782840587579166	-0.015860934086376233	0.12492977716258835	0.33291129781921214	0.3648984099179273	-1.2704734070380894	-0.508524940094226	0.21887967816287457	-0.0012642327847309787	-0.2504316937690163	0.09718462675859385	0.360538863992236	0.5922629749552826	0.6834867267918057	0.2014422500900146	0.5947187082833238	-0.049018514879840325	0.8683295338204502	0.010161297167410765	0.5758585966582288	-0.5860198938256467
