pkn	leg	path_cap	source	target	shortest_length	shortest_signs	positive_shortest_length	negative_shortest_length	n_shortest_positive	n_shortest_negative	n_positive_shortest_paths	n_negative_shortest_paths	positive_shortest_passes_metabolite	negative_shortest_passes_metabolite	any_shortest_path_passes_metabolite	positive_route_present
omnipath	source_tf_to_tf	8	HMGCR	E2F1					0	0	0	0	False	False	False	False
omnipath	source_tf_to_tf	8	HMGCR	EGR1					0	0	0	0	False	False	False	False
omnipath	source_tf_to_tf	8	HMGCR	WT1					0	0	0	0	False	False	False	False
omnipath	source_tf_to_tf	8	HMGCR	SP1					0	0	0	0	False	False	False	False
omnipath	source_tf_to_tf	8	HMGCR	JUN					0	0	0	0	False	False	False	False
omnipath	source_tf_to_tf	8	HMGCR	JUNB					0	0	0	0	False	False	False	False
omnipath	source_tf_to_tf	8	SREBF1	E2F1					0	0	0	0	False	False	False	False
omnipath	source_tf_to_tf	8	SREBF1	EGR1					0	0	0	0	False	False	False	False
omnipath	source_tf_to_tf	8	SREBF1	WT1					0	0	0	0	False	False	False	False
omnipath	source_tf_to_tf	8	SREBF1	SP1					0	0	0	0	False	False	False	False
omnipath	source_tf_to_tf	8	SREBF1	JUN					0	0	0	0	False	False	False	False
omnipath	source_tf_to_tf	8	SREBF1	JUNB					0	0	0	0	False	False	False	False
omnipath	source_tf_to_tf	8	SREBF2	E2F1					0	0	0	0	False	False	False	False
omnipath	source_tf_to_tf	8	SREBF2	EGR1					0	0	0	0	False	False	False	False
omnipath	source_tf_to_tf	8	SREBF2	WT1					0	0	0	0	False	False	False	False
omnipath	source_tf_to_tf	8	SREBF2	SP1					0	0	0	0	False	False	False	False
omnipath	source_tf_to_tf	8	SREBF2	JUN					0	0	0	0	False	False	False	False
omnipath	source_tf_to_tf	8	SREBF2	JUNB					0	0	0	0	False	False	False	False
omnipath	source_tf_to_tf	8	SCAP	E2F1					0	0	0	0	False	False	False	False
omnipath	source_tf_to_tf	8	SCAP	EGR1					0	0	0	0	False	False	False	False
omnipath	source_tf_to_tf	8	SCAP	WT1					0	0	0	0	False	False	False	False
omnipath	source_tf_to_tf	8	SCAP	SP1					0	0	0	0	False	False	False	False
omnipath	source_tf_to_tf	8	SCAP	JUN					0	0	0	0	False	False	False	False
omnipath	source_tf_to_tf	8	SCAP	JUNB					0	0	0	0	False	False	False	False
omnipath	source_tf_to_tf	8	INSIG1	E2F1					0	0	0	0	False	False	False	False
omnipath	source_tf_to_tf	8	INSIG1	EGR1					0	0	0	0	False	False	False	False
omnipath	source_tf_to_tf	8	INSIG1	WT1					0	0	0	0	False	False	False	False
omnipath	source_tf_to_tf	8	INSIG1	SP1					0	0	0	0	False	False	False	False
omnipath	source_tf_to_tf	8	INSIG1	JUN					0	0	0	0	False	False	False	False
omnipath	source_tf_to_tf	8	INSIG1	JUNB					0	0	0	0	False	False	False	False
cosmos	hmgcr_to_metabolite	80	HMGCR	Metab__HMDB0000067_c	21	+1	21	22	56	0	56	42	True	True	True	True
cosmos	hmgcr_to_metabolite	80	HMGCR	Metab__HMDB0000067_e	21	+1	21	22	56	0	56	42	True	True	True	True
cosmos	hmgcr_to_metabolite	80	HMGCR	Metab__HMDB0000067_g	23	+1	23	24	112	0	112	84	True	True	True	True
cosmos	hmgcr_to_metabolite	80	HMGCR	Metab__HMDB0000067_l	25	+1	25	26	112	0	112	84	True	True	True	True
cosmos	hmgcr_to_metabolite	80	HMGCR	Metab__HMDB0000067_m	23	+1	23	24	56	0	56	42	True	True	True	True
cosmos	hmgcr_to_metabolite	80	HMGCR	Metab__HMDB0000067_r	23	+1	23	24	56	0	56	42	True	True	True	True
cosmos	hmgcr_to_metabolite	80	HMGCR	Metab__HMDB0000227_c	2	+1	2	5	1	0	1	1	True	True	True	True
cosmos	hmgcr_to_metabolite	80	HMGCR	Metab__HMDB0000227_e	4	+1	4	7	1	0	1	1	True	True	True	True
cosmos	hmgcr_to_metabolite	80	HMGCR	Metab__HMDB0000227_x	2	+1	2	5	1	0	1	1	True	True	True	True
cosmos	metabolite_to_tf	8	Metab__HMDB0000067_c	E2F1	2.0	+1	2.0	3.0	2	0	2	7	True	True	True	True
cosmos	metabolite_to_tf	8	Metab__HMDB0000067_c	EGR1	3.0	+1;-1	3.0	3.0	5	1	5	1	True	True	True	True
cosmos	metabolite_to_tf	8	Metab__HMDB0000067_c	WT1					0	0	0	0	False	False	False	False
cosmos	metabolite_to_tf	8	Metab__HMDB0000067_c	SP1	2.0	+1	2.0	3.0	2	0	2	5	True	True	True	True
cosmos	metabolite_to_tf	8	Metab__HMDB0000067_c	JUN	2.0	+1	2.0	3.0	2	0	2	5	True	True	True	True
cosmos	metabolite_to_tf	8	Metab__HMDB0000067_c	JUNB	3.0	+1;-1	3.0	3.0	3	1	3	1	True	True	True	True
cosmos	metabolite_to_tf	8	Metab__HMDB0000067_e	E2F1	4.0	+1	4.0	5.0	2	0	2	7	True	True	True	True
cosmos	metabolite_to_tf	8	Metab__HMDB0000067_e	EGR1	5.0	+1;-1	5.0	5.0	5	1	5	1	True	True	True	True
cosmos	metabolite_to_tf	8	Metab__HMDB0000067_e	WT1					0	0	0	0	False	False	False	False
cosmos	metabolite_to_tf	8	Metab__HMDB0000067_e	SP1	4.0	+1	4.0	5.0	2	0	2	5	True	True	True	True
cosmos	metabolite_to_tf	8	Metab__HMDB0000067_e	JUN	4.0	+1	4.0	5.0	2	0	2	5	True	True	True	True
cosmos	metabolite_to_tf	8	Metab__HMDB0000067_e	JUNB	5.0	+1;-1	5.0	5.0	3	1	3	1	True	True	True	True
cosmos	metabolite_to_tf	8	Metab__HMDB0000067_g	E2F1	4.0	+1	4.0	5.0	6	0	6	21	True	True	True	True
cosmos	metabolite_to_tf	8	Metab__HMDB0000067_g	EGR1	5.0	+1;-1	5.0	5.0	15	3	15	3	True	True	True	True
cosmos	metabolite_to_tf	8	Metab__HMDB0000067_g	WT1					0	0	0	0	False	False	False	False
cosmos	metabolite_to_tf	8	Metab__HMDB0000067_g	SP1	4.0	+1	4.0	5.0	6	0	6	15	True	True	True	True
cosmos	metabolite_to_tf	8	Metab__HMDB0000067_g	JUN	4.0	+1	4.0	5.0	6	0	6	15	True	True	True	True
cosmos	metabolite_to_tf	8	Metab__HMDB0000067_g	JUNB	5.0	+1;-1	5.0	5.0	9	3	9	3	True	True	True	True
cosmos	metabolite_to_tf	8	Metab__HMDB0000067_l	E2F1	4.0	+1	4.0	5.0	2	0	2	7	True	True	True	True
cosmos	metabolite_to_tf	8	Metab__HMDB0000067_l	EGR1	5.0	+1;-1	5.0	5.0	5	1	5	1	True	True	True	True
cosmos	metabolite_to_tf	8	Metab__HMDB0000067_l	WT1					0	0	0	0	False	False	False	False
cosmos	metabolite_to_tf	8	Metab__HMDB0000067_l	SP1	4.0	+1	4.0	5.0	2	0	2	5	True	True	True	True
cosmos	metabolite_to_tf	8	Metab__HMDB0000067_l	JUN	4.0	+1	4.0	5.0	2	0	2	5	True	True	True	True
cosmos	metabolite_to_tf	8	Metab__HMDB0000067_l	JUNB	5.0	+1;-1	5.0	5.0	3	1	3	1	True	True	True	True
cosmos	metabolite_to_tf	8	Metab__HMDB0000067_m	E2F1	4.0	+1	4.0	5.0	2	0	2	7	True	True	True	True
cosmos	metabolite_to_tf	8	Metab__HMDB0000067_m	EGR1	5.0	+1;-1	5.0	5.0	5	1	5	1	True	True	True	True
cosmos	metabolite_to_tf	8	Metab__HMDB0000067_m	WT1					0	0	0	0	False	False	False	False
cosmos	metabolite_to_tf	8	Metab__HMDB0000067_m	SP1	4.0	+1	4.0	5.0	2	0	2	5	True	True	True	True
cosmos	metabolite_to_tf	8	Metab__HMDB0000067_m	JUN	4.0	+1	4.0	5.0	2	0	2	5	True	True	True	True
cosmos	metabolite_to_tf	8	Metab__HMDB0000067_m	JUNB	5.0	+1;-1	5.0	5.0	3	1	3	1	True	True	True	True
cosmos	metabolite_to_tf	8	Metab__HMDB0000067_r	E2F1	4.0	+1	4.0	5.0	2	0	2	7	True	True	True	True
cosmos	metabolite_to_tf	8	Metab__HMDB0000067_r	EGR1	5.0	+1;-1	5.0	5.0	5	1	5	1	True	True	True	True
cosmos	metabolite_to_tf	8	Metab__HMDB0000067_r	WT1					0	0	0	0	False	False	False	False
cosmos	metabolite_to_tf	8	Metab__HMDB0000067_r	SP1	4.0	+1	4.0	5.0	2	0	2	5	True	True	True	True
cosmos	metabolite_to_tf	8	Metab__HMDB0000067_r	JUN	4.0	+1	4.0	5.0	2	0	2	5	True	True	True	True
cosmos	metabolite_to_tf	8	Metab__HMDB0000067_r	JUNB	5.0	+1;-1	5.0	5.0	3	1	3	1	True	True	True	True
cosmos	metabolite_to_tf	8	Metab__HMDB0000227_c	E2F1					0	0	0	0	False	False	False	False
cosmos	metabolite_to_tf	8	Metab__HMDB0000227_c	EGR1					0	0	0	0	False	False	False	False
cosmos	metabolite_to_tf	8	Metab__HMDB0000227_c	WT1					0	0	0	0	False	False	False	False
cosmos	metabolite_to_tf	8	Metab__HMDB0000227_c	SP1					0	0	0	0	False	False	False	False
cosmos	metabolite_to_tf	8	Metab__HMDB0000227_c	JUN					0	0	0	0	False	False	False	False
cosmos	metabolite_to_tf	8	Metab__HMDB0000227_c	JUNB					0	0	0	0	False	False	False	False
cosmos	metabolite_to_tf	8	Metab__HMDB0000227_e	E2F1					0	0	0	0	False	False	False	False
cosmos	metabolite_to_tf	8	Metab__HMDB0000227_e	EGR1					0	0	0	0	False	False	False	False
cosmos	metabolite_to_tf	8	Metab__HMDB0000227_e	WT1					0	0	0	0	False	False	False	False
cosmos	metabolite_to_tf	8	Metab__HMDB0000227_e	SP1					0	0	0	0	False	False	False	False
cosmos	metabolite_to_tf	8	Metab__HMDB0000227_e	JUN					0	0	0	0	False	False	False	False
cosmos	metabolite_to_tf	8	Metab__HMDB0000227_e	JUNB					0	0	0	0	False	False	False	False
cosmos	metabolite_to_tf	8	Metab__HMDB0000227_x	E2F1					0	0	0	0	False	False	False	False
cosmos	metabolite_to_tf	8	Metab__HMDB0000227_x	EGR1					0	0	0	0	False	False	False	False
cosmos	metabolite_to_tf	8	Metab__HMDB0000227_x	WT1					0	0	0	0	False	False	False	False
cosmos	metabolite_to_tf	8	Metab__HMDB0000227_x	SP1					0	0	0	0	False	False	False	False
cosmos	metabolite_to_tf	8	Metab__HMDB0000227_x	JUN					0	0	0	0	False	False	False	False
cosmos	metabolite_to_tf	8	Metab__HMDB0000227_x	JUNB					0	0	0	0	False	False	False	False
cosmos	source_tf_to_tf	8	HMGCR	E2F1					0	0	0	0	False	False	False	False
cosmos	source_tf_to_tf	8	HMGCR	EGR1					0	0	0	0	False	False	False	False
cosmos	source_tf_to_tf	8	HMGCR	WT1					0	0	0	0	False	False	False	False
cosmos	source_tf_to_tf	8	HMGCR	SP1					0	0	0	0	False	False	False	False
cosmos	source_tf_to_tf	8	HMGCR	JUN					0	0	0	0	False	False	False	False
cosmos	source_tf_to_tf	8	HMGCR	JUNB					0	0	0	0	False	False	False	False
cosmos	source_tf_to_tf	8	SREBF1	E2F1					0	0	0	0	False	False	False	False
cosmos	source_tf_to_tf	8	SREBF1	EGR1					0	0	0	0	False	False	False	False
cosmos	source_tf_to_tf	8	SREBF1	WT1					0	0	0	0	False	False	False	False
cosmos	source_tf_to_tf	8	SREBF1	SP1					0	0	0	0	False	False	False	False
cosmos	source_tf_to_tf	8	SREBF1	JUN					0	0	0	0	False	False	False	False
cosmos	source_tf_to_tf	8	SREBF1	JUNB					0	0	0	0	False	False	False	False
cosmos	source_tf_to_tf	8	SREBF2	E2F1					0	0	0	0	False	False	False	False
cosmos	source_tf_to_tf	8	SREBF2	EGR1					0	0	0	0	False	False	False	False
cosmos	source_tf_to_tf	8	SREBF2	WT1					0	0	0	0	False	False	False	False
cosmos	source_tf_to_tf	8	SREBF2	SP1					0	0	0	0	False	False	False	False
cosmos	source_tf_to_tf	8	SREBF2	JUN					0	0	0	0	False	False	False	False
cosmos	source_tf_to_tf	8	SREBF2	JUNB					0	0	0	0	False	False	False	False
cosmos	source_tf_to_tf	8	SCAP	E2F1					0	0	0	0	False	False	False	False
cosmos	source_tf_to_tf	8	SCAP	EGR1					0	0	0	0	False	False	False	False
cosmos	source_tf_to_tf	8	SCAP	WT1					0	0	0	0	False	False	False	False
cosmos	source_tf_to_tf	8	SCAP	SP1					0	0	0	0	False	False	False	False
cosmos	source_tf_to_tf	8	SCAP	JUN					0	0	0	0	False	False	False	False
cosmos	source_tf_to_tf	8	SCAP	JUNB					0	0	0	0	False	False	False	False
cosmos	source_tf_to_tf	8	INSIG1	E2F1					0	0	0	0	False	False	False	False
cosmos	source_tf_to_tf	8	INSIG1	EGR1					0	0	0	0	False	False	False	False
cosmos	source_tf_to_tf	8	INSIG1	WT1					0	0	0	0	False	False	False	False
cosmos	source_tf_to_tf	8	INSIG1	SP1					0	0	0	0	False	False	False	False
cosmos	source_tf_to_tf	8	INSIG1	JUN					0	0	0	0	False	False	False	False
cosmos	source_tf_to_tf	8	INSIG1	JUNB					0	0	0	0	False	False	False	False
