paper,accession,sample_id,sample_title,assay,cell_type,cell_line_id,group,treatment,condition,group_source,sra_runs,read_pairs,sra_size_MB,processed_files
Park 2025,GSE297192,GSM8985311,C1,"bulk RNA-seq (TruSeq, PE150)",iNSC,not given in GEO,Ctrl,none,Ctrl iNSC (base),"authors code (DARG_PMS 09_generate_figures.R: C1-C3 Ctrl, C4-C6 PMS)",SRR33563997,35838350.0,2995.0,NONE
Park 2025,GSE297192,GSM8985312,C2,"bulk RNA-seq (TruSeq, PE150)",iNSC,not given in GEO,Ctrl,none,Ctrl iNSC (base),"authors code (DARG_PMS 09_generate_figures.R: C1-C3 Ctrl, C4-C6 PMS)",SRR33563996,19326065.0,1614.0,NONE
Park 2025,GSE297192,GSM8985313,C3,"bulk RNA-seq (TruSeq, PE150)",iNSC,not given in GEO,Ctrl,none,Ctrl iNSC (base),"authors code (DARG_PMS 09_generate_figures.R: C1-C3 Ctrl, C4-C6 PMS)",SRR33563995,19785339.0,1641.0,NONE
Park 2025,GSE297192,GSM8985314,C4,"bulk RNA-seq (TruSeq, PE150)",iNSC,not given in GEO,PMS,none,PMS iNSC (base),"authors code (DARG_PMS 09_generate_figures.R: C1-C3 Ctrl, C4-C6 PMS)",SRR33563994,22182222.0,1856.0,NONE
Park 2025,GSE297192,GSM8985315,C5,"bulk RNA-seq (TruSeq, PE150)",iNSC,not given in GEO,PMS,none,PMS iNSC (base),"authors code (DARG_PMS 09_generate_figures.R: C1-C3 Ctrl, C4-C6 PMS)",SRR33563993,17330207.0,1444.0,NONE
Park 2025,GSE297192,GSM8985316,C6,"bulk RNA-seq (TruSeq, PE150)",iNSC,not given in GEO,PMS,none,PMS iNSC (base),"authors code (DARG_PMS 09_generate_figures.R: C1-C3 Ctrl, C4-C6 PMS)",SRR33563992,18722908.0,1556.0,NONE
Park 2025,GSE297192,GSM8985317,C7,"bulk RNA-seq (TruSeq, PE150)",iNSC,not given in GEO,Ctrl (recipient),PMS CM (DMSO),Ctrl iNSC + PMS conditioned medium,GEO condition field,SRR33563991,29019027.0,2361.0,NONE
Park 2025,GSE297192,GSM8985318,C8,"bulk RNA-seq (TruSeq, PE150)",iNSC,not given in GEO,Ctrl (recipient),PMS CM (DMSO),Ctrl iNSC + PMS conditioned medium,GEO condition field,SRR33563990,28889892.0,2340.0,NONE
Park 2025,GSE297192,GSM8985319,C9,"bulk RNA-seq (TruSeq, PE150)",iNSC,not given in GEO,Ctrl (recipient),PMS CM (DMSO),Ctrl iNSC + PMS conditioned medium,GEO condition field,SRR33563989,30112262.0,2450.0,NONE
Park 2025,GSE297192,GSM8985320,C10,"bulk RNA-seq (TruSeq, PE150)",iNSC,not given in GEO,Ctrl (recipient),PMS CM (DMSO),Ctrl iNSC + PMS conditioned medium,GEO condition field,SRR33563988,28093503.0,2303.0,NONE
Park 2025,GSE297192,GSM8985321,C11,"bulk RNA-seq (TruSeq, PE150)",iNSC,not given in GEO,Ctrl (recipient),PMS CM (DMSO),Ctrl iNSC + PMS conditioned medium,GEO condition field,SRR33563987,19472866.0,1740.0,NONE
Park 2025,GSE297192,GSM8985322,C12,"bulk RNA-seq (TruSeq, PE150)",iNSC,not given in GEO,Ctrl (recipient),PMS CM (DMSO),Ctrl iNSC + PMS conditioned medium,GEO condition field,SRR33563986,17131929.0,1516.0,NONE
Park 2025,GSE297192,GSM8985323,C13,"bulk RNA-seq (TruSeq, PE150)",iNSC,not given in GEO,Ctrl (recipient),PMS CM (DMSO),Ctrl iNSC + PMS conditioned medium,GEO condition field,SRR33563985,16531494.0,1476.0,NONE
Park 2025,GSE297192,GSM8985324,C14,"bulk RNA-seq (TruSeq, PE150)",iNSC,not given in GEO,Ctrl (recipient),PMS CM (DMSO),Ctrl iNSC + PMS conditioned medium,GEO condition field,SRR33563984,17834417.0,1584.0,NONE
Park 2025,GSE297192,GSM8985325,C15,"bulk RNA-seq (TruSeq, PE150)",iNSC,not given in GEO,Ctrl (recipient),PMS CM (DMSO),Ctrl iNSC + PMS conditioned medium,GEO condition field,SRR33563983,17538397.0,1541.0,NONE
Park 2025,GSE297192,GSM8985326,C16,"bulk RNA-seq (TruSeq, PE150)",iNSC,not given in GEO,Ctrl (recipient),PMS+ABT-263 CM,Ctrl iNSC + PMS+ABT-263 conditioned medium,GEO condition field,SRR33563982,17563560.0,1572.0,NONE
Park 2025,GSE297192,GSM8985327,C17,"bulk RNA-seq (TruSeq, PE150)",iNSC,not given in GEO,Ctrl (recipient),PMS+ABT-263 CM,Ctrl iNSC + PMS+ABT-263 conditioned medium,GEO condition field,SRR33563981,29131849.0,2352.0,NONE
Park 2025,GSE297192,GSM8985328,C18,"bulk RNA-seq (TruSeq, PE150)",iNSC,not given in GEO,Ctrl (recipient),PMS+ABT-263 CM,Ctrl iNSC + PMS+ABT-263 conditioned medium,GEO condition field,SRR33563980,6016391.0,525.0,NONE
Park 2025,GSE297192,GSM8985329,C18_2,"bulk RNA-seq (TruSeq, PE150)",iNSC,not given in GEO,Ctrl (recipient),PMS+ABT-263 CM,Ctrl iNSC + PMS+ABT-263 conditioned medium,GEO condition field,SRR33563979,18505058.0,1532.0,NONE
Park 2025,GSE297192,GSM8985330,C19,"bulk RNA-seq (TruSeq, PE150)",iNSC,not given in GEO,Ctrl (recipient),PMS+ABT-263 CM,Ctrl iNSC + PMS+ABT-263 conditioned medium,GEO condition field,SRR33563978,27640610.0,2263.0,NONE
Park 2025,GSE297192,GSM8985331,C20,"bulk RNA-seq (TruSeq, PE150)",iNSC,not given in GEO,Ctrl (recipient),PMS+ABT-263 CM,Ctrl iNSC + PMS+ABT-263 conditioned medium,GEO condition field,SRR33563977,30231951.0,2473.0,NONE
Park 2025,GSE297192,GSM8985332,C21,"bulk RNA-seq (TruSeq, PE150)",iNSC,not given in GEO,Ctrl (recipient),PMS+ABT-263 CM,Ctrl iNSC + PMS+ABT-263 conditioned medium,GEO condition field,SRR33563976,28775876.0,2374.0,NONE
Park 2025,GSE297192,GSM8985333,C22,"bulk RNA-seq (TruSeq, PE150)",iNSC,not given in GEO,Ctrl (recipient),PMS+ABT-263 CM,Ctrl iNSC + PMS+ABT-263 conditioned medium,GEO condition field,SRR33563975,19541582.0,1737.0,NONE
Park 2025,GSE297192,GSM8985334,C23,"bulk RNA-seq (TruSeq, PE150)",iNSC,not given in GEO,Ctrl (recipient),PMS+ABT-263 CM,Ctrl iNSC + PMS+ABT-263 conditioned medium,GEO condition field,SRR33563974,29608254.0,2431.0,NONE
Park 2025,GSE297192,GSM8985335,C24,"bulk RNA-seq (TruSeq, PE150)",iNSC,not given in GEO,Ctrl (recipient),PMS+ABT-263 CM,Ctrl iNSC + PMS+ABT-263 conditioned medium,GEO condition field,SRR33563973,16556280.0,1476.0,NONE
Park 2025,GSE297365,GSM8989497,105_2g_ABT_263,scRNA-seq (10x 3' v3.1),iNSC,105,PMS,ABT-263 3 uM,"PMS iNSC, ABT-263 3 uM",GEO; 105=PMS / HD=healthy taken from GSE297690 sample group,SRR33593234;SRR33593235,284208688.0,9850.0,GSM8989497_105_2g_ABT_263_raw_expression.h5
Park 2025,GSE297365,GSM8989498,105_2g_DMSO,scRNA-seq (10x 3' v3.1),iNSC,105,PMS,DMSO,"PMS iNSC, DMSO",GEO; 105=PMS / HD=healthy taken from GSE297690 sample group,SRR33593232;SRR33593233,232944963.0,8180.0,GSM8989498_105_2g_DMSO_raw_expression.h5
Park 2025,GSE297365,GSM8989499,HD_7HA_ABT_263,scRNA-seq (10x 3' v3.1),iNSC,HD,Ctrl,ABT-263 3 uM,"Ctrl iNSC, ABT-263 3 uM",GEO; 105=PMS / HD=healthy taken from GSE297690 sample group,SRR33593230;SRR33593231,286928858.0,9784.0,GSM8989499_HD_7HA_ABT_263_raw_expression.h5
Park 2025,GSE297365,GSM8989500,HD_7HA_DMSO,scRNA-seq (10x 3' v3.1),iNSC,HD,Ctrl,DMSO,"Ctrl iNSC, DMSO",GEO; 105=PMS / HD=healthy taken from GSE297690 sample group,SRR33593228;SRR33593229,240549425.0,8416.0,GSM8989500_HD_7HA_DMSO_raw_expression.h5
Park 2025,GSE297690,GSM8996710,105_2g_1 Lane 1,snATAC-seq (10x ATAC v1.1),iNSC,105,PMS,none (baseline),"PMS iNSC, library rep 1, lane 1",GEO,SRR33643589,120712129.0,4729.0,GSM8996710_105_2g_1_fragments.tsv.gz ; GSM8996710_105_2g_1_fragments.tsv.gz.tbi.gz ; GSM8996710_105_2g_1_raw_peak_expression.h5
Park 2025,GSE297690,GSM8996711,105_2g_1 Lane 2,snATAC-seq (10x ATAC v1.1),iNSC,105,PMS,none (baseline),"PMS iNSC, library rep 1, lane 2",GEO,SRR33643588,115897938.0,4600.0,NONE
Park 2025,GSE297690,GSM8996712,105_2g_2 Lane 1,snATAC-seq (10x ATAC v1.1),iNSC,105,PMS,none (baseline),"PMS iNSC, library rep 2, lane 1",GEO,SRR33643587,116225932.0,4538.0,GSM8996712_105_2g_2_fragments.tsv.gz ; GSM8996712_105_2g_2_fragments.tsv.gz.tbi.gz ; GSM8996712_105_2g_2_raw_peak_expression.h5
Park 2025,GSE297690,GSM8996713,105_2g_2 Lane 2,snATAC-seq (10x ATAC v1.1),iNSC,105,PMS,none (baseline),"PMS iNSC, library rep 2, lane 2",GEO,SRR33643586,111949857.0,4430.0,NONE
Park 2025,GSE297690,GSM8996714,HD_74A_1 Lane 1,snATAC-seq (10x ATAC v1.1),iNSC,HD,Ctrl,none (baseline),"Ctrl iNSC, library rep 1, lane 1",GEO,SRR33643585,118416567.0,4645.0,GSM8996714_HD_74A_1_fragments.tsv.gz ; GSM8996714_HD_74A_1_fragments.tsv.gz.tbi.gz ; GSM8996714_HD_74A_1_raw_peak_expression.h5
Park 2025,GSE297690,GSM8996715,HD_74A_1 Lane 2,snATAC-seq (10x ATAC v1.1),iNSC,HD,Ctrl,none (baseline),"Ctrl iNSC, library rep 1, lane 2",GEO,SRR33643584,113696797.0,4521.0,NONE
Park 2025,GSE297690,GSM8996716,HD_74A_2 Lane 1,snATAC-seq (10x ATAC v1.1),iNSC,HD,Ctrl,none (baseline),"Ctrl iNSC, library rep 2, lane 1",GEO,SRR33643583,117582261.0,4604.0,GSM8996716_HD_74A_2_fragments.tsv.gz ; GSM8996716_HD_74A_2_fragments.tsv.gz.tbi.gz ; GSM8996716_HD_74A_2_raw_peak_expression.h5
Park 2025,GSE297690,GSM8996717,HD_74A_2 Lane 2,snATAC-seq (10x ATAC v1.1),iNSC,HD,Ctrl,none (baseline),"Ctrl iNSC, library rep 2, lane 2",GEO,SRR33643582,112904139.0,4479.0,NONE
Park 2025,GSE251839,GSM7988874,103_8_p23_100k,"WGBS (xGen Methyl-Seq, PE)",iNSC,103,PMS (SPMS),none,PMS (SPMS) iNSC,GEO,SRR27320602,1354006634.0,145878.0,GSM7988874_WGBS_103_iNSC.txt.gz
Park 2025,GSE251839,GSM7988875,103_Fibro,"WGBS (xGen Methyl-Seq, PE)",fibroblast,103,PMS (SPMS),none,PMS (SPMS) fibroblast,GEO,SRR27320601,961694709.0,103370.0,GSM7988875_WGBS_103_Fibro.txt.gz
Park 2025,GSE251839,GSM7988876,DR_5a_p22_100k,"WGBS (xGen Methyl-Seq, PE)",iNSC,DR,Ctrl,none,Ctrl iNSC,GEO,SRR27320600,735614068.0,78781.0,GSM7988876_WGBS_DR5a_iNSC.txt.gz
Park 2025,GSE251839,GSM7988877,DR_Fibro,"WGBS (xGen Methyl-Seq, PE)",fibroblast,DR,Ctrl,none,Ctrl fibroblast,GEO,SRR27320599,849377335.0,91530.0,GSM7988877_WGBS_DR5a_Fibro.txt.gz
Park 2025,GSE251839,GSM7988878,113_7gA_iNSCs,"WGBS (xGen Methyl-Seq, PE)",iNSC,113,PMS (SPMS),none,PMS (SPMS) iNSC,GEO,SRR27320598,722632565.0,77392.0,GSM7988878_WGBS_113_iNSC.txt.gz
Park 2025,GSE251839,GSM7988879,113_Fibro,"WGBS (xGen Methyl-Seq, PE)",fibroblast,113,PMS (SPMS),none,PMS (SPMS) fibroblast,GEO,SRR27320597,1264939910.0,135156.0,GSM7988879_WGBS_113_Fibro.txt.gz
Park 2025,GSE251839,GSM7988880,111_2_iNSCs,"WGBS (xGen Methyl-Seq, PE)",iNSC,111,Ctrl,none,Ctrl iNSC,GEO,SRR27320596,706121197.0,75776.0,GSM7988880_WGBS_111_iNSC.txt.gz
Park 2025,GSE251839,GSM7988881,111_Fibro,"WGBS (xGen Methyl-Seq, PE)",fibroblast,111,Ctrl,none,Ctrl fibroblast,GEO,SRR27320595,1237749640.0,132662.0,GSM7988881_WGBS_111_Fibro.txt.gz
Park 2025,GSE251839,GSM8980817,105_2g_iNSCs,"WGBS (xGen Methyl-Seq, PE)",iNSC,105,PMS (inferred),none,PMS (inferred) iNSC,"GEO disease field mis-entered; group inferred from GSE297690 (105=PMS, HD=healthy)",SRR33556543,0.0,0.0,GSM8980817_105_2g_iNSCs_1_val_1_bismark_hisat2_pe.bismark.cov.gz
Park 2025,GSE251839,GSM8980818,105_Fibs,"WGBS (xGen Methyl-Seq, PE)",fibroblast,105,PMS (inferred),none,PMS (inferred) fibroblast,"GEO disease field mis-entered; group inferred from GSE297690 (105=PMS, HD=healthy)",SRR33556542,0.0,0.0,GSM8980818_105_Fibs_1_val_1_bismark_hisat2_pe.bismark.cov.gz
Park 2025,GSE251839,GSM8980819,105_iPS-NPCs,"WGBS (xGen Methyl-Seq, PE)",iPS-NSC,105,PMS (inferred),none,PMS (inferred) iPS-NSC,"GEO disease field mis-entered; group inferred from GSE297690 (105=PMS, HD=healthy)",SRR33556541,0.0,0.0,GSM8980819_105_iPS-NPCs_1_val_1_bismark_hisat2_pe.bismark.cov.gz
Park 2025,GSE251839,GSM8980820,HD_7hA_iNSCs,"WGBS (xGen Methyl-Seq, PE)",iNSC,HD,Ctrl (inferred),none,Ctrl (inferred) iNSC,"GEO disease field mis-entered; group inferred from GSE297690 (105=PMS, HD=healthy)",SRR33556540,0.0,0.0,GSM8980820_HD_7hA_iNSCs_1_val_1_bismark_hisat2_pe.bismark.cov.gz
Park 2025,GSE251839,GSM8980821,HD_Fibs,"WGBS (xGen Methyl-Seq, PE)",fibroblast,HD,Ctrl (inferred),none,Ctrl (inferred) fibroblast,"GEO disease field mis-entered; group inferred from GSE297690 (105=PMS, HD=healthy)",SRR33556539,0.0,0.0,GSM8980821_HD_Fibs_1_val_1_bismark_hisat2_pe.bam.bismark.cov.gz
Park 2025,GSE251839,GSM8980822,HD_iPS-NPCs,"WGBS (xGen Methyl-Seq, PE)",iPS-NSC,HD,Ctrl (inferred),none,Ctrl (inferred) iPS-NSC,"GEO disease field mis-entered; group inferred from GSE297690 (105=PMS, HD=healthy)",SRR33556538,0.0,0.0,GSM8980822_HD_iPS-NPCs_1_val_1_bismark_hisat2_pe.bismark.cov.gz
Ionescu 2024,ST003328,AMC A P1,AMC A P1,LC-MS intracellular lipidomics,iNSC,Ctrl-A,Ctrl (AMC),none,"Ctrl (AMC), none",Metabolomics Workbench factors,,,,raw file: DS1-93-001
Ionescu 2024,ST003328,AMC A P2,AMC A P2,LC-MS intracellular lipidomics,iNSC,Ctrl-A,Ctrl (AMC),none,"Ctrl (AMC), none",Metabolomics Workbench factors,,,,raw file: DS1-93-002
Ionescu 2024,ST003328,AMC A P3,AMC A P3,LC-MS intracellular lipidomics,iNSC,Ctrl-A,Ctrl (AMC),none,"Ctrl (AMC), none",Metabolomics Workbench factors,,,,raw file: DS1-93-003
Ionescu 2024,ST003328,AMC B P1,AMC B P1,LC-MS intracellular lipidomics,iNSC,Ctrl-B,Ctrl (AMC),none,"Ctrl (AMC), none",Metabolomics Workbench factors,,,,raw file: DS1-93-004
Ionescu 2024,ST003328,AMC B P2,AMC B P2,LC-MS intracellular lipidomics,iNSC,Ctrl-B,Ctrl (AMC),none,"Ctrl (AMC), none",Metabolomics Workbench factors,,,,raw file: DS1-93-005
Ionescu 2024,ST003328,AMC B P3,AMC B P3,LC-MS intracellular lipidomics,iNSC,Ctrl-B,Ctrl (AMC),none,"Ctrl (AMC), none",Metabolomics Workbench factors,,,,raw file: DS1-93-006
Ionescu 2024,ST003328,AMC C P1,AMC C P1,LC-MS intracellular lipidomics,iNSC,Ctrl-C,Ctrl (AMC),none,"Ctrl (AMC), none",Metabolomics Workbench factors,,,,raw file: DS1-93-007
Ionescu 2024,ST003328,AMC C P2,AMC C P2,LC-MS intracellular lipidomics,iNSC,Ctrl-C,Ctrl (AMC),none,"Ctrl (AMC), none",Metabolomics Workbench factors,,,,raw file: DS1-93-008
Ionescu 2024,ST003328,AMC C P3,AMC C P3,LC-MS intracellular lipidomics,iNSC,Ctrl-C,Ctrl (AMC),none,"Ctrl (AMC), none",Metabolomics Workbench factors,,,,raw file: DS1-93-009
Ionescu 2024,ST003328,AMC A SV P1,AMC A SV P1,LC-MS intracellular lipidomics,iNSC,Ctrl-A,Ctrl (AMC),"simvastatin 10 uM, 48 h","Ctrl (AMC), simvastatin 10 uM, 48 h",Metabolomics Workbench factors,,,,raw file: DS1-93-010
Ionescu 2024,ST003328,AMC A SV P2,AMC A SV P2,LC-MS intracellular lipidomics,iNSC,Ctrl-A,Ctrl (AMC),"simvastatin 10 uM, 48 h","Ctrl (AMC), simvastatin 10 uM, 48 h",Metabolomics Workbench factors,,,,raw file: DS1-93-011
Ionescu 2024,ST003328,AMC A SV P3,AMC A SV P3,LC-MS intracellular lipidomics,iNSC,Ctrl-A,Ctrl (AMC),"simvastatin 10 uM, 48 h","Ctrl (AMC), simvastatin 10 uM, 48 h",Metabolomics Workbench factors,,,,raw file: DS1-93-012
Ionescu 2024,ST003328,AMC B SV P1,AMC B SV P1,LC-MS intracellular lipidomics,iNSC,Ctrl-B,Ctrl (AMC),"simvastatin 10 uM, 48 h","Ctrl (AMC), simvastatin 10 uM, 48 h",Metabolomics Workbench factors,,,,raw file: DS1-93-013
Ionescu 2024,ST003328,AMC B SV P2,AMC B SV P2,LC-MS intracellular lipidomics,iNSC,Ctrl-B,Ctrl (AMC),"simvastatin 10 uM, 48 h","Ctrl (AMC), simvastatin 10 uM, 48 h",Metabolomics Workbench factors,,,,raw file: DS1-93-014
Ionescu 2024,ST003328,AMC B SV P3,AMC B SV P3,LC-MS intracellular lipidomics,iNSC,Ctrl-B,Ctrl (AMC),"simvastatin 10 uM, 48 h","Ctrl (AMC), simvastatin 10 uM, 48 h",Metabolomics Workbench factors,,,,raw file: DS1-93-015
Ionescu 2024,ST003328,AMC C SV P1,AMC C SV P1,LC-MS intracellular lipidomics,iNSC,Ctrl-C,Ctrl (AMC),"simvastatin 10 uM, 48 h","Ctrl (AMC), simvastatin 10 uM, 48 h",Metabolomics Workbench factors,,,,raw file: DS1-93-016
Ionescu 2024,ST003328,AMC C SV P2,AMC C SV P2,LC-MS intracellular lipidomics,iNSC,Ctrl-C,Ctrl (AMC),"simvastatin 10 uM, 48 h","Ctrl (AMC), simvastatin 10 uM, 48 h",Metabolomics Workbench factors,,,,raw file: DS1-93-017
Ionescu 2024,ST003328,AMC C SV P3,AMC C SV P3,LC-MS intracellular lipidomics,iNSC,Ctrl-C,Ctrl (AMC),"simvastatin 10 uM, 48 h","Ctrl (AMC), simvastatin 10 uM, 48 h",Metabolomics Workbench factors,,,,raw file: DS1-93-018
Ionescu 2024,ST003328,PMA A P1,PMA A P1,LC-MS intracellular lipidomics,iNSC,PMS-A,PMS,none,"PMS, none",Metabolomics Workbench factors ('PMA' in sample name read as PMS),,,,raw file: DS1-93-019
Ionescu 2024,ST003328,PMA A P2,PMA A P2,LC-MS intracellular lipidomics,iNSC,PMS-A,PMS,none,"PMS, none",Metabolomics Workbench factors ('PMA' in sample name read as PMS),,,,raw file: DS1-93-020
Ionescu 2024,ST003328,PMA A P3,PMA A P3,LC-MS intracellular lipidomics,iNSC,PMS-A,PMS,none,"PMS, none",Metabolomics Workbench factors ('PMA' in sample name read as PMS),,,,raw file: DS1-93-021
Ionescu 2024,ST003328,PMA B P1,PMA B P1,LC-MS intracellular lipidomics,iNSC,PMS-B,PMS,none,"PMS, none",Metabolomics Workbench factors ('PMA' in sample name read as PMS),,,,raw file: DS1-93-022
Ionescu 2024,ST003328,PMA B P2,PMA B P2,LC-MS intracellular lipidomics,iNSC,PMS-B,PMS,none,"PMS, none",Metabolomics Workbench factors ('PMA' in sample name read as PMS),,,,raw file: DS1-93-023
Ionescu 2024,ST003328,PMA B P3,PMA B P3,LC-MS intracellular lipidomics,iNSC,PMS-B,PMS,none,"PMS, none",Metabolomics Workbench factors ('PMA' in sample name read as PMS),,,,raw file: DS1-93-024
Ionescu 2024,ST003328,PMS C P1,PMS C P1,LC-MS intracellular lipidomics,iNSC,PMS-C,PMS,none,"PMS, none",Metabolomics Workbench factors,,,,raw file: DS1-93-025
Ionescu 2024,ST003328,PMS C P2,PMS C P2,LC-MS intracellular lipidomics,iNSC,PMS-C,PMS,none,"PMS, none",Metabolomics Workbench factors,,,,raw file: DS1-93-026
Ionescu 2024,ST003328,PMS C P3,PMS C P3,LC-MS intracellular lipidomics,iNSC,PMS-C,PMS,none,"PMS, none",Metabolomics Workbench factors,,,,raw file: DS1-93-027
Ionescu 2024,ST003328,PMS D P1,PMS D P1,LC-MS intracellular lipidomics,iNSC,PMS-D,PMS,none,"PMS, none",Metabolomics Workbench factors,,,,raw file: DS1-93-028
Ionescu 2024,ST003328,PMS D P2,PMS D P2,LC-MS intracellular lipidomics,iNSC,PMS-D,PMS,none,"PMS, none",Metabolomics Workbench factors,,,,raw file: DS1-93-029
Ionescu 2024,ST003328,PMS D P3,PMS D P3,LC-MS intracellular lipidomics,iNSC,PMS-D,PMS,none,"PMS, none",Metabolomics Workbench factors,,,,raw file: DS1-93-030
Ionescu 2024,ST003328,PMA A SV P1,PMA A SV P1,LC-MS intracellular lipidomics,iNSC,PMS-A,PMS,"simvastatin 10 uM, 48 h","PMS, simvastatin 10 uM, 48 h",Metabolomics Workbench factors ('PMA' in sample name read as PMS),,,,raw file: DS1-93-031
Ionescu 2024,ST003328,PMA A SV P2,PMA A SV P2,LC-MS intracellular lipidomics,iNSC,PMS-A,PMS,"simvastatin 10 uM, 48 h","PMS, simvastatin 10 uM, 48 h",Metabolomics Workbench factors ('PMA' in sample name read as PMS),,,,raw file: DS1-93-032
Ionescu 2024,ST003328,PMA A SV P3,PMA A SV P3,LC-MS intracellular lipidomics,iNSC,PMS-A,PMS,"simvastatin 10 uM, 48 h","PMS, simvastatin 10 uM, 48 h",Metabolomics Workbench factors ('PMA' in sample name read as PMS),,,,raw file: DS1-93-033
Ionescu 2024,ST003328,PMA B SV P1,PMA B SV P1,LC-MS intracellular lipidomics,iNSC,PMS-B,PMS,"simvastatin 10 uM, 48 h","PMS, simvastatin 10 uM, 48 h",Metabolomics Workbench factors ('PMA' in sample name read as PMS),,,,raw file: DS1-93-034
Ionescu 2024,ST003328,PMA B SV P2,PMA B SV P2,LC-MS intracellular lipidomics,iNSC,PMS-B,PMS,"simvastatin 10 uM, 48 h","PMS, simvastatin 10 uM, 48 h",Metabolomics Workbench factors ('PMA' in sample name read as PMS),,,,raw file: DS1-93-035
Ionescu 2024,ST003328,PMA B SV P3,PMA B SV P3,LC-MS intracellular lipidomics,iNSC,PMS-B,PMS,"simvastatin 10 uM, 48 h","PMS, simvastatin 10 uM, 48 h",Metabolomics Workbench factors ('PMA' in sample name read as PMS),,,,raw file: DS1-93-036
Ionescu 2024,ST003328,PMS C SV P1,PMS C SV P1,LC-MS intracellular lipidomics,iNSC,PMS-C,PMS,"simvastatin 10 uM, 48 h","PMS, simvastatin 10 uM, 48 h",Metabolomics Workbench factors,,,,raw file: DS1-93-037
Ionescu 2024,ST003328,PMS C SV P2,PMS C SV P2,LC-MS intracellular lipidomics,iNSC,PMS-C,PMS,"simvastatin 10 uM, 48 h","PMS, simvastatin 10 uM, 48 h",Metabolomics Workbench factors,,,,raw file: DS1-93-038
Ionescu 2024,ST003328,PMS C SV P3,PMS C SV P3,LC-MS intracellular lipidomics,iNSC,PMS-C,PMS,"simvastatin 10 uM, 48 h","PMS, simvastatin 10 uM, 48 h",Metabolomics Workbench factors,,,,raw file: DS1-93-039
Ionescu 2024,ST003328,PMS D SV P1,PMS D SV P1,LC-MS intracellular lipidomics,iNSC,PMS-D,PMS,"simvastatin 10 uM, 48 h","PMS, simvastatin 10 uM, 48 h",Metabolomics Workbench factors,,,,raw file: DS1-93-040
Ionescu 2024,ST003328,PMS D SV P2,PMS D SV P2,LC-MS intracellular lipidomics,iNSC,PMS-D,PMS,"simvastatin 10 uM, 48 h","PMS, simvastatin 10 uM, 48 h",Metabolomics Workbench factors,,,,raw file: DS1-93-041
Ionescu 2024,ST003328,PMS D SV P3,PMS D SV P3,LC-MS intracellular lipidomics,iNSC,PMS-D,PMS,"simvastatin 10 uM, 48 h","PMS, simvastatin 10 uM, 48 h",Metabolomics Workbench factors,,,,raw file: DS1-93-042
Ionescu 2024,ST003330,AMC A S4,AMC A S4,LC-MS extracellular (medium) lipidomics,conditioned medium,Ctrl-A,Ctrl (AMC),none,"Ctrl (AMC), none",Metabolomics Workbench factors,,,,raw file: DS1-58-025
Ionescu 2024,ST003330,AMC A S5,AMC A S5,LC-MS extracellular (medium) lipidomics,conditioned medium,Ctrl-A,Ctrl (AMC),none,"Ctrl (AMC), none",Metabolomics Workbench factors,,,,raw file: DS1-58-026
Ionescu 2024,ST003330,AMC A S6,AMC A S6,LC-MS extracellular (medium) lipidomics,conditioned medium,Ctrl-A,Ctrl (AMC),none,"Ctrl (AMC), none",Metabolomics Workbench factors,,,,raw file: DS1-58-027
Ionescu 2024,ST003330,AMC B S4,AMC B S4,LC-MS extracellular (medium) lipidomics,conditioned medium,Ctrl-B,Ctrl (AMC),none,"Ctrl (AMC), none",Metabolomics Workbench factors,,,,raw file: DS1-58-028
Ionescu 2024,ST003330,AMC B S5,AMC B S5,LC-MS extracellular (medium) lipidomics,conditioned medium,Ctrl-B,Ctrl (AMC),none,"Ctrl (AMC), none",Metabolomics Workbench factors,,,,raw file: DS1-58-029
Ionescu 2024,ST003330,AMC B S6,AMC B S6,LC-MS extracellular (medium) lipidomics,conditioned medium,Ctrl-B,Ctrl (AMC),none,"Ctrl (AMC), none",Metabolomics Workbench factors,,,,raw file: DS1-58-030
Ionescu 2024,ST003330,AMC D S4,AMC D S4,LC-MS extracellular (medium) lipidomics,conditioned medium,Ctrl-D,Ctrl (AMC),none,"Ctrl (AMC), none",Metabolomics Workbench factors,,,,raw file: DS1-58-034
Ionescu 2024,ST003330,AMC D S5,AMC D S5,LC-MS extracellular (medium) lipidomics,conditioned medium,Ctrl-D,Ctrl (AMC),none,"Ctrl (AMC), none",Metabolomics Workbench factors,,,,raw file: DS1-58-035
Ionescu 2024,ST003330,AMC D S6,AMC D S6,LC-MS extracellular (medium) lipidomics,conditioned medium,Ctrl-D,Ctrl (AMC),none,"Ctrl (AMC), none",Metabolomics Workbench factors,,,,raw file: DS1-58-036
Ionescu 2024,ST003330,PMS A S4,PMS A S4,LC-MS extracellular (medium) lipidomics,conditioned medium,PMS-A,PMS,none,"PMS, none",Metabolomics Workbench factors,,,,raw file: DS1-58-037
Ionescu 2024,ST003330,PMS A S5,PMS A S5,LC-MS extracellular (medium) lipidomics,conditioned medium,PMS-A,PMS,none,"PMS, none",Metabolomics Workbench factors,,,,raw file: DS1-58-038
Ionescu 2024,ST003330,PMS A S6,PMS A S6,LC-MS extracellular (medium) lipidomics,conditioned medium,PMS-A,PMS,none,"PMS, none",Metabolomics Workbench factors,,,,raw file: DS1-58-039
Ionescu 2024,ST003330,PMS B S4,PMS B S4,LC-MS extracellular (medium) lipidomics,conditioned medium,PMS-B,PMS,none,"PMS, none",Metabolomics Workbench factors,,,,raw file: DS1-58-040
Ionescu 2024,ST003330,PMS B S5,PMS B S5,LC-MS extracellular (medium) lipidomics,conditioned medium,PMS-B,PMS,none,"PMS, none",Metabolomics Workbench factors,,,,raw file: DS1-58-041
Ionescu 2024,ST003330,PMS B S6,PMS B S6,LC-MS extracellular (medium) lipidomics,conditioned medium,PMS-B,PMS,none,"PMS, none",Metabolomics Workbench factors,,,,raw file: DS1-58-042
Ionescu 2024,ST003330,PMS C S4,PMS C S4,LC-MS extracellular (medium) lipidomics,conditioned medium,PMS-C,PMS,none,"PMS, none",Metabolomics Workbench factors,,,,raw file: DS1-58-043
Ionescu 2024,ST003330,PMS C S5,PMS C S5,LC-MS extracellular (medium) lipidomics,conditioned medium,PMS-C,PMS,none,"PMS, none",Metabolomics Workbench factors,,,,raw file: DS1-58-044
Ionescu 2024,ST003330,PMS C S6,PMS C S6,LC-MS extracellular (medium) lipidomics,conditioned medium,PMS-C,PMS,none,"PMS, none",Metabolomics Workbench factors,,,,raw file: DS1-58-045
Ionescu 2024,ST003330,PMS D S4,PMS D S4,LC-MS extracellular (medium) lipidomics,conditioned medium,PMS-D,PMS,none,"PMS, none",Metabolomics Workbench factors,,,,raw file: DS1-58-046
Ionescu 2024,ST003330,PMS D S5,PMS D S5,LC-MS extracellular (medium) lipidomics,conditioned medium,PMS-D,PMS,none,"PMS, none",Metabolomics Workbench factors,,,,raw file: DS1-58-047
Ionescu 2024,ST003330,PMS D S6,PMS D S6,LC-MS extracellular (medium) lipidomics,conditioned medium,PMS-D,PMS,none,"PMS, none",Metabolomics Workbench factors,,,,raw file: DS1-58-048
Ionescu 2024,ST003330,NC 4,NC 4,LC-MS extracellular (medium) lipidomics,conditioned medium,none,no-cell blank medium,n/a,"no-cell blank medium, n/a",Metabolomics Workbench factors,,,,raw file: DS1-58-049
Ionescu 2024,ST003330,NC 5,NC 5,LC-MS extracellular (medium) lipidomics,conditioned medium,none,no-cell blank medium,n/a,"no-cell blank medium, n/a",Metabolomics Workbench factors,,,,raw file: DS1-58-050
Ionescu 2024,ST003330,NC 6,NC 6,LC-MS extracellular (medium) lipidomics,conditioned medium,none,no-cell blank medium,n/a,"no-cell blank medium, n/a",Metabolomics Workbench factors,,,,raw file: DS1-58-051
Ionescu 2024,ST003331,DN47-01,DN47-01,"LC-MS intracellular metabolomics, 24 h [U-13C6]glucose",iNSC,subject A,Ctrl (AMC),none,"Ctrl (AMC), none",Metabolomics Workbench factors,,,,raw file: DN47-01_r20-
Ionescu 2024,ST003331,DN47-02,DN47-02,"LC-MS intracellular metabolomics, 24 h [U-13C6]glucose",iNSC,subject A,Ctrl (AMC),none,"Ctrl (AMC), none",Metabolomics Workbench factors,,,,raw file: DN47-02_r19-
Ionescu 2024,ST003331,DN47-03,DN47-03,"LC-MS intracellular metabolomics, 24 h [U-13C6]glucose",iNSC,subject A,Ctrl (AMC),none,"Ctrl (AMC), none",Metabolomics Workbench factors,,,,raw file: DN47-03_r15-
Ionescu 2024,ST003331,DN47-04,DN47-04,"LC-MS intracellular metabolomics, 24 h [U-13C6]glucose",iNSC,subject B,Ctrl (AMC),none,"Ctrl (AMC), none",Metabolomics Workbench factors,,,,raw file: DN47-04_r8-
Ionescu 2024,ST003331,DN47-05,DN47-05,"LC-MS intracellular metabolomics, 24 h [U-13C6]glucose",iNSC,subject B,Ctrl (AMC),none,"Ctrl (AMC), none",Metabolomics Workbench factors,,,,raw file: DN47-05_r10-
Ionescu 2024,ST003331,DN47-06,DN47-06,"LC-MS intracellular metabolomics, 24 h [U-13C6]glucose",iNSC,subject B,Ctrl (AMC),none,"Ctrl (AMC), none",Metabolomics Workbench factors,,,,raw file: DN47-06_r13-
Ionescu 2024,ST003331,DN47-10,DN47-10,"LC-MS intracellular metabolomics, 24 h [U-13C6]glucose",iNSC,subject C,Ctrl (AMC),none,"Ctrl (AMC), none",Metabolomics Workbench factors,,,,raw file: DN47-10_r16-
Ionescu 2024,ST003331,DN47-11,DN47-11,"LC-MS intracellular metabolomics, 24 h [U-13C6]glucose",iNSC,subject C,Ctrl (AMC),none,"Ctrl (AMC), none",Metabolomics Workbench factors,,,,raw file: DN47-11_r3-
Ionescu 2024,ST003331,DN47-12,DN47-12,"LC-MS intracellular metabolomics, 24 h [U-13C6]glucose",iNSC,subject C,Ctrl (AMC),none,"Ctrl (AMC), none",Metabolomics Workbench factors,,,,raw file: DN47-12_r12-
Ionescu 2024,ST003331,DN47-13,DN47-13,"LC-MS intracellular metabolomics, 24 h [U-13C6]glucose",iNSC,subject D,PMS,none,"PMS, none",Metabolomics Workbench factors,,,,raw file: DN47-13_r11-
Ionescu 2024,ST003331,DN47-14,DN47-14,"LC-MS intracellular metabolomics, 24 h [U-13C6]glucose",iNSC,subject D,PMS,none,"PMS, none",Metabolomics Workbench factors,,,,raw file: DN47-14_r1-
Ionescu 2024,ST003331,DN47-15,DN47-15,"LC-MS intracellular metabolomics, 24 h [U-13C6]glucose",iNSC,subject D,PMS,none,"PMS, none",Metabolomics Workbench factors,,,,raw file: DN47-15_r17-
Ionescu 2024,ST003331,DN47-16,DN47-16,"LC-MS intracellular metabolomics, 24 h [U-13C6]glucose",iNSC,subject E,PMS,none,"PMS, none",Metabolomics Workbench factors,,,,raw file: DN47-16_r2-
Ionescu 2024,ST003331,DN47-17,DN47-17,"LC-MS intracellular metabolomics, 24 h [U-13C6]glucose",iNSC,subject E,PMS,none,"PMS, none",Metabolomics Workbench factors,,,,raw file: DN47-17_r5-
Ionescu 2024,ST003331,DN47-18,DN47-18,"LC-MS intracellular metabolomics, 24 h [U-13C6]glucose",iNSC,subject E,PMS,none,"PMS, none",Metabolomics Workbench factors,,,,raw file: DN47-18_r4-
Ionescu 2024,ST003331,DN47-19,DN47-19,"LC-MS intracellular metabolomics, 24 h [U-13C6]glucose",iNSC,subject F,PMS,none,"PMS, none",Metabolomics Workbench factors,,,,raw file: DN47-19_r9-
Ionescu 2024,ST003331,DN47-20,DN47-20,"LC-MS intracellular metabolomics, 24 h [U-13C6]glucose",iNSC,subject F,PMS,none,"PMS, none",Metabolomics Workbench factors,,,,raw file: DN47-20_r21-
Ionescu 2024,ST003331,DN47-21,DN47-21,"LC-MS intracellular metabolomics, 24 h [U-13C6]glucose",iNSC,subject F,PMS,none,"PMS, none",Metabolomics Workbench factors,,,,raw file: DN47-21_r18-
Ionescu 2024,ST003331,DN47-22,DN47-22,"LC-MS intracellular metabolomics, 24 h [U-13C6]glucose",iNSC,subject G,PMS,none,"PMS, none",Metabolomics Workbench factors,,,,raw file: DN47-22_r7-
Ionescu 2024,ST003331,DN47-23,DN47-23,"LC-MS intracellular metabolomics, 24 h [U-13C6]glucose",iNSC,subject G,PMS,none,"PMS, none",Metabolomics Workbench factors,,,,raw file: DN47-23_r24-
Ionescu 2024,ST003331,DN47-24,DN47-24,"LC-MS intracellular metabolomics, 24 h [U-13C6]glucose",iNSC,subject G,PMS,none,"PMS, none",Metabolomics Workbench factors,,,,raw file: DN47-24_r6-
Ionescu 2024,ST003332,AMC A S7,AMC A S7,"LC-MS extracellular (medium) metabolomics, 24 h [U-13C6]glucose",conditioned medium,Ctrl-A,Ctrl (AMC),none,"Ctrl (AMC), none",Metabolomics Workbench factors,,,,raw file: DN47-25
Ionescu 2024,ST003332,AMC A S8,AMC A S8,"LC-MS extracellular (medium) metabolomics, 24 h [U-13C6]glucose",conditioned medium,Ctrl-A,Ctrl (AMC),none,"Ctrl (AMC), none",Metabolomics Workbench factors,,,,raw file: DN47-26
Ionescu 2024,ST003332,AMC A S9,AMC A S9,"LC-MS extracellular (medium) metabolomics, 24 h [U-13C6]glucose",conditioned medium,Ctrl-A,Ctrl (AMC),none,"Ctrl (AMC), none",Metabolomics Workbench factors,,,,raw file: DN47-27
Ionescu 2024,ST003332,AMC B S7,AMC B S7,"LC-MS extracellular (medium) metabolomics, 24 h [U-13C6]glucose",conditioned medium,Ctrl-B,Ctrl (AMC),none,"Ctrl (AMC), none",Metabolomics Workbench factors,,,,raw file: DN47-28
Ionescu 2024,ST003332,AMC B S8,AMC B S8,"LC-MS extracellular (medium) metabolomics, 24 h [U-13C6]glucose",conditioned medium,Ctrl-B,Ctrl (AMC),none,"Ctrl (AMC), none",Metabolomics Workbench factors,,,,raw file: DN47-29
Ionescu 2024,ST003332,AMC B S9,AMC B S9,"LC-MS extracellular (medium) metabolomics, 24 h [U-13C6]glucose",conditioned medium,Ctrl-B,Ctrl (AMC),none,"Ctrl (AMC), none",Metabolomics Workbench factors,,,,raw file: DN47-30
Ionescu 2024,ST003332,AMC D S7,AMC D S7,"LC-MS extracellular (medium) metabolomics, 24 h [U-13C6]glucose",conditioned medium,Ctrl-D,Ctrl (AMC),none,"Ctrl (AMC), none",Metabolomics Workbench factors,,,,raw file: DN47-34
Ionescu 2024,ST003332,AMC D S8,AMC D S8,"LC-MS extracellular (medium) metabolomics, 24 h [U-13C6]glucose",conditioned medium,Ctrl-D,Ctrl (AMC),none,"Ctrl (AMC), none",Metabolomics Workbench factors,,,,raw file: DN47-35
Ionescu 2024,ST003332,AMC D S9,AMC D S9,"LC-MS extracellular (medium) metabolomics, 24 h [U-13C6]glucose",conditioned medium,Ctrl-D,Ctrl (AMC),none,"Ctrl (AMC), none",Metabolomics Workbench factors,,,,raw file: DN47-36
Ionescu 2024,ST003332,PMS A S7,PMS A S7,"LC-MS extracellular (medium) metabolomics, 24 h [U-13C6]glucose",conditioned medium,PMS-A,PMS,none,"PMS, none",Metabolomics Workbench factors,,,,raw file: DN47-37
Ionescu 2024,ST003332,PMS A S8,PMS A S8,"LC-MS extracellular (medium) metabolomics, 24 h [U-13C6]glucose",conditioned medium,PMS-A,PMS,none,"PMS, none",Metabolomics Workbench factors,,,,raw file: DN47-38
Ionescu 2024,ST003332,PMS A S9,PMS A S9,"LC-MS extracellular (medium) metabolomics, 24 h [U-13C6]glucose",conditioned medium,PMS-A,PMS,none,"PMS, none",Metabolomics Workbench factors,,,,raw file: DN47-39
Ionescu 2024,ST003332,PMS B S7,PMS B S7,"LC-MS extracellular (medium) metabolomics, 24 h [U-13C6]glucose",conditioned medium,PMS-B,PMS,none,"PMS, none",Metabolomics Workbench factors,,,,raw file: DN47-40
Ionescu 2024,ST003332,PMS B S8,PMS B S8,"LC-MS extracellular (medium) metabolomics, 24 h [U-13C6]glucose",conditioned medium,PMS-B,PMS,none,"PMS, none",Metabolomics Workbench factors,,,,raw file: DN47-41
Ionescu 2024,ST003332,PMS B S9,PMS B S9,"LC-MS extracellular (medium) metabolomics, 24 h [U-13C6]glucose",conditioned medium,PMS-B,PMS,none,"PMS, none",Metabolomics Workbench factors,,,,raw file: DN47-42
Ionescu 2024,ST003332,PMS C S7,PMS C S7,"LC-MS extracellular (medium) metabolomics, 24 h [U-13C6]glucose",conditioned medium,PMS-C,PMS,none,"PMS, none",Metabolomics Workbench factors,,,,raw file: DN47-43
Ionescu 2024,ST003332,PMS C S8,PMS C S8,"LC-MS extracellular (medium) metabolomics, 24 h [U-13C6]glucose",conditioned medium,PMS-C,PMS,none,"PMS, none",Metabolomics Workbench factors,,,,raw file: DN47-44
Ionescu 2024,ST003332,PMS C S9,PMS C S9,"LC-MS extracellular (medium) metabolomics, 24 h [U-13C6]glucose",conditioned medium,PMS-C,PMS,none,"PMS, none",Metabolomics Workbench factors,,,,raw file: DN47-45
Ionescu 2024,ST003332,PMS D S7,PMS D S7,"LC-MS extracellular (medium) metabolomics, 24 h [U-13C6]glucose",conditioned medium,PMS-D,PMS,none,"PMS, none",Metabolomics Workbench factors,,,,raw file: DN47-46
Ionescu 2024,ST003332,PMS D S8,PMS D S8,"LC-MS extracellular (medium) metabolomics, 24 h [U-13C6]glucose",conditioned medium,PMS-D,PMS,none,"PMS, none",Metabolomics Workbench factors,,,,raw file: DN47-47
Ionescu 2024,ST003332,PMS D S9,PMS D S9,"LC-MS extracellular (medium) metabolomics, 24 h [U-13C6]glucose",conditioned medium,PMS-D,PMS,none,"PMS, none",Metabolomics Workbench factors,,,,raw file: DN47-48
Ionescu 2024,ST003332,NC 7,NC 7,"LC-MS extracellular (medium) metabolomics, 24 h [U-13C6]glucose",conditioned medium,none,no-cell blank medium,n/a,"no-cell blank medium, n/a",Metabolomics Workbench factors,,,,raw file: DN47-49
Ionescu 2024,ST003332,NC 8,NC 8,"LC-MS extracellular (medium) metabolomics, 24 h [U-13C6]glucose",conditioned medium,none,no-cell blank medium,n/a,"no-cell blank medium, n/a",Metabolomics Workbench factors,,,,raw file: DN47-50
Ionescu 2024,ST003332,NC 9,NC 9,"LC-MS extracellular (medium) metabolomics, 24 h [U-13C6]glucose",conditioned medium,none,no-cell blank medium,n/a,"no-cell blank medium, n/a",Metabolomics Workbench factors,,,,raw file: DN47-51
