TF	C1	C2	C3	C4	C5	C6
ABL1	0.4930899441242218	0.9412305355072021	0.7681739926338196	0.5801280736923218	0.3374653458595276	0.8808935284614563
AHR	0.7355024814605713	0.6955292820930481	0.3999705910682678	0.6593759655952454	0.30615219473838806	0.5455224514007568
AIRE	0.8879015445709229	0.9412305355072021	0.7454307079315186	0.9737624526023865	0.4324580132961273	0.958957314491272
AP1	0.0004448105173651129	0.012190806679427624	5.294316451909253e-07	1.2192657777632121e-05	0.003471788950264454	8.492440528584666e-09
APEX1	0.9830926060676575	0.19191288948059082	0.03424704074859619	0.9514304995536804	0.36739882826805115	0.9988700747489929
AR	0.5733605623245239	0.4364367723464966	0.030363034456968307	0.23245330154895782	0.2777412235736847	0.04796167090535164
ARID1A	0.7410016655921936	0.6467587351799011	0.9739512801170349	0.5801280736923218	0.9264770746231079	0.5207802057266235
ARID3A	0.8932214975357056	0.779096245765686	0.8920327425003052	0.8859134912490845	0.8107579350471497	0.6536352038383484
ARID3B	0.8616142272949219	0.9171456694602966	0.9012346267700195	0.9481143355369568	0.9639498591423035	0.9593239426612854
ARID4A	0.9021173119544983	0.7632189989089966	0.9765210747718811	0.8859134912490845	0.5937429070472717	0.8808935284614563
ARID4B	0.37612056732177734	0.9370471835136414	0.4341471195220947	0.5254243016242981	0.7420739531517029	0.028811972588300705
ARNT	0.9830926060676575	0.9165889620780945	0.18529777228832245	0.5532482266426086	0.9254485368728638	0.422237753868103
ARX	0.31996119022369385	0.864082396030426	0.6324269771575928	0.42325103282928467	0.8605425953865051	0.29143378138542175
ASCL1	0.7355024814605713	0.5459544062614441	0.6272593140602112	0.7499282360076904	0.8769450187683105	0.9229905009269714
ASCL2	0.8722438812255859	0.7346275448799133	0.9723498225212097	0.7893736362457275	0.9266898036003113	0.8138778209686279
ATF1	0.2545275390148163	0.30901941657066345	0.027284130454063416	0.030422672629356384	0.17028303444385529	0.05944139510393143
ATF2	0.068033367395401	0.008688274770975113	0.0001683953742031008	0.006761169992387295	0.0004627337330020964	0.0004277953412383795
ATF3	0.6745001077651978	0.6537162661552429	0.3224194347858429	0.813786506652832	0.9531766772270203	0.017914889380335808
ATF4	0.0027355311904102564	0.004647393245249987	0.0015333503251895308	0.0008189465734176338	4.0433947106066626e-06	0.00479027908295393
ATF5	0.5959679484367371	0.779096245765686	0.41473865509033203	0.776360034942627	0.3951435089111328	0.33050504326820374
ATF6	0.9510305523872375	0.9370471835136414	0.3439222574234009	0.39572399854660034	0.5937429070472717	0.9882924556732178
BACH1	0.46116915345191956	0.3840561807155609	0.35304516553878784	0.06109199672937393	0.7862660884857178	0.2258313000202179
BACH2	0.2732917368412018	0.7098679542541504	0.9802752137184143	0.5703873634338379	0.907292902469635	0.7673407196998596
BARX1	0.7421876192092896	0.9412305355072021	0.0015152782434597611	0.22402417659759521	0.08039062470197678	0.29793232679367065
BARX2	0.37308216094970703	0.7098679542541504	0.5869129300117493	0.5254243016242981	0.9210354685783386	0.7708057165145874
BATF	0.7674277424812317	0.5050334334373474	0.6561607122421265	0.9946420788764954	0.5493132472038269	0.9863879680633545
BCL11A	0.7557175159454346	0.3301207721233368	0.5506539344787598	0.30566591024398804	0.40861257910728455	0.6113654375076294
BCL11B	0.434816837310791	0.11397289484739304	0.1830318421125412	0.09895750880241394	0.745891273021698	0.008473401889204979
BCL3	0.9448340535163879	0.781735360622406	0.9683114290237427	0.6485626101493835	0.9181588292121887	0.993975043296814
BCL6	0.9146551489830017	0.921614408493042	0.8226721882820129	0.981713593006134	0.7688560485839844	0.7988290786743164
BCLAF1	0.7188249230384827	0.7396272420883179	0.014499670825898647	0.11847187578678131	0.2246207296848297	0.3573242127895355
BCOR	0.1803746223449707	0.779096245765686	0.4341471195220947	0.41786596179008484	0.12604211270809174	0.524592936038971
BHLHA15	0.2076793760061264	0.6102210283279419	0.7666015625	0.574527382850647	0.7589505910873413	0.8812170624732971
BHLHE40	0.8425645232200623	0.8531628847122192	0.7681739926338196	0.6664522290229797	0.13042308390140533	0.8808935284614563
BHLHE41	0.8782103657722473	0.8687730431556702	0.9151917695999146	0.8175240159034729	0.6040812134742737	0.9769051671028137
BMAL1	0.32643061876296997	0.9412305355072021	0.34841275215148926	0.42325103282928467	0.7606402635574341	0.18967925012111664
BMAL2	0.029822131618857384	0.20229792594909668	0.16560925543308258	0.006896123290061951	0.5365707874298096	0.010406906716525555
BRCA1	0.08239014446735382	0.7946431636810303	0.3844466507434845	0.469997763633728	0.10846135765314102	0.24881887435913086
BRD4	0.13346120715141296	0.8865729570388794	0.788303792476654	0.6339252591133118	0.29111310839653015	0.54234778881073
BTG2	0.978432834148407	0.6710993051528931	0.890775740146637	0.9946420788764954	0.8605425953865051	0.9988700747489929
CDX1	0.4332343339920044	0.38573315739631653	0.9711756110191345	0.0901426300406456	0.9790259599685669	0.5739724040031433
CDX2	0.6925427317619324	0.7396272420883179	0.9982974529266357	0.5437839031219482	0.20074012875556946	0.6387835741043091
CEBPA	0.5457242727279663	0.22123044729232788	0.2869180142879486	0.12070919573307037	0.44127482175827026	0.16924074292182922
CEBPB	0.05483191832900047	0.012075779028236866	0.011251640506088734	0.009747011587023735	0.004991051275283098	0.0033871065825223923
CEBPD	0.6424688100814819	0.05601624399423599	0.0174733754247427	0.04091288149356842	0.29405564069747925	0.014468644745647907
CEBPE	0.8616142272949219	0.8591867089271545	0.6158203482627869	0.8446041345596313	0.9185003638267517	0.8808935284614563
CEBPG	0.14533337950706482	0.37679752707481384	0.09925083816051483	0.038163453340530396	0.3263987600803375	0.05978011339902878
CEBPZ	0.9510305523872375	0.19161434471607208	0.6061022281646729	0.9003804922103882	0.7896743416786194	0.8714103102684021
CIITA	0.8651718497276306	0.5963261127471924	0.9417750239372253	0.6833365559577942	0.41354790329933167	0.5995250344276428
CLOCK	0.20727230608463287	0.3037639856338501	0.05458005517721176	0.13253037631511688	0.15054550766944885	0.024220898747444153
CREB1	0.00034666701685637236	0.09225791692733765	7.483627268811688e-05	0.0033314989414066076	0.00019093135779257864	1.0780835509649478e-05
CREB3	0.5307830572128296	0.7189769744873047	0.6311102509498596	0.6892594695091248	0.2326466292142868	0.9741947054862976
CREB3L1	0.7557175159454346	0.44972744584083557	0.5248497724533081	0.1480366289615631	0.7974321246147156	0.1873105764389038
CREB5	0.6717692017555237	0.46102502942085266	0.21717259287834167	0.5267288088798523	0.28814998269081116	0.18045058846473694
CREBBP	0.6415362358093262	0.9412305355072021	0.00704368157312274	0.42676132917404175	0.10728146135807037	0.29143378138542175
CREBZF	0.36663150787353516	0.5050334334373474	0.6819853186607361	0.30566591024398804	0.6911090612411499	0.26899421215057373
CREM	0.7384589314460754	0.5384275317192078	0.808799684047699	0.9955405592918396	0.475591778755188	0.8819270133972168
CRX	0.8152846097946167	0.7826077938079834	0.18063555657863617	0.1867302805185318	0.907292902469635	0.9513119459152222
CTBP2	0.7831960916519165	0.5050334334373474	0.8876428604125977	0.7854417562484741	0.9210354685783386	0.33545270562171936
CTCF	0.981679379940033	0.6367069482803345	0.6983106732368469	0.9510571360588074	0.907292902469635	0.261727899312973
CTCFL	0.7557175159454346	0.9595638513565063	0.6450887322425842	0.693682849407196	0.671847939491272	0.8808935284614563
CTNNB1	0.40903398394584656	0.32801762223243713	0.06211666390299797	0.1388435661792755	0.17049185931682587	0.0860939621925354
CUX1	0.8425645232200623	0.7346275448799133	0.153925821185112	0.3880901336669922	0.7094001173973083	0.17189228534698486
CXXC1	0.7544618844985962	0.38573315739631653	0.8773897290229797	0.8393871188163757	0.3996729254722595	0.558503270149231
DACH1	0.8492289185523987	0.8748630285263062	0.15040530264377594	0.42676132917404175	0.9254485368728638	0.29249754548072815
DBP	0.37612056732177734	0.6102210283279419	0.8747876882553101	0.5338159799575806	0.9181588292121887	0.21512317657470703
DDIT3	0.6910766363143921	0.7346275448799133	0.9534093737602234	0.9481143355369568	0.29405564069747925	0.9739536643028259
DEAF1	0.9830926060676575	0.7237571477890015	0.4203187823295593	0.5801280736923218	0.9786098599433899	0.4046157896518707
DLX1	0.009715414606034756	0.0634492039680481	0.00704368157312274	4.704636012320407e-06	0.49734508991241455	0.0007410857360810041
DLX2	0.9351102113723755	0.37679752707481384	0.9248773455619812	0.7554356455802917	0.7896743416786194	0.8527936935424805
DLX3	0.3529151380062103	0.5275743007659912	0.13755828142166138	0.1930830180644989	0.07353975623846054	0.4146057665348053
DLX4	0.28084567189216614	0.2516980767250061	0.15203489363193512	0.45378878712654114	0.036992114037275314	0.0661529004573822
DLX5	0.003894713008776307	0.020582523196935654	0.017540430650115013	9.399878035765141e-05	0.1021735891699791	0.0007289392524398863
DMTF1	0.21762123703956604	0.5075355172157288	0.5687867999076843	0.5147855281829834	0.5150451064109802	0.07596028596162796
DNMT1	0.5873162150382996	0.9412305355072021	0.9933984875679016	0.3956212103366852	0.7862660884857178	0.7866504192352295
DNMT3A	0.9587297439575195	0.2775842249393463	0.010282802395522594	0.1658027470111847	0.25323522090911865	0.10246002674102783
DNMT3B	0.7384589314460754	0.6710993051528931	0.45899102091789246	0.42676132917404175	0.7688560485839844	0.4046157896518707
DOT1L	0.317294180393219	0.5075355172157288	0.4466067850589752	0.6339252591133118	0.03195827826857567	0.5123764872550964
E2F1	0.7355024814605713	0.4106347858905792	0.6216495633125305	0.9685848951339722	0.3034815192222595	0.9151431918144226
E2F2	0.6185049414634705	0.779096245765686	0.2869180142879486	0.4136193096637726	0.907292902469635	0.1461481899023056
E2F3	0.26216644048690796	0.8963940739631653	0.494021475315094	0.13713882863521576	0.9886537790298462	0.29143378138542175
E2F4	0.4930899441242218	0.7322258949279785	0.4341471195220947	0.13703247904777527	0.8203785419464111	0.15054771304130554
E2F5	0.44834890961647034	0.6102210283279419	0.2078377902507782	0.22404594719409943	0.5668932199478149	0.14518538117408752
E2F6	0.4775131046772003	0.9595638513565063	0.9303907752037048	0.46195024251937866	0.9266898036003113	0.8594907522201538
E2F7	0.3558087646961212	0.6902679800987244	0.5627663731575012	0.9737704992294312	0.7216210961341858	0.572385847568512
E4F1	0.2076793760061264	0.42482972145080566	0.4024353325366974	0.08815200626850128	0.5878977179527283	0.15054771304130554
EBF1	0.870543897151947	0.5536338090896606	0.494021475315094	0.9700256586074829	0.3374653458595276	0.6425212025642395
EBF3	0.8616142272949219	0.4017264246940613	0.9765210747718811	0.7554356455802917	0.5437273383140564	0.8527936935424805
EGR1	0.026189837604761124	0.01296200044453144	0.018911054357886314	0.006896123290061951	0.10894089192152023	7.033655128907412e-05
EGR2	0.06404609978199005	0.093368299305439	0.043863724917173386	0.018504997715353966	0.10846135765314102	0.008505931124091148
EGR3	0.7384589314460754	0.4388953447341919	0.5286586284637451	0.36178722977638245	0.9181588292121887	0.216532364487648
EGR4	0.5727616548538208	0.7346275448799133	0.9948757290840149	0.776360034942627	0.9281569123268127	0.5035884380340576
EHF	0.6038486957550049	0.3301207721233368	0.9417750239372253	0.7573226094245911	0.9997364282608032	0.16126090288162231
ELF1	0.7557175159454346	0.23499011993408203	0.09281604737043381	0.20289994776248932	0.3907327950000763	0.0899796411395073
ELF2	0.5733605623245239	0.000819292850792408	0.0717063620686531	0.16686774790287018	0.17028303444385529	0.00016580722876824439
ELF3	0.7355024814605713	0.9412305355072021	0.22180698812007904	0.7777565121650696	0.8605425953865051	0.8238607048988342
ELF4	0.7384589314460754	0.5075355172157288	0.3844466507434845	0.8859134912490845	0.37708884477615356	0.1377803236246109
ELF5	0.7972502112388611	0.3393200933933258	0.7681739926338196	0.5990952253341675	0.5732834935188293	0.506222128868103
ELK1	0.026189837604761124	0.5247725248336792	0.7471264004707336	0.07885260134935379	0.3374653458595276	0.3120608329772949
ELK3	0.5046893954277039	0.5369139909744263	0.48110631108283997	0.01736941933631897	0.5226151943206787	0.18045058846473694
ELK4	0.5331759452819824	0.5459544062614441	0.2232581377029419	0.5983192324638367	0.4953400790691376	0.0490703210234642
EMX2	0.8694251179695129	0.8072147965431213	0.7187869548797607	0.8445861339569092	0.9181588292121887	0.5533701181411743
EN1	0.9553689360618591	0.8963940739631653	0.5405396819114685	0.8242558240890503	0.2821558713912964	0.9988700747489929
ENO1	0.8353539705276489	0.8585128784179688	0.6061022281646729	0.7854467630386353	0.8324988484382629	0.6007964611053467
EOMES	0.12741796672344208	0.31309494376182556	0.7681739926338196	0.3410446345806122	0.7896743416786194	0.29793232679367065
EP300	0.6531554460525513	0.9029706120491028	0.5869129300117493	0.579925537109375	0.9254485368728638	0.6425212025642395
EPAS1	0.21762123703956604	0.5050334334373474	0.7572671175003052	0.12227103859186172	0.8605425953865051	0.29143378138542175
ERF	0.978432834148407	0.7436981797218323	0.7160717844963074	0.9737624526023865	0.7393792271614075	0.6425212025642395
ERG	0.6631062030792236	0.405504435300827	0.29724058508872986	0.4136193096637726	0.9460960626602173	0.029690776020288467
ESR1	0.04377484321594238	0.9323319792747498	0.03063018247485161	0.07579749822616577	0.49734508991241455	0.04483930766582489
ESR2	0.010857556015253067	0.3301207721233368	0.3844466507434845	0.004856443963944912	0.6977160573005676	0.03245580568909645
ESRRA	0.8331120014190674	0.7789446711540222	0.34841275215148926	0.46195024251937866	0.9497246742248535	0.7136353850364685
ESRRB	0.029822131618857384	0.37679752707481384	0.012761571444571018	0.015172317624092102	0.05481462553143501	0.02527563087642193
ESRRG	0.6424688100814819	0.6710993051528931	0.3498044013977051	0.4066767692565918	0.4071214497089386	0.4958254098892212
ETS1	4.6458067117782775e-06	4.530190551577107e-07	4.5696030070985216e-08	2.152377476249967e-08	3.359726406415575e-06	1.8506906077075946e-12
ETS2	0.007142674643546343	0.003320921678096056	0.00011201195593457669	0.000317275058478117	0.005417260807007551	1.4800167491557659e-06
ETV1	0.043479155749082565	0.14027653634548187	0.4336497187614441	0.02784530073404312	0.3996729254722595	0.03880550339818001
ETV3	0.7070605754852295	0.3840561807155609	0.2191559225320816	0.44878169894218445	0.443604975938797	0.10334999859333038
ETV4	0.016914594918489456	0.24166491627693176	0.01438306923955679	0.008496494963765144	0.08314483612775803	0.004762467462569475
ETV5	0.5558696985244751	0.8785915970802307	0.4116002023220062	0.038163453340530396	0.5365707874298096	0.33545270562171936
ETV6	0.8432303667068481	0.9660997986793518	0.6983106732368469	0.9737624526023865	0.7513750791549683	0.19142727553844452
ETV7	0.778754711151123	0.3185921311378479	0.010775524191558361	0.13713882863521576	0.08437086641788483	0.1873105764389038
EWSR1	0.1606011539697647	0.25538283586502075	0.11951406300067902	0.027841409668326378	0.4324580132961273	0.03326625004410744
EZH2	0.9553689360618591	0.20956531167030334	0.9422820210456848	0.37203294038772583	0.9859331846237183	0.580207884311676
FEZF1	0.4930899441242218	0.8591867089271545	0.006063159555196762	0.160785511136055	0.1724732369184494	0.14250904321670532
FEZF2	0.024489257484674454	0.00013527130067814142	0.40198925137519836	0.018658669665455818	0.05924168601632118	0.00058816495584324
FGF2	0.9587297439575195	0.6319330930709839	0.4024353325366974	0.9581992030143738	0.30615219473838806	0.3957723081111908
FHL2	0.9723853468894958	0.7237571477890015	0.9933984875679016	0.8356190919876099	0.9471334218978882	0.8808935284614563
FLI1	0.042973924428224564	0.31807762384414673	0.2619611918926239	0.08210434019565582	0.25358641147613525	0.03188028559088707
FOS	0.00011098622053395957	0.00010299905989086255	8.621235565442475e-07	6.511251626761805e-08	7.633254426764324e-05	5.4451501085850396e-08
FOSB	0.0008968698093667626	0.018136804923415184	8.010261808522046e-05	5.382902941164502e-07	0.06334123015403748	8.644336048746482e-06
FOSL1	0.035730164498090744	0.11397289484739304	0.39726197719573975	0.06307048350572586	0.5483890175819397	0.002891686512157321
FOSL2	0.0012229526182636619	0.04610130190849304	0.15040530264377594	0.05424201115965843	0.004991051275283098	0.0010386108187958598
FOXA1	0.8616142272949219	0.6102210283279419	0.9248773455619812	0.8445861339569092	0.592430055141449	0.8502897024154663
FOXA2	0.6415362358093262	0.18892070651054382	0.8845840692520142	0.27910399436950684	0.589336097240448	0.5223000645637512
FOXC1	0.5950796604156494	0.7899644374847412	0.24468913674354553	0.022290503606200218	0.936174213886261	0.524592936038971
FOXC2	0.6266432404518127	0.049266792833805084	0.40746867656707764	0.7499282360076904	0.08039062470197678	0.05574490875005722
FOXD3	0.1803746223449707	0.2576165795326233	0.000859533145558089	0.01028438750654459	0.09963040798902512	0.005356677807867527
FOXF2	0.7557175159454346	0.8317505717277527	0.6983106732368469	0.9946420788764954	0.36712634563446045	0.6924195289611816
FOXG1	0.3889210820198059	0.07357949018478394	0.6216495633125305	0.16850952804088593	0.3016662001609802	0.18688330054283142
FOXH1	0.6717692017555237	0.8379321694374084	0.6983106732368469	0.8242558240890503	0.5121888518333435	0.6421710252761841
FOXJ1	0.5224746465682983	0.8786389231681824	0.8717449307441711	0.38599783182144165	0.5840280055999756	0.9739536643028259
FOXL2	0.5457242727279663	0.062470488250255585	0.4842730760574341	0.23954980075359344	0.8605425953865051	0.4046157896518707
FOXM1	0.1803746223449707	0.3015729486942291	0.09610974043607712	0.23954980075359344	0.044674165546894073	0.05867675691843033
FOXN1	0.5213345885276794	0.5568044185638428	0.8249210119247437	0.5758887529373169	0.8702611923217773	0.2662034332752228
FOXN4	0.16305899620056152	0.8379321694374084	0.9417750239372253	0.3180939555168152	0.683745801448822	0.6641051173210144
FOXO1	0.7557175159454346	0.7435552477836609	0.1746264100074768	0.2073463350534439	0.8769450187683105	0.272896409034729
FOXO3	0.8353539705276489	0.16355927288532257	0.10360698401927948	0.1706833839416504	0.8584336042404175	0.1485888510942459
FOXO4	0.7411930561065674	0.8644506335258484	0.8039924502372742	0.685459315776825	0.8605425953865051	0.7585558295249939
FOXP1	0.8492289185523987	0.3301207721233368	0.34841275215148926	0.5112612247467041	0.3748582899570465	0.7483759522438049
FOXP2	0.9553689360618591	0.47409266233444214	0.40198925137519836	0.7554356455802917	0.2246207296848297	0.45297175645828247
FOXP3	0.7355024814605713	0.5459544062614441	0.5696977376937866	0.9481143355369568	0.9471334218978882	0.8134720325469971
FOXQ1	0.7557175159454346	0.6635708212852478	0.7681739926338196	0.4136193096637726	0.838782012462616	0.9988700747489929
GABPA	0.40903398394584656	0.7098679542541504	0.003258622484281659	0.053755052387714386	0.247465118765831	0.07019099593162537
GATA1	0.06165244057774544	0.9412305355072021	0.9614306092262268	0.41986632347106934	0.7132060527801514	0.4791316092014313
GATA2	0.2811676263809204	0.6698009967803955	0.6314648389816284	0.46978646516799927	0.45984596014022827	0.2921617329120636
GATA3	0.16808882355690002	0.16355927288532257	0.7187869548797607	0.20721642673015594	0.1336253434419632	0.2921617329120636
GATA4	0.08621831238269806	0.13988827168941498	0.029087601229548454	0.0021307794377207756	0.3565484583377838	0.012339085340499878
GATA5	0.6266432404518127	0.7346275448799133	0.6436465978622437	0.43535545468330383	0.745891273021698	0.589990496635437
GATA6	0.0012999342288821936	0.07716106623411179	0.4203187823295593	0.1122223362326622	0.0009865829488262534	0.039316460490226746
GBX2	0.7557175159454346	0.9666997194290161	0.8876428604125977	0.5758887529373169	0.4324580132961273	0.8011505007743835
GCM1	0.7972502112388611	0.9412305355072021	0.8773897290229797	0.6339252591133118	0.9281569123268127	0.9739536643028259
GFI1	0.6001660823822021	0.1154744103550911	0.03827932849526405	0.05529448390007019	0.18824712932109833	0.07424692064523697
GFI1B	0.8152846097946167	0.2692015469074249	0.3844466507434845	0.6631669998168945	0.3996729254722595	0.1434841901063919
GLI1	0.9230962991714478	0.37679752707481384	0.7969850301742554	0.8994574546813965	0.9210354685783386	0.9585021734237671
GLI2	0.8492289185523987	0.5386955142021179	0.4341471195220947	0.3225090801715851	0.6285713315010071	0.6177449226379395
GLI3	0.96004319190979	0.434544175863266	0.5971144437789917	0.5931276679039001	0.9471334218978882	0.27263039350509644
GRHL3	0.6910766363143921	0.7632189989089966	0.6485099792480469	0.7954512238502502	0.5669674873352051	0.9348558187484741
GSC	0.32643061876296997	0.7346275448799133	0.153925821185112	0.4136193096637726	0.06395141035318375	0.42982959747314453
GTF2I	0.1754889339208603	0.5459544062614441	0.6161478161811829	0.23245330154895782	0.49734508991241455	0.23879864811897278
GTF2IRD1	0.7972502112388611	0.871938943862915	0.9758540391921997	0.9900662302970886	0.44479039311408997	0.8845300078392029
GTF3A	0.0004894424928352237	0.0010308093624189496	0.00015081703895702958	5.8238433666701894e-06	0.0028378411661833525	1.2624979035535944e-06
HAND2	0.3041285276412964	0.048121701925992966	0.9929180145263672	0.23245330154895782	0.6621325016021729	0.1119142472743988
HBP1	0.7541459202766418	0.38573315739631653	0.3813396096229553	0.9481143355369568	0.5121888518333435	0.9210327863693237
HCFC1	0.9723853468894958	0.8591867089271545	0.870743453502655	0.9399862885475159	0.7832040190696716	0.9988700747489929
HDAC1	9.523007975076325e-06	0.005372283514589071	0.014499670825898647	0.0029759930912405252	0.0006913162651471794	1.0217240742349532e-06
HDAC3	0.7557175159454346	0.5599600076675415	0.9248773455619812	0.8300394415855408	0.9514897465705872	0.4111906886100769
HDAC4	0.746082067489624	0.3670457601547241	0.10210135579109192	0.2033272236585617	0.5483890175819397	0.0955076590180397
HDAC5	0.7794691920280457	0.35500580072402954	0.3833807110786438	0.8242558240890503	0.6873299479484558	0.04027044028043747
HDAC7	0.5821597576141357	0.6896718740463257	0.4341471195220947	0.5254243016242981	0.8696000576019287	0.14212863147258759
HDAC9	0.6415362358093262	0.8585128784179688	0.1265084594488144	0.27910399436950684	0.2338695228099823	0.6718946695327759
HDGF	0.9510305523872375	0.8570394515991211	0.5151765942573547	0.9356136918067932	0.7688560485839844	0.8890838027000427
HES1	0.25218215584754944	0.3185921311378479	0.39726197719573975	0.0121029457077384	0.8474209308624268	0.21515628695487976
HES6	0.22914893925189972	0.5897860527038574	0.49993056058883667	0.1930830180644989	0.8605425953865051	0.10901749134063721
HESX1	0.7557175159454346	0.9412305355072021	0.9012346267700195	0.981713593006134	0.9786098599433899	0.6113654375076294
HEY1	0.7557175159454346	0.4635026454925537	0.9012346267700195	0.9514304995536804	0.9471334218978882	0.6113654375076294
HEY2	0.7436882257461548	0.5369144082069397	0.3498044013977051	0.071159727871418	0.9254485368728638	0.2878798544406891
HHEX	0.31996119022369385	0.5599600076675415	0.2079325169324875	0.07936468720436096	0.8107579350471497	0.09384458512067795
HIC1	0.7421876192092896	0.8591867089271545	0.7666015625	0.5990952253341675	0.7836577892303467	0.8890838027000427
HIF1A	9.90988155535888e-06	0.02096600830554962	8.943235116021242e-06	8.929519026423804e-06	0.0003085861389990896	2.37223446220014e-07
HINFP	0.981679379940033	0.9412305355072021	0.8105484843254089	0.8964731097221375	0.9210354685783386	0.839928150177002
HIPK2	0.7972502112388611	0.8748630285263062	0.5298226475715637	0.8994574546813965	0.9854903817176819	0.4458354413509369
HIVEP1	0.9970186352729797	0.8963940739631653	0.009063325822353363	0.2341778725385666	0.9639498591423035	0.21016725897789001
HLF	0.434816837310791	0.9370471835136414	0.3094794750213623	0.7452165484428406	0.5914914011955261	0.22605779767036438
HLX	0.7617491483688354	0.6902679800987244	0.48215508460998535	0.9195696711540222	0.7132060527801514	0.8890838027000427
HMGA1	0.6751415133476257	0.6069192290306091	0.19612808525562286	0.38625383377075195	0.45169761776924133	0.22605779767036438
HMGA2	0.061584435403347015	0.31309494376182556	0.003235352225601673	0.0009193450678139925	0.32753539085388184	0.005957532674074173
HMGB2	0.5591440200805664	0.88735032081604	0.40959590673446655	0.8242281675338745	0.7323989868164062	0.3499886095523834
HNF1A	0.0008930654148571193	0.31309494376182556	0.583544909954071	0.044493820518255234	0.13953040540218353	0.03194376453757286
HNF1B	0.6244176030158997	0.5369139909744263	0.041174184530973434	0.3257862627506256	0.3291327953338623	0.05867675691843033
HNF4A	0.9533002376556396	0.6902679800987244	0.9106802344322205	0.7380532622337341	0.9254485368728638	0.8227384686470032
HOPX	0.32643061876296997	0.35091882944107056	0.5760190486907959	0.11767369508743286	0.3148891031742096	0.558503270149231
HOXA1	0.0377129428088665	0.8748630285263062	0.40198925137519836	0.053166549652814865	0.9210354685783386	0.28931012749671936
HOXA10	0.7557175159454346	0.8786389231681824	0.7681739926338196	0.881295919418335	0.36739882826805115	0.9739536643028259
HOXA11	0.2732917368412018	0.9202021360397339	0.4441196918487549	0.8575758337974548	0.5516919493675232	0.958957314491272
HOXA13	0.7021365165710449	0.9779696464538574	0.7016687393188477	0.058438148349523544	0.2508285641670227	0.5966082811355591
HOXA2	0.1803746223449707	0.9412305355072021	0.9015498161315918	0.9244920611381531	0.12798260152339935	0.8419911861419678
HOXA5	0.2076793760061264	0.19161434471607208	0.13568739593029022	0.05645117908716202	0.4258624315261841	0.021674370393157005
HOXA7	0.4930899441242218	0.779096245765686	0.5298226475715637	0.46195024251937866	0.5937429070472717	0.9773046374320984
HOXA9	0.37612056732177734	0.9412305355072021	0.5590598583221436	0.2074565440416336	0.9360002279281616	0.521562397480011
HOXB1	0.07891194522380829	0.9412305355072021	0.6595103144645691	0.038163453340530396	0.8895341157913208	0.6511447429656982
HOXB13	0.4739055037498474	0.21579986810684204	0.13568739593029022	0.2074565440416336	0.07765204459428787	0.18633799254894257
HOXB3	0.24006621539592743	0.936141312122345	0.788303792476654	0.3746874928474426	0.9266898036003113	0.9773046374320984
HOXB4	0.5672461986541748	0.4034188985824585	0.41178974509239197	0.23502367734909058	0.20153146982192993	0.6368635296821594
HOXB7	0.7384589314460754	0.9617396593093872	0.4842730760574341	0.7996888160705566	0.5150451064109802	0.7585558295249939
HOXC6	0.9587297439575195	0.5050334334373474	0.8226721882820129	0.7578760981559753	0.8769450187683105	0.5410053133964539
HOXC8	0.7557175159454346	0.7436981797218323	0.6983106732368469	0.8242815732955933	0.7323989868164062	0.8808935284614563
HOXD1	0.7541459202766418	0.7632189989089966	0.9033540487289429	0.9481143355369568	0.9281569123268127	0.8359097242355347
HOXD13	0.9510305523872375	0.8570394515991211	0.870743453502655	0.8818882703781128	0.25323522090911865	0.9162847399711609
HOXD3	0.016942502930760384	0.001858617877587676	0.04425635561347008	0.005635424517095089	0.0033301033545285463	0.0017662873724475503
HOXD8	0.6393855810165405	0.11397289484739304	0.9929180145263672	0.44027411937713623	0.9886537790298462	0.06386013329029083
HR	0.3390929698944092	0.757373571395874	0.3833807110786438	0.2127087116241455	0.9471334218978882	0.11758507788181305
HSF1	0.6531554460525513	0.7551314234733582	0.05274559184908867	0.43535545468330383	0.2246207296848297	0.216532364487648
HSF2	0.0615517757833004	0.5369139909744263	0.494021475315094	0.2033272236585617	0.24885548651218414	0.16924074292182922
HSF4	0.7355024814605713	0.7047529220581055	0.34841275215148926	0.5668593049049377	0.5749303698539734	0.29065459966659546
HTATIP2	0.23780913650989532	0.44112831354141235	0.8803883194923401	0.46195024251937866	0.9531766772270203	0.038788776844739914
ID1	0.06897956132888794	0.1635851114988327	0.004185873083770275	0.006205195561051369	0.00020414826576597989	0.23799054324626923
ID2	0.05147944763302803	0.16823828220367432	0.4341471195220947	0.07003922760486603	0.03328365087509155	0.272896409034729
ID3	0.3737125098705292	0.16632376611232758	0.12076812982559204	0.34070077538490295	0.011838259175419807	0.13942362368106842
ID4	0.5782999992370605	0.5897860527038574	0.9012346267700195	0.7559400796890259	0.2757929563522339	0.28931012749671936
IKZF1	0.32643061876296997	0.38573315739631653	0.6983106732368469	0.5801280736923218	0.08558593690395355	0.54234778881073
ING4	0.7557175159454346	0.6365723609924316	0.5808621048927307	0.7175253033638	0.31515374779701233	0.7202408313751221
IRF1	0.8616142272949219	0.0478440560400486	8.943235116021242e-06	0.11932597309350967	0.06395141035318375	5.374340253183618e-05
IRF2	0.08564039319753647	0.04610130190849304	0.0015152782434597611	0.07936468720436096	0.14279548823833466	6.386296718119411e-07
IRF3	0.14533337950706482	0.0010308093624189496	0.00011201195593457669	0.06526526808738708	0.001467789290472865	3.44451336786733e-07
IRF4	0.12735378742218018	0.8644506335258484	0.5433610677719116	0.3880901336669922	0.3996729254722595	0.31977415084838867
IRF5	0.003022328717634082	0.31807762384414673	0.27049073576927185	0.2074565440416336	0.12604211270809174	0.0010386108187958598
IRF6	0.793283998966217	0.7878044843673706	0.4336497187614441	0.3336242735385895	0.5423048734664917	0.5263711810112
IRF7	0.025873981416225433	0.003782485146075487	6.192466389620677e-05	0.0796801969408989	0.000670097244437784	1.5173178269378695e-08
IRF8	0.7384589314460754	0.6877848505973816	0.7814583778381348	0.5368703603744507	0.9281569123268127	0.524592936038971
IRF9	0.010415606200695038	2.11458157650668e-08	5.702925909290002e-10	0.0008189465734176338	1.5839697331543334e-09	9.110740590775879e-13
IRX1	0.7355024814605713	0.27085596323013306	0.9482577443122864	0.3331615626811981	0.4258624315261841	0.9151431918144226
ISL1	0.8616142272949219	0.6241304874420166	0.0009461908484809101	0.18990007042884827	0.3967686891555786	0.9151431918144226
JARID2	0.7421876192092896	0.5912660360336304	0.6441727876663208	0.5931276679039001	0.3474346399307251	0.7708057165145874
JDP2	0.7845404148101807	0.5567396879196167	0.7024522423744202	0.9737624526023865	0.35956674814224243	0.8188697695732117
JUN	2.8415121050784364e-05	0.0010308093624189496	1.3156046918538777e-08	8.929519026423804e-06	1.7086436798763316e-07	3.193034281423479e-09
JUNB	5.413679173216224e-05	0.0005102729774080217	0.0010832330444827676	0.0008696769364178181	0.030026277527213097	4.166308791020423e-12
JUND	3.3192808310961164e-12	3.8632688159623285e-08	7.4160060314909515e-09	2.4215101562916237e-14	1.1428392099332996e-06	1.3646431346183785e-16
KAT2B	0.28084567189216614	0.5050334334373474	0.789802610874176	0.9324015974998474	0.9103098511695862	0.6727980375289917
KAT5	0.5733605623245239	0.020940661430358887	0.3267979323863983	0.26832127571105957	0.09088300913572311	0.0758126899600029
KAT6A	0.9885133504867554	0.6729856729507446	0.6819853186607361	0.6464590430259705	0.7994844913482666	0.9163012504577637
KAT6B	0.8335348963737488	0.9595638513565063	0.3094794750213623	0.30566591024398804	0.8746120929718018	0.9513119459152222
KAT7	0.9553689360618591	0.767007052898407	0.6796995997428894	0.8377498984336853	0.3996729254722595	0.986113965511322
KCNIP3	0.9587297439575195	0.9412305355072021	0.9536575675010681	0.5983192324638367	0.27865704894065857	0.6562968492507935
KDM2A	0.7794691920280457	0.6397150754928589	0.40198925137519836	0.4136193096637726	0.8389348387718201	0.34187236428260803
KDM5A	0.5680075883865356	0.8893728852272034	0.4141268730163574	0.6812149882316589	0.070305235683918	0.9851030707359314
KDM5B	0.7411930561065674	0.7098679542541504	0.1768476814031601	0.1930830180644989	0.6483789086341858	0.40500593185424805
KDM5C	0.8651718497276306	0.9670344591140747	0.9248773455619812	0.7578760981559753	0.9805234670639038	0.986113965511322
KDM5D	0.4775131046772003	0.3953339755535126	2.6129253456019796e-05	0.010546408593654633	0.06321891397237778	0.01694817654788494
KLF1	0.9885963201522827	0.718988299369812	0.9012346267700195	0.3895571529865265	0.42940282821655273	0.6072782874107361
KLF10	0.12741796672344208	0.5862656235694885	0.4285625219345093	0.19864635169506073	0.5483890175819397	0.09991425275802612
KLF11	0.7384589314460754	0.2775842249393463	0.847330629825592	0.44027411937713623	0.9210354685783386	0.7975111603736877
KLF13	0.8722438812255859	0.6467587351799011	0.4203187823295593	0.9023510813713074	0.3576272428035736	0.45738404989242554
KLF15	0.6415362358093262	0.405504435300827	0.007802098989486694	0.5758887529373169	0.6595364809036255	0.19782495498657227
KLF17	0.0026695537380874157	0.000409715372370556	0.0005308127729222178	2.5804017695918446e-06	0.0015077288262546062	8.461932884529233e-05
KLF2	0.8616142272949219	0.8317505717277527	0.08357332646846771	0.9510571360588074	0.13337020576000214	0.17856793105602264
KLF4	0.04258217290043831	0.9412305355072021	0.09281604737043381	0.14158152043819427	0.08558593690395355	0.23450487852096558
KLF5	0.026189837604761124	0.21579986810684204	0.19691087305545807	0.014973402954638004	0.2757929563522339	0.029690776020288467
KLF6	0.862855851650238	0.3037639856338501	0.029294732958078384	0.12500645220279694	0.4899114966392517	0.08810048550367355
KLF7	0.6316580772399902	0.3953339755535126	0.8999162316322327	0.8404929041862488	0.9497246742248535	0.8225964903831482
KLF8	0.7879407405853271	0.5459544062614441	0.6983106732368469	0.46195024251937866	0.9104342460632324	0.49948111176490784
KLF9	0.434816837310791	0.767007052898407	0.21912282705307007	0.021466976031661034	0.9497246742248535	0.422237753868103
KMT2A	0.4775131046772003	0.7551314234733582	0.2897924780845642	0.47115594148635864	0.4612060785293579	0.2150011509656906
KMT2B	0.7621383666992188	0.8785915970802307	0.6983106732368469	0.9955405592918396	0.9497246742248535	0.993975043296814
LEF1	0.9746039509773254	0.8467092514038086	0.6983106732368469	0.9574503302574158	0.5423048734664917	0.763099193572998
LHX2	0.647273600101471	0.9617396593093872	0.9151917695999146	0.9003804922103882	0.8769450187683105	0.9333376288414001
LHX8	0.7541459202766418	0.9412305355072021	0.6983106732368469	0.9737624526023865	0.1319282203912735	0.9739536643028259
LITAF	0.8670088648796082	0.6902679800987244	0.5061972737312317	0.5117284655570984	0.5669674873352051	0.993975043296814
LMO2	0.017565952613949776	0.09225791692733765	0.039221543818712234	0.02887139655649662	0.07835184782743454	0.000839821994304657
LMX1B	0.37612056732177734	0.379954069852829	0.117916539311409	0.8271906971931458	0.32753539085388184	0.3340792655944824
LRRFIP1	2.1054770513728727e-06	2.6799158447943228e-09	0.6983106732368469	0.006837367080152035	3.123379428870976e-06	1.5229932159854798e-06
LYL1	0.7584209442138672	0.10026534646749496	0.22180698812007904	0.5368703603744507	0.09551528096199036	0.12881414592266083
MAF	0.6752070784568787	0.779096245765686	0.9534093737602234	0.6504837870597839	0.8373709917068481	0.933657169342041
MAFA	0.8271070122718811	0.2929914891719818	0.8252763152122498	0.5801280736923218	0.443604975938797	0.6653524041175842
MAFB	0.7557175159454346	0.5050334334373474	0.6314648389816284	0.7457394599914551	0.12216828763484955	0.9513119459152222
MAFG	0.19244588911533356	0.31309494376182556	0.3165295124053955	0.023004546761512756	0.589336097240448	0.1443086564540863
MAFK	0.8626261353492737	0.02007470652461052	0.3439222574234009	0.5888233184814453	0.19778184592723846	0.04148463159799576
MAML1	0.6692414283752441	0.8539077639579773	0.7681739926338196	0.9399862885475159	0.2421294003725052	0.9208219051361084
MAX	0.7773489356040955	0.6902679800987244	0.6919664144515991	0.3880901336669922	0.9639498591423035	0.5234483480453491
MAZ	0.9021173119544983	0.9412305355072021	0.49993056058883667	0.9918782711029053	0.3996729254722595	0.9739536643028259
MBD1	0.7621186375617981	0.6069192290306091	0.6983106732368469	0.837425172328949	0.7438825368881226	0.11777400225400925
MBD2	0.32643061876296997	0.6698009967803955	0.463518887758255	0.9867382645606995	0.6196867227554321	0.9138472676277161
MECOM	0.6424688100814819	0.5075355172157288	0.5808621048927307	0.13253037631511688	0.9384382367134094	0.49948111176490784
MECP2	0.7634639739990234	0.779096245765686	0.49666905403137207	0.47002431750297546	0.9497246742248535	0.9321356415748596
MED1	0.4775131046772003	0.6710993051528931	0.40198925137519836	0.7667385339736938	0.08558593690395355	0.5035884380340576
MEF2A	0.014853007160127163	0.07429039478302002	0.00023236096603795886	5.8238433666701894e-06	0.7641884684562683	1.5934656403260306e-06
MEF2C	0.8651718497276306	0.3301207721233368	0.12528370320796967	0.813786506652832	0.7216210961341858	0.7202408313751221
MEF2D	0.26216644048690796	0.31309494376182556	0.04733939841389656	0.0677696093916893	0.2246207296848297	0.04483930766582489
MEIS1	0.9355098009109497	0.6148545742034912	0.5061972737312317	0.46902701258659363	0.9210354685783386	0.27014583349227905
MEOX1	0.7925168871879578	0.22714345157146454	0.019068758934736252	0.13253037631511688	0.3301089406013489	0.3485390841960907
MEOX2	0.14494271576404572	0.9202021360397339	0.4203187823295593	0.7994955778121948	0.8830770254135132	0.5995250344276428
MESP2	0.07626037299633026	0.4424881935119629	0.9534093737602234	0.42676132917404175	0.36410093307495117	0.24881887435913086
MITF	0.9433339238166809	0.9412305355072021	0.7801592350006104	0.6464590430259705	0.6054983735084534	0.7524688839912415
MLXIP	0.3931470215320587	0.003139933804050088	0.11951406300067902	0.050600260496139526	0.01845381408929825	0.046751685440540314
MLXIPL	0.32643061876296997	0.44972744584083557	0.9404176473617554	0.23245330154895782	0.6628216505050659	0.16586564481258392
MNT	0.5191132426261902	0.9149370789527893	0.7528995275497437	0.7457692623138428	0.5794807076454163	0.8845300078392029
MSC	0.3889210820198059	0.5247725248336792	0.4599965214729309	0.12142103910446167	0.8013208508491516	0.2686672508716583
MSX1	0.6038486957550049	0.5369139909744263	0.3844466507434845	0.8646256327629089	0.0036347394343465567	0.5313276052474976
MSX2	0.8089814186096191	0.8585128784179688	0.8132948279380798	0.08763973414897919	0.10550501197576523	0.4030070900917053
MTA1	0.6266432404518127	0.8539077639579773	0.6158203482627869	0.7301763296127319	0.5850437879562378	0.7585558295249939
MTA3	0.8819969296455383	0.6359648704528809	0.49993056058883667	0.9510571360588074	0.8605425953865051	0.8904126882553101
MTF1	0.7876012325286865	0.3301207721233368	0.6983106732368469	0.8564624786376953	0.907292902469635	0.6718946695327759
MTF2	0.9809423685073853	0.8591867089271545	0.6983106732368469	0.9949344396591187	0.5163652300834656	0.7585558295249939
MXD1	0.6124930381774902	0.8701027035713196	0.9404176473617554	0.9920112490653992	0.838782012462616	0.8362061381340027
MXI1	0.08239014446735382	0.18892070651054382	0.08357332646846771	0.02193945273756981	0.3263987600803375	0.012339085340499878
MYB	0.1803746223449707	0.042430002242326736	0.020458044484257698	0.005675238557159901	0.5493132472038269	0.0004896263126283884
MYBL1	0.12741796672344208	0.1400175839662552	0.11056631803512573	0.0040934085845947266	0.3997103273868561	0.04885851591825485
MYBL2	0.3889210820198059	0.042430002242326736	0.018911054357886314	0.04636549577116966	0.08212852478027344	0.01251048780977726
MYC	0.020773841068148613	0.04610130190849304	0.01384707074612379	0.02887139655649662	0.00024901560391299427	0.014468644745647907
MYCN	0.32643061876296997	0.07138203084468842	0.07139314711093903	0.11052552610635757	0.011838259175419807	0.10334999859333038
MYF5	0.9315795302391052	0.3404638171195984	0.9534093737602234	0.5931276679039001	0.9254485368728638	0.5263711810112
MYF6	0.3889210820198059	0.4514697790145874	0.8132948279380798	0.9905166029930115	0.9210354685783386	0.7866504192352295
MYOCD	0.0002852050238288939	0.035526640713214874	7.182148209494699e-09	2.152377476249967e-08	0.013744979165494442	2.364169127133664e-08
MYOD1	0.4930899441242218	0.8505673408508301	0.7572671175003052	0.3895571529865265	0.8769450187683105	0.9513119459152222
MYOG	0.5821597576141357	0.7310305833816528	0.6819853186607361	0.8599075078964233	0.3374653458595276	0.8808935284614563
MYRF	0.5500274896621704	0.6359648704528809	0.5411191582679749	0.3895571529865265	0.8769450187683105	0.07230835407972336
MYT1	0.7674277424812317	0.7805522084236145	0.7681739926338196	0.7578760981559753	0.9104342460632324	0.5318946838378906
MZF1	0.7541459202766418	0.6919137239456177	0.5687462687492371	0.5434162616729736	0.9531766772270203	0.27560165524482727
NAB2	0.4930899441242218	0.35500580072402954	0.3498044013977051	0.7038658261299133	0.20153146982192993	0.09153676778078079
NANOG	0.002565488452091813	0.02007470652461052	0.0039611863903701305	0.0037263669073581696	0.00022101006470620632	0.0010386108187958598
NCOA1	0.07891194522380829	0.17538505792617798	0.010775524191558361	0.021466976031661034	0.044674165546894073	0.013293606229126453
NCOA2	0.5050281286239624	0.73121178150177	0.20516614615917206	0.12916888296604156	0.5437021255493164	0.431671679019928
NCOA3	0.7794691920280457	0.8644506335258484	0.6919664144515991	0.9514304995536804	0.3253704011440277	0.8808935284614563
NCOR1	0.5457242727279663	0.8531628847122192	0.7681739926338196	0.981713593006134	0.4612060785293579	0.9988700747489929
NCOR2	0.5897282958030701	0.546550452709198	0.882073700428009	0.7854417562484741	0.3130529820919037	0.6935453414916992
NEUROD1	0.5300599932670593	0.6117770075798035	0.11954184621572495	0.4010739028453827	0.36739882826805115	0.09991425275802612
NEUROD2	0.7443786263465881	0.9412305355072021	0.9012346267700195	0.7636252045631409	0.9786098599433899	0.6536352038383484
NEUROD6	0.6745001077651978	0.727872371673584	0.8845840692520142	0.9631636738777161	0.247465118765831	0.8808935284614563
NEUROG1	0.3889210820198059	0.2516980767250061	0.4141268730163574	0.04202067479491234	0.5150451064109802	0.3396945893764496
NEUROG2	0.9587297439575195	0.87752366065979	0.7187869548797607	0.837425172328949	0.7199520468711853	0.9852424263954163
NEUROG3	0.9587297439575195	0.2120731770992279	0.3866605758666992	0.7996888160705566	0.5163652300834656	0.5605053901672363
NFAT5	0.5950796604156494	0.9412305355072021	0.6596422791481018	0.4229999780654907	0.9829199314117432	0.580207884311676
NFATC1	0.46116915345191956	0.567392885684967	0.028334159404039383	0.18309004604816437	0.3130529820919037	0.05365850403904915
NFATC2	0.0028963570948690176	0.09688600152730942	0.02732006646692753	0.0038931253366172314	0.06644885241985321	0.0008029253222048283
NFATC3	0.5591440200805664	0.5459544062614441	0.5248497724533081	0.469997763633728	0.3374653458595276	0.49948111176490784
NFATC4	0.8616142272949219	0.4635026454925537	0.35304516553878784	0.23245330154895782	0.630042552947998	0.055080611258745193
NFE2	0.9553689360618591	0.8531628847122192	0.7681739926338196	0.8242281675338745	0.7688560485839844	0.8128098249435425
NFE2L1	0.4930899441242218	0.4918661415576935	0.6436465978622437	0.4515424072742462	0.5513099431991577	0.29249754548072815
NFE2L2	0.1803746223449707	0.43468189239501953	0.0015293490141630173	0.00966245774179697	0.11848223209381104	0.028811972588300705
NFE2L3	0.5950796604156494	0.5075355172157288	0.18012291193008423	0.1735190749168396	0.45984596014022827	0.24460534751415253
NFIA	0.7972502112388611	0.6467587351799011	0.6919664144515991	0.9610459804534912	0.6332985162734985	0.48279136419296265
NFIB	0.5897282958030701	0.5912660360336304	0.9534093737602234	0.9737624526023865	0.8203785419464111	0.6387835741043091
NFIC	0.317294180393219	0.8591867089271545	0.994071364402771	0.3257862627506256	0.11865467578172684	0.16586564481258392
NFIL3	0.8616142272949219	0.9412305355072021	0.5405396819114685	0.823805034160614	0.18983040750026703	0.8304792046546936
NFIX	0.9777518510818481	0.9869478344917297	0.5808621048927307	0.7554356455802917	0.5668932199478149	0.8496890068054199
NFKB	0.01496631745249033	0.18892070651054382	5.294316451909253e-07	0.0001716740516712889	0.018003687262535095	9.68157019087812e-06
NFKB1	0.00011978636030107737	0.002415895229205489	2.0009094896522583e-06	7.245655433507636e-05	0.00019093135779257864	3.843145357507183e-09
NFKB2	0.021780185401439667	0.042430002242326736	0.010282802395522594	0.01025150902569294	0.1021735891699791	6.900868174852803e-05
NFKBIB	0.7831960916519165	0.7899644374847412	0.12488231062889099	0.9510571360588074	0.9925610423088074	0.45738404989242554
NFYA	0.5950796604156494	0.73121178150177	0.8920327425003052	0.8445861339569092	0.8769450187683105	0.6425212025642395
NFYB	0.1106249988079071	0.19298771023750305	0.045453209429979324	0.020140236243605614	0.1391894817352295	0.03194376453757286
NFYC	0.7794691920280457	0.871938943862915	0.7869879603385925	0.9224546551704407	0.9471334218978882	0.8134720325469971
NKX2-1	0.978432834148407	0.871938943862915	0.8223247528076172	0.30566591024398804	0.29405564069747925	0.6536352038383484
NKX2-2	0.5056836605072021	0.9323319792747498	0.8332051038742065	0.7452165484428406	0.45984596014022827	0.5199344754219055
NKX2-5	0.0014863376272842288	0.052572548389434814	0.01793389767408371	4.179507232038304e-05	0.19778184592723846	0.0005591814988292754
NKX3-1	0.9351102113723755	0.6902679800987244	0.3498044013977051	0.34070077538490295	0.907292902469635	0.2522084712982178
NKX3-2	0.7773489356040955	0.779096245765686	0.5506539344787598	0.9510571360588074	0.5669674873352051	0.7975111603736877
NKX6-1	0.5046893954277039	0.7778997421264648	0.4865401089191437	0.8506975769996643	0.9829199314117432	0.558503270149231
NONO	0.0002852050238288939	0.20229792594909668	0.005292064044624567	0.000780407921411097	0.0676766186952591	9.831208444666117e-05
NOTCH1	0.6327106952667236	0.8531628847122192	0.8146492838859558	0.9946420788764954	0.524620771408081	0.524592936038971
NOTO	0.028762130066752434	0.07738703489303589	0.3866605758666992	0.15629994869232178	0.1026032567024231	0.008531472645699978
NPAS2	0.6751415133476257	0.8644506335258484	0.9404176473617554	0.7542375922203064	0.8268227577209473	0.8359097242355347
NPM1	0.8616142272949219	0.9412305355072021	0.7471264004707336	0.6951602697372437	0.9745399951934814	0.7680115699768066
NR0B1	0.4477984607219696	0.8030655384063721	0.25927308201789856	0.9126436114311218	0.015697434544563293	0.5666578412055969
NR0B2	0.05280878022313118	0.24011611938476562	0.08350281417369843	0.07979114353656769	0.0484926737844944	0.03188028559088707
NR1D1	0.7557175159454346	0.779096245765686	0.022014986723661423	0.9946420788764954	0.3374653458595276	0.6784632802009583
NR1H2	0.8036032319068909	0.9370471835136414	0.6436465978622437	0.8069590330123901	0.3464916944503784	0.9094272255897522
NR1H3	0.6415362358093262	0.5912660360336304	0.268382728099823	0.2579444944858551	0.9460960626602173	0.052764441817998886
NR1H4	0.9830926060676575	0.779096245765686	0.25927308201789856	0.6324242949485779	0.907292902469635	0.8890838027000427
NR1I2	0.04377484321594238	0.6847632527351379	0.09016399085521698	0.09402436763048172	0.1021735891699791	0.09991425275802612
NR1I3	0.9830926060676575	0.29016822576522827	0.041174184530973434	0.34144631028175354	0.7629395127296448	0.029690776020288467
NR2C1	0.05935955420136452	0.11397289484739304	0.000159711271408014	0.0001812839909689501	0.2246207296848297	0.00021107018983457237
NR2C2	0.04842890426516533	0.6091427206993103	0.25202828645706177	0.026507431641221046	0.5677821040153503	0.09384458512067795
NR2E1	0.7557175159454346	0.9412305355072021	0.9039746522903442	0.9739039540290833	0.9210354685783386	0.4046157896518707
NR2E3	0.9442140460014343	0.34536173939704895	0.40974175930023193	0.5931276679039001	0.9104342460632324	0.8808935284614563
NR2F1	0.5046893954277039	0.8644506335258484	0.7454307079315186	0.49377843737602234	0.8674622774124146	0.5556145310401917
NR2F2	0.06165244057774544	0.44112831354141235	0.46798911690711975	0.05753152072429657	0.32493117451667786	0.23879864811897278
NR3C1	0.26419809460639954	0.10026534646749496	0.19691087305545807	0.8065307140350342	0.10550501197576523	0.7742465734481812
NR3C2	0.32643061876296997	0.4497901499271393	0.00014353693404700607	0.01068099308758974	0.070305235683918	0.02644428238272667
NR4A1	0.005958533380180597	0.31807762384414673	0.3094794750213623	0.018658669665455818	0.25323522090911865	0.029690776020288467
NR4A2	0.6424688100814819	0.3185921311378479	0.2619611918926239	0.13253037631511688	0.9318528175354004	0.03188028559088707
NR4A3	0.9723853468894958	0.3818650543689728	0.7681739926338196	0.6590161323547363	0.5365707874298096	0.19619542360305786
NR5A1	0.6424688100814819	0.871938943862915	0.056953296065330505	0.4136193096637726	0.5059590935707092	0.1461481899023056
NR5A2	0.02849596180021763	0.5075355172157288	0.3833807110786438	0.10446150600910187	0.45984596014022827	0.032882582396268845
NR6A1	0.7581431865692139	0.7237571477890015	0.003650397527962923	0.16856649518013	0.2953649163246155	0.10448956489562988
NRF1	0.06080033630132675	0.3319823443889618	0.13568739593029022	0.21210592985153198	0.19557422399520874	0.006569926161319017
NRG1	0.09262657165527344	0.31807762384414673	0.16536103188991547	0.02377581037580967	0.7688560485839844	0.011792339384555817
NRL	0.9510305523872375	0.49785009026527405	0.9012346267700195	0.9040989279747009	0.7216210961341858	0.6818052530288696
NSD2	0.7557175159454346	0.43203723430633545	0.9545336365699768	0.5837275981903076	0.7277565598487854	0.7173235416412354
NUPR1	0.7365561127662659	0.9802367687225342	0.8876428604125977	0.9737624526023865	0.5937429070472717	0.8808935284614563
OLIG2	0.978432834148407	0.8786389231681824	0.9164543747901917	0.9407359957695007	0.9531766772270203	0.9863879680633545
ONECUT1	0.9502761960029602	0.12429162114858627	0.7771089673042297	0.30566591024398804	0.9928767085075378	0.258749783039093
OTX2	0.16774208843708038	0.6627746224403381	0.0029113858472555876	0.006896123290061951	0.27321287989616394	0.05040303245186806
OVOL1	0.8670088648796082	0.9412305355072021	0.9913173913955688	0.960616409778595	0.5669674873352051	0.541957437992096
PATZ1	0.7557175159454346	0.8328540325164795	0.994071364402771	0.865598738193512	0.9705304503440857	0.589990496635437
PAWR	0.8626261353492737	0.9878886938095093	0.4995793402194977	0.9737624526023865	0.22725744545459747	0.7485759258270264
PAX2	0.893090546131134	0.8336295485496521	0.6793258190155029	0.8739182949066162	0.424228310585022	0.583142101764679
PAX3	0.8269252181053162	0.941872239112854	0.9012346267700195	0.7640868425369263	0.7688560485839844	0.8579146265983582
PAX5	0.4518453776836395	0.5599600076675415	0.19501453638076782	0.2971476912498474	0.0831935703754425	0.521562397480011
PAX6	0.9533002376556396	0.5369139909744263	0.5590818524360657	0.8032465577125549	0.38295164704322815	0.7585558295249939
PAX7	0.027118155732750893	0.5912660360336304	0.1265084594488144	0.011661466211080551	0.1336253434419632	0.2252458781003952
PAX8	0.8616142272949219	0.6397150754928589	0.9536575675010681	0.9481143355369568	0.9877376556396484	0.8362061381340027
PAX9	0.9587297439575195	0.941872239112854	0.7681739926338196	0.8780162930488586	0.8013208508491516	0.7680115699768066
PBRM1	0.9041540026664734	0.4017264246940613	0.9534093737602234	0.5990952253341675	0.34067994356155396	0.8139227628707886
PBX1	0.2545275390148163	0.30901941657066345	0.39726197719573975	0.602020263671875	0.08717966079711914	0.09221349656581879
PDX1	0.9355098009109497	0.7396272420883179	0.9731057286262512	0.8739182949066162	0.9530631303787231	0.8826965689659119
PEG3	0.647273600101471	0.27636846899986267	0.6061022281646729	0.6066712141036987	0.3253142535686493	0.8817383646965027
PGR	0.8089814186096191	0.6119194030761719	0.8252763152122498	0.6141089200973511	0.9639498591423035	0.6536352038383484
PHF20	0.5590578317642212	0.9412305355072021	0.7801592350006104	0.5286797285079956	0.8389348387718201	0.3498966693878174
PHOX2A	0.9664425253868103	0.8778652548789978	0.9851268529891968	0.9955405592918396	0.9266898036003113	0.993975043296814
PHOX2B	0.5916932821273804	0.5381754636764526	0.4285625219345093	0.9040989279747009	0.9639498591423035	0.4046157896518707
PIN1	0.1803746223449707	0.1635851114988327	0.13847936689853668	0.1685243844985962	0.07158267498016357	0.04643728584051132
PITX1	0.32643061876296997	0.6467587351799011	0.28658536076545715	0.623095691204071	0.10550501197576523	0.2252458781003952
PITX2	0.8616142272949219	0.9869478344917297	0.6216495633125305	0.7667385339736938	0.9497246742248535	0.18688330054283142
PITX3	0.24006621539592743	0.7176161408424377	0.3833807110786438	0.8069590330123901	0.12799739837646484	0.1553620994091034
PKNOX1	0.01496631745249033	0.7436981797218323	0.9005606770515442	0.5175614953041077	0.524620771408081	0.48823001980781555
PLAG1	0.07062005996704102	0.02697637677192688	0.008270316757261753	0.0745415911078453	0.1021735891699791	8.800268005870748e-06
PLAGL1	0.5590578317642212	0.9888988733291626	0.4600965976715088	0.15378347039222717	0.9371742010116577	0.7988290786743164
PML	0.44834890961647034	0.779096245765686	0.5590818524360657	0.44879642128944397	0.778866708278656	0.29793232679367065
POU1F1	0.7557175159454346	0.15952330827713013	0.8417874574661255	0.5060884952545166	0.8013208508491516	0.19145157933235168
POU2F1	0.004047227092087269	0.17806902527809143	0.0005243237246759236	0.0008189465734176338	0.002414911985397339	0.0030943709425628185
POU2F2	0.06404609978199005	0.0634492039680481	5.294316451909253e-07	4.255251769791357e-05	0.0009451771038584411	0.0017019080696627498
POU3F1	0.981679379940033	0.8748630285263062	0.5838395953178406	0.20430609583854675	0.49734508991241455	0.7274252772331238
POU3F2	0.9885963201522827	0.7098679542541504	0.6052204370498657	0.4583565592765808	0.8702611923217773	0.8808935284614563
POU4F1	0.7260577082633972	0.19026532769203186	0.5106703639030457	0.26832127571105957	0.571701169013977	0.2252458781003952
POU4F2	0.980797290802002	0.3397304117679596	0.6983106732368469	0.6812149882316589	0.753155529499054	0.529697835445404
POU5F1	0.31483224034309387	0.43468189239501953	0.2897924780845642	0.26821571588516235	0.29405564069747925	0.14250904321670532
PPARA	0.4961300194263458	0.37679752707481384	0.38549816608428955	0.3336242735385895	0.5065717101097107	0.1363038718700409
PPARD	0.3529151380062103	0.7098679542541504	0.9811009764671326	0.15181754529476166	0.9471334218978882	0.6798917651176453
PPARG	0.434816837310791	0.8570394515991211	0.7187869548797607	0.9955405592918396	0.5669674873352051	0.5556145310401917
PPARGC1A	0.3088865280151367	0.10339805483818054	0.012697049416601658	0.01736941933631897	0.049640484154224396	0.056783441454172134
PRDM1	0.7421876192092896	0.16823828220367432	0.5298226475715637	0.4487900733947754	0.19996634125709534	0.4162789583206177
PRDM2	0.9379673600196838	0.5912660360336304	0.7884532809257507	0.9000664353370667	0.524620771408081	0.5012696981430054
PRDM4	0.8819969296455383	0.6627746224403381	0.6436465978622437	0.9195696711540222	0.09551528096199036	0.8845300078392029
PREB	0.37612056732177734	0.4017264246940613	0.7471264004707336	0.16686774790287018	0.5914914011955261	0.521562397480011
PROX1	0.32643061876296997	0.1271410882472992	0.0548287108540535	0.3109572231769562	0.024858763441443443	0.028811972588300705
PRRX1	0.8991448283195496	0.6117770075798035	9.099454132410756e-07	0.0012373081408441067	0.7199520468711853	0.008531472645699978
PTF1A	0.5733605623245239	0.11958812922239304	0.3157953917980194	0.12372070550918579	0.41354790329933167	0.12721797823905945
PURA	0.37921106815338135	0.9323319792747498	0.7471264004707336	0.469997763633728	0.9531766772270203	0.39113473892211914
RARA	0.0002573476522229612	0.10487549006938934	4.033448931295425e-05	1.2670207070186734e-06	0.1052345559000969	2.807177452268661e-06
RARB	0.746082067489624	0.8500628471374512	0.5106703639030457	0.309430867433548	0.524620771408081	0.5123764872550964
RARG	0.8251102566719055	0.7200738191604614	0.6796995997428894	0.8994574546813965	0.37708884477615356	0.9704185128211975
RB1	0.8670088648796082	0.8619056344032288	0.7681739926338196	0.6957959532737732	0.9471334218978882	0.9715011119842529
RBPJ	0.06080033630132675	0.87752366065979	0.9774971604347229	0.5532482266426086	0.45000454783439636	0.8808935284614563
RCOR2	0.28084567189216614	0.18892070651054382	0.2078377902507782	0.08070025593042374	0.15051068365573883	0.15054771304130554
REL	8.584089883356683e-09	1.0541025119437109e-07	3.8363492937953936e-10	6.511251626761805e-08	1.5839697331543334e-09	5.322375530080984e-17
RELA	0.0026555589865893126	0.20941045880317688	1.3675105037691537e-05	0.001135459286160767	0.002659779042005539	3.4866967325797305e-05
RELB	0.186240553855896	0.31309494376182556	0.3498044013977051	0.23954980075359344	0.2967660427093506	0.05867675691843033
REST	0.26818594336509705	0.9323319792747498	0.7137503027915955	0.38599783182144165	0.9254485368728638	0.56430584192276
RFX1	0.7626712322235107	0.8924974799156189	0.19691087305545807	0.5837275981903076	0.9497246742248535	0.9151431918144226
RFX5	0.5959679484367371	0.9412305355072021	0.6436465978622437	0.602020263671875	0.9639498591423035	0.5521526336669922
RFXANK	0.4775131046772003	0.7870109677314758	0.5506539344787598	0.5837275981903076	0.7629395127296448	0.7632912397384644
RORA	0.029822131618857384	0.3711879849433899	0.06659438461065292	0.4208228886127472	0.00023110213805921376	0.07391008734703064
RUNX1	0.10716934502124786	0.5127435326576233	0.045453209429979324	0.40451937913894653	0.1724732369184494	0.0028905095532536507
RUNX2	0.6415362358093262	0.8379321694374084	0.204537495970726	0.38599783182144165	0.8605425953865051	0.19789887964725494
RUNX3	0.4427628517150879	0.40149351954460144	0.5138523578643799	0.3225090801715851	0.4409817159175873	0.261727899312973
RXRA	0.0004448105173651129	0.049155741930007935	0.0005223758053034544	0.0003162095963489264	0.002428663894534111	4.920348874293268e-05
RXRB	0.9351102113723755	0.779096245765686	0.9683114290237427	0.9399862885475159	0.564606249332428	0.9017161726951599
SALL1	0.11949743330478668	0.6902679800987244	0.0002806146221701056	0.02377581037580967	0.30615219473838806	0.0009779483079910278
SALL2	0.5457242727279663	0.7797493934631348	0.4443069398403168	0.9631636738777161	0.9856554269790649	0.5995250344276428
SALL3	0.12394467741250992	0.5709874033927917	0.4141268730163574	0.023004546761512756	0.6285713315010071	0.33545270562171936
SALL4	0.8036032319068909	0.9057895541191101	0.3833807110786438	0.9946420788764954	0.30615219473838806	0.7975111603736877
SATB1	0.8359126448631287	0.9214574098587036	0.8376914858818054	0.8980816006660461	0.5074104070663452	0.5753975510597229
SATB2	0.5959679484367371	0.6885225772857666	0.0717063620686531	0.28492674231529236	0.7589505910873413	0.04643728584051132
SCX	0.00038535980274900794	0.0018807544838637114	0.0011092987842857838	0.00017236887651961297	0.0009051706874743104	4.770029590872582e-06
SF1	0.8616142272949219	0.3037639856338501	0.8951722383499146	0.9523921012878418	0.6483789086341858	0.5995250344276428
SFPQ	0.77593994140625	0.6710993051528931	0.9982974529266357	0.7265307307243347	0.6176353096961975	0.982559859752655
SIM2	0.6129510402679443	0.3953339755535126	0.9033540487289429	0.42325103282928467	0.9254485368728638	0.4355156421661377
SIN3A	0.7634639739990234	0.3319823443889618	0.3833807110786438	0.5735869407653809	0.8702611923217773	0.046555306762456894
SIRT1	0.5778946280479431	0.3053164482116699	0.22149650752544403	0.22404594719409943	0.8769450187683105	0.024039888754487038
SIX1	0.893090546131134	0.405504435300827	0.789802610874176	0.8439351320266724	0.9266898036003113	0.9741947054862976
SIX4	0.8408079743385315	0.9412305355072021	0.5580773949623108	0.9737624526023865	0.2613070607185364	0.8808935284614563
SKIL	0.018103783950209618	0.08468130975961685	0.030363034456968307	0.07936468720436096	0.0017459079390391707	0.0056790923699736595
SMAD1	0.008612122386693954	0.07701534777879715	0.010775524191558361	0.0018504852196201682	0.002038213424384594	0.024039888754487038
SMAD2	2.23688061851135e-06	0.0007320583681575954	9.881022378976922e-06	3.79485982193728e-07	0.00019093135779257864	7.072939123276001e-09
SMAD3	7.10269741830416e-05	0.0010417947778478265	0.00033940415596589446	6.511733658953744e-07	0.002038213424384594	3.1809365736990003e-06
SMAD4	0.020773841068148613	0.01296200044453144	0.0015333503251895308	0.00037469863309524953	0.0007415434811264277	0.008531472645699978
SMAD5	0.6844154000282288	0.9412305355072021	0.9151917695999146	0.6485626101493835	0.12604211270809174	0.18688330054283142
SMAD6	0.2456127107143402	0.13226757943630219	0.01384707074612379	0.1658027470111847	0.008485388942062855	0.020016523078083992
SMAD7	0.1803746223449707	0.9165889620780945	0.4599965214729309	0.8242281675338745	0.5059590935707092	0.9911335706710815
SMARCA1	0.9777518510818481	0.8591867089271545	0.8473339080810547	0.823805034160614	0.8389348387718201	0.6648794412612915
SMARCA4	0.449672132730484	0.5698590874671936	0.33323046565055847	0.9356136918067932	0.6285713315010071	0.9479662179946899
SMARCA5	0.6318143606185913	0.5075355172157288	0.5590818524360657	0.160785511136055	0.8203785419464111	0.15434908866882324
SMARCB1	0.7557175159454346	0.7551314234733582	0.4443069398403168	0.48733559250831604	0.32753539085388184	0.8808935284614563
SMARCC1	0.8933126926422119	0.9617396593093872	0.7969850301742554	0.9003804922103882	0.907292902469635	0.8573504090309143
SNAI1	0.11077681183815002	0.0017802297370508313	0.21441781520843506	0.006727277766913176	0.26569339632987976	0.0026042964309453964
SNAI2	0.5046893954277039	0.5549559593200684	0.6436465978622437	0.44131261110305786	0.44088393449783325	0.5164015889167786
SOX10	0.4930899441242218	0.2516980767250061	0.3498044013977051	0.23885808885097504	0.31542012095451355	0.16995178163051605
SOX11	0.746082067489624	0.8154393434524536	0.8976178765296936	0.9946420788764954	0.48807430267333984	0.763099193572998
SOX17	0.4930899441242218	0.6698009967803955	0.5506539344787598	0.2563250958919525	0.7771704196929932	0.422237753868103
SOX2	0.026119472458958626	0.8507799506187439	0.49666905403137207	0.30566591024398804	0.30615219473838806	0.4619182348251343
SOX4	0.9355098009109497	0.5698590874671936	0.5808621048927307	0.8502056002616882	0.9075192213058472	0.41916853189468384
SOX5	0.7384589314460754	0.8296627998352051	0.9545336365699768	0.7452165484428406	0.43509504199028015	0.7485759258270264
SOX6	0.9510305523872375	0.8539077639579773	0.3094794750213623	0.5254243016242981	0.9381706118583679	0.6536352038383484
SOX9	0.5727616548538208	0.5862656235694885	0.2897924780845642	0.8445861339569092	0.5793161392211914	0.8011505007743835
SP1	4.587023205715468e-09	0.006582571193575859	1.8493323192259048e-11	1.1706994965457462e-12	0.0011305033694952726	2.761298439522223e-14
SP2	0.6415362358093262	0.9617396593093872	0.9012346267700195	0.5931276679039001	0.8605425953865051	0.8225964903831482
SP3	2.554782554398116e-07	0.02096600830554962	3.444010644670925e-06	1.8624923825427686e-07	0.004991051275283098	8.268639106745468e-10
SP4	0.2076793760061264	0.8379321694374084	0.3833807110786438	0.1091213971376419	0.9531766772270203	0.524592936038971
SP7	0.9510305523872375	0.8449472188949585	0.9536575675010681	0.44027411937713623	0.23171867430210114	0.8808935284614563
SPDEF	0.2699156105518341	0.37463054060935974	0.11044618487358093	0.0826963558793068	0.1273258626461029	0.18688330054283142
SPI1	0.46116915345191956	0.9165889620780945	0.01616428792476654	0.2723158597946167	0.7675005197525024	0.04885851591825485
SPIB	0.5457242727279663	0.37004297971725464	0.7969850301742554	0.49047642946243286	0.9254485368728638	0.9988700747489929
SREBF1	0.9533002376556396	0.23700886964797974	0.8976178765296936	0.2048366367816925	0.6249410510063171	0.8368573784828186
SREBF2	0.1557525098323822	0.7346275448799133	0.9012346267700195	0.9514304995536804	0.9471334218978882	0.17169229686260223
SRF	5.6906298340209105e-08	1.920097383845132e-05	5.334383955878878e-15	4.66846061808468e-10	5.138340863908297e-09	5.322375530080984e-17
SRSF2	0.9433339238166809	0.7632189989089966	0.7471264004707336	0.7854467630386353	0.9210354685783386	0.6536352038383484
SRY	0.8089814186096191	0.5459544062614441	0.3094794750213623	0.8242558240890503	0.9863599538803101	0.6351681351661682
SSRP1	0.11077681183815002	0.165808767080307	0.09595465660095215	0.03849826008081436	0.16181974112987518	0.029161866754293442
STAT1	0.00422994839027524	4.530190551577107e-07	5.036496913968236e-11	1.3168891200621147e-05	1.0485161539008914e-07	1.4462032916703893e-12
STAT2	0.007932302542030811	3.352588651139854e-09	1.0981958398215141e-11	5.743453948525712e-05	2.6901669780698967e-09	4.0115764138000994e-15
STAT3	0.00016224013234023005	0.04610130190849304	0.0015333503251895308	9.802937711356208e-05	0.02437184564769268	9.496628990746103e-06
STAT4	0.7557175159454346	0.3920188248157501	0.5298226475715637	0.5990952253341675	0.750677764415741	0.16633625328540802
STAT5A	0.8089814186096191	0.9323319792747498	0.3498044013977051	0.44027411937713623	0.8419609665870667	0.6027969717979431
STAT5B	0.9351102113723755	0.7189769744873047	0.2306419312953949	0.3257862627506256	0.8107579350471497	0.8814001679420471
STAT6	0.21762123703956604	0.5912660360336304	0.11559617519378662	0.1388435661792755	0.9705304503440857	0.003874017857015133
STOX1	0.7794691920280457	0.9412305355072021	0.9012346267700195	0.7301763296127319	0.8401401042938232	0.9988700747489929
TADA2A	0.8670088648796082	0.9412305355072021	0.8376914858818054	0.9737624526023865	0.8767667412757874	0.8845300078392029
TAF1	0.7384589314460754	0.2929914891719818	0.7969850301742554	0.7457692623138428	0.8769450187683105	0.540772557258606
TAL1	0.7188249230384827	0.6093014478683472	0.9355397820472717	0.5532482266426086	0.7589505910873413	0.7988290786743164
TBP	0.21762123703956604	0.31807762384414673	0.040611643344163895	0.04338401183485985	0.27321287989616394	0.03474831208586693
TBPL1	0.9587297439575195	0.5050334334373474	0.9033540487289429	0.5532482266426086	0.9555312395095825	0.763099193572998
TBPL2	0.7231873273849487	0.4516040086746216	0.5590818524360657	0.6961419582366943	0.9014208912849426	0.7453262209892273
TBX1	0.9055142402648926	0.9595638513565063	0.3229944407939911	0.10446150600910187	0.698792040348053	0.6784632802009583
TBX15	0.06123444437980652	0.31807762384414673	0.33236393332481384	0.020140236243605614	0.44127482175827026	0.09384458512067795
TBX18	0.01496631745249033	0.005372283514589071	0.9573965668678284	0.04882481321692467	0.8203785419464111	0.0005956018576398492
TBX2	0.8492289185523987	0.5113905668258667	0.5687867999076843	0.9946420788764954	0.3821769654750824	0.7467576265335083
TBX21	0.8616142272949219	0.2129746973514557	0.7790130972862244	0.5961740016937256	0.41354790329933167	0.5555717349052429
TBX3	0.7359998226165771	0.9412305355072021	0.608389675617218	0.5990952253341675	0.9471334218978882	0.6718946695327759
TBX5	0.5873162150382996	0.8377135396003723	0.8800060153007507	0.8271906971931458	0.592430055141449	0.993975043296814
TBXT	0.0027355311904102564	0.008688274770975113	0.7681739926338196	0.28492674231529236	0.0015077288262546062	0.01251048780977726
TCF12	0.37612056732177734	0.38573315739631653	0.5298226475715637	0.3467293977737427	0.3374653458595276	0.2662034332752228
TCF21	0.5500274896621704	0.2028389871120453	0.03997242450714111	0.09895750880241394	0.419267475605011	0.019768662750720978
TCF3	0.061819370836019516	0.4635026454925537	0.12528370320796967	0.025865552946925163	0.10846135765314102	0.2099180668592453
TCF4	0.6745001077651978	0.7810909748077393	0.01384707074612379	0.18010328710079193	0.3374653458595276	0.16586564481258392
TCF7	0.862855851650238	0.405504435300827	0.9151917695999146	0.9228312373161316	0.3967686891555786	0.7810304760932922
TCF7L2	0.4930899441242218	0.9202021360397339	0.22149650752544403	0.31035375595092773	0.18983040750026703	0.7975111603736877
TEAD1	0.3889210820198059	0.10487549006938934	0.010282802395522594	0.18396542966365814	0.0004113767936360091	0.11758507788181305
TEAD2	0.1803746223449707	0.6839931011199951	0.0015333503251895308	0.038046695291996	0.05447959527373314	0.06904550641775131
TEAD4	0.978432834148407	0.9617396593093872	0.4336497187614441	0.8994574546813965	0.8389348387718201	0.7576209306716919
TEF	0.6266432404518127	0.7098679542541504	0.622856855392456	0.39572399854660034	0.524620771408081	0.7708057165145874
TET1	0.9885133504867554	0.6902679800987244	0.6983106732368469	0.4575062394142151	0.7400452494621277	0.521562397480011
TFAM	0.893090546131134	0.6571816802024841	0.9248773455619812	0.9510571360588074	0.595874011516571	0.831125020980835
TFAP2A	0.39606305956840515	0.8022589683532715	0.0005243237246759236	0.0016821972094476223	0.8712988495826721	0.029690776020288467
TFAP2B	0.03493292257189751	0.8531628847122192	0.19454291462898254	0.2563250958919525	0.060588300228118896	0.210581973195076
TFAP2C	0.4477984607219696	0.4514697790145874	0.5020279884338379	0.039885371923446655	0.9706955552101135	0.282942533493042
TFAP4	0.37612056732177734	0.8379321694374084	0.6983106732368469	0.7040598392486572	0.6483789086341858	0.29793232679367065
TFCP2	0.23780913650989532	0.5369139909744263	0.00680521409958601	0.03307747468352318	0.11759365350008011	0.06904550641775131
TFDP1	0.4477984607219696	0.5196082592010498	0.21441781520843506	0.21917910873889923	0.10550501197576523	0.5256872177124023
TFDP2	0.6327106952667236	0.6847632527351379	0.21081379055976868	0.42676132917404175	0.19557422399520874	0.5199344754219055
TFDP3	0.9010699391365051	0.6635708212852478	0.9005498290061951	0.813786506652832	0.9254485368728638	0.6425212025642395
TFE3	0.022158777341246605	0.16355927288532257	0.19691087305545807	0.006837367080152035	0.12261597812175751	0.06904550641775131
TGFB1I1	0.00516909547150135	0.09225791692733765	0.0015333503251895308	0.050864335149526596	1.7143747754744254e-05	0.001982438610866666
TGIF1	0.04932060465216637	0.6148545742034912	0.3642602860927582	0.06366174668073654	0.24885548651218414	0.27263039350509644
THAP11	0.4477984607219696	0.27085596323013306	0.13568739593029022	0.11932597309350967	0.3142717480659485	0.0974656343460083
THRA	0.9355098009109497	0.6075430512428284	0.9731057286262512	0.7994955778121948	0.8702611923217773	0.9988700747489929
THRB	0.39201119542121887	0.779096245765686	0.4682013690471649	0.5675356388092041	0.8830770254135132	0.09384458512067795
TLX1	0.020773841068148613	0.003782485146075487	0.0017116894014179707	0.0016875850269570947	0.0010650864569470286	0.0005591814988292754
TP53	0.5733605623245239	0.9617396593093872	0.9106802344322205	0.33449143171310425	0.9254485368728638	0.9151431918144226
TP63	0.9553689360618591	0.9412305355072021	0.353293240070343	0.1541210561990738	0.9639498591423035	0.9305703043937683
TP73	0.5933083891868591	0.7176161408424377	0.9417750239372253	0.3880901336669922	0.8605425953865051	0.8814001679420471
TRIM28	0.6185049414634705	0.4671836793422699	0.7130831480026245	0.5675356388092041	0.13953040540218353	0.8808935284614563
TRPS1	0.9533002376556396	0.9823563098907471	0.4682013690471649	0.5117284655570984	0.8696000576019287	0.9230936169624329
TSC22D1	0.9885133504867554	0.7043281197547913	0.8895726203918457	0.9955405592918396	0.9266898036003113	0.4046157896518707
TTF1	0.8745304942131042	0.37463054060935974	0.9982974529266357	0.5254243016242981	0.7589505910873413	0.6727980375289917
TWIST1	0.7634639739990234	0.6902679800987244	0.9913173913955688	0.813786506652832	0.592430055141449	0.958957314491272
TWIST2	0.6910766363143921	0.7310305833816528	0.9248773455619812	0.6223898530006409	0.9786098599433899	0.5605053901672363
UBTF	0.7462241649627686	0.9412305355072021	0.7377100586891174	0.49623000621795654	0.8696000576019287	0.558503270149231
USF1	0.010129770264029503	0.2186376303434372	0.001712377998046577	0.0028113601729273796	0.01856285147368908	0.002947839442640543
USF2	0.37921106815338135	0.6467587351799011	0.11559617519378662	0.28492674231529236	0.3374653458595276	0.10334999859333038
VDR	0.35018953680992126	0.38573315739631653	0.24468913674354553	0.17595860362052917	0.6595364809036255	0.04643728584051132
VEZF1	0.9553689360618591	0.8786389231681824	0.9033540487289429	0.5254243016242981	0.36739882826805115	0.6863282918930054
VHL	0.8616142272949219	0.405504435300827	0.6216495633125305	0.7868031859397888	0.9104342460632324	0.10246002674102783
VSX2	0.956395149230957	0.9412305355072021	0.9012346267700195	0.9685848951339722	0.9786098599433899	0.9739536643028259
WT1	0.8626261353492737	0.0478440560400486	0.8473339080810547	0.7452165484428406	0.6075894236564636	0.3503575921058655
WWTR1	0.5558696985244751	0.7436981797218323	0.0517338365316391	0.7172685861587524	0.9497246742248535	0.8814001679420471
XBP1	0.8515017032623291	0.8619056344032288	0.4842730760574341	0.7854467630386353	0.9254485368728638	0.9230936169624329
YAP1	0.1803746223449707	0.5873046517372131	0.7837718725204468	0.9685848951339722	0.09963040798902512	0.8422999978065491
YBX1	0.047509100288152695	0.8377135396003723	0.9303907752037048	0.5758887529373169	0.196291983127594	0.5605053901672363
YBX3	0.31996119022369385	0.6015000343322754	0.9033540487289429	0.5801280736923218	0.3946215808391571	0.569215714931488
YY1	0.8616142272949219	0.9057895541191101	0.7969850301742554	0.8994574546813965	0.5914914011955261	0.6900143623352051
ZBED1	0.7557175159454346	0.8778652548789978	0.9248773455619812	0.9228312373161316	0.7629395127296448	0.831125020980835
ZBTB14	0.18650327622890472	0.16355927288532257	0.4203187823295593	0.05726363882422447	0.49734508991241455	0.07596028596162796
ZBTB16	0.12080047279596329	0.9617396593093872	0.7666015625	0.9510571360588074	0.15054550766944885	0.9988700747489929
ZBTB17	0.7355024814605713	0.6919137239456177	0.44633856415748596	0.5990952253341675	0.3597841262817383	0.589990496635437
ZBTB18	0.5056836605072021	0.012120832689106464	0.3498044013977051	0.12500645220279694	0.00022101006470620632	0.8527936935424805
ZBTB33	0.8670088648796082	0.5709874033927917	0.9555970430374146	0.823805034160614	0.40618905425071716	0.14250904321670532
ZBTB4	0.7972502112388611	0.7810909748077393	0.8951722383499146	0.9946420788764954	0.8605425953865051	0.993975043296814
ZBTB7A	0.7557175159454346	0.5709874033927917	0.045453209429979324	0.6936720013618469	0.2818804085254669	0.04849763214588165
ZBTB7B	0.0377129428088665	0.35117217898368835	0.8876428604125977	0.05232859402894974	0.8605425953865051	0.12721797823905945
ZEB1	0.9146551489830017	0.38573315739631653	0.4285625219345093	0.6894943714141846	0.4311765730381012	0.9513119459152222
ZEB2	0.31996119022369385	0.35835757851600647	0.03445523604750633	0.18869780004024506	0.08039062470197678	0.056119512766599655
ZFHX3	0.9712179899215698	0.5828568339347839	0.6819853186607361	0.623095691204071	0.9254485368728638	0.6536352038383484
ZFP42	0.03493292257189751	0.027779364958405495	0.6158203482627869	0.3028513491153717	0.007162495516240597	0.049353260546922684
ZFPM1	0.8350985646247864	0.9802367687225342	0.9802752137184143	0.8175240159034729	0.9705304503440857	0.957798957824707
ZFPM2	0.44295355677604675	0.6955292820930481	0.9614306092262268	0.9737624526023865	0.10846135765314102	0.9250702261924744
ZGLP1	0.9902094006538391	0.9617396593093872	0.7666015625	0.881295919418335	0.9497246742248535	0.8890838027000427
ZHX2	0.3889210820198059	0.7346275448799133	0.882073700428009	0.7554356455802917	0.3374653458595276	0.6718946695327759
ZIC1	0.37612056732177734	0.7870109677314758	0.6796995997428894	0.4575062394142151	0.5483890175819397	0.9864607453346252
ZIC2	0.12741796672344208	0.8296627998352051	0.7187869548797607	0.2578691840171814	0.9266898036003113	0.09496138244867325
ZKSCAN7	0.04353572428226471	0.2129746973514557	0.0013683481374755502	0.02887139655649662	0.02945202775299549	0.0006796691450290382
ZMYND8	0.981679379940033	0.38573315739631653	0.15137365460395813	0.07573223114013672	0.8474209308624268	0.14518538117408752
ZNF143	0.7845404148101807	0.8914157152175903	0.8920327425003052	0.7452165484428406	0.6409668326377869	0.9741947054862976
ZNF148	0.8251102566719055	0.7189769744873047	0.9106802344322205	0.9000664353370667	0.6249410510063171	0.7797877788543701
ZNF236	0.778754711151123	0.9854918718338013	0.5580773949623108	0.9514304995536804	0.9813088178634644	0.8714103102684021
ZNF331	0.8152846097946167	0.6902679800987244	0.7681739926338196	0.9685848951339722	0.683745801448822	0.9739536643028259
ZNF335	0.9846819043159485	0.8449472188949585	0.09484288841485977	0.49377843737602234	0.9863599538803101	0.4838644564151764
ZNF350	0.862855851650238	0.9165889620780945	0.8339357376098633	0.7573226094245911	0.5818386673927307	0.7524688839912415
ZNF354C	0.7355024814605713	0.9323319792747498	0.8395103812217712	0.5931276679039001	0.3548952341079712	0.9715011119842529
ZNF362	0.6124930381774902	0.7322258949279785	0.6800544261932373	0.5931276679039001	0.9531766772270203	0.7924734950065613
ZNF382	0.2546287775039673	0.11958812922239304	0.020458044484257698	0.08532574027776718	0.004444912075996399	0.08467062562704086
ZNF384	0.004047227092087269	0.048121701925992966	0.25927308201789856	0.04223519191145897	0.5437273383140564	8.41175096866209e-06
ZNF395	0.9587297439575195	0.06128320097923279	0.045453209429979324	0.4208228886127472	0.12604211270809174	0.04643728584051132
ZNF436	0.8651718497276306	0.9617396593093872	0.9012346267700195	0.7754241228103638	0.9281569123268127	0.8890838027000427
ZNF699	0.9533002376556396	0.6896718740463257	0.6983106732368469	0.8659073710441589	0.5669674873352051	0.8637483716011047
ZNF76	0.949737548828125	0.7193243503570557	0.9012346267700195	0.9481143355369568	0.9859331846237183	0.7467576265335083
ZNF804A	0.776536226272583	0.3920188248157501	9.099454132410756e-07	0.06366174668073654	0.06306365132331848	0.0017165608005598187
ZNF91	0.862855851650238	0.6334541440010071	0.8132948279380798	0.9397221803665161	0.32753539085388184	0.8637483716011047
