resource	metric	value
contrast	moderated_d0	2.853263841926907
contrast	moderated_s0_squared	0.04338937312338162
contrast	moderated_genes_prior	13530.0
collectri	tfs_resource	1185.0
collectri	edges_resource	42990.0
collectri	tfs_after_gene_filter	1090.0
collectri	edges_after_gene_filter	24652.0
collectri	tfs_after_tmin	628.0
collectri	edges_after_tmin	23710.0
collectri	minimum_retained_targets	5.0
collectri	complex_sources	2.0
collectri	AP1_targets	321.0
collectri	NFKB_targets	466.0
collectri	genes_supplied	13530.0
collectri	n_lines	6.0
collectri_nocomplex	tfs_resource	1183.0
collectri_nocomplex	edges_resource	41595.0
collectri_nocomplex	tfs_after_gene_filter	1088.0
collectri_nocomplex	edges_after_gene_filter	23865.0
collectri_nocomplex	tfs_after_tmin	626.0
collectri_nocomplex	edges_after_tmin	22923.0
collectri_nocomplex	minimum_retained_targets	5.0
collectri_nocomplex	complex_sources	0.0
collectri_nocomplex	AP1_targets	0.0
collectri_nocomplex	NFKB_targets	0.0
collectri_nocomplex	genes_supplied	13530.0
collectri_nocomplex	n_lines	6.0
dorothea_ABC	tfs_resource	429.0
dorothea_ABC	edges_resource	32286.0
dorothea_ABC	tfs_after_gene_filter	384.0
dorothea_ABC	edges_after_gene_filter	25368.0
dorothea_ABC	tfs_after_tmin	284.0
dorothea_ABC	edges_after_tmin	25200.0
dorothea_ABC	minimum_retained_targets	5.0
dorothea_ABC	complex_sources	0.0
dorothea_ABC	AP1_targets	0.0
dorothea_ABC	NFKB_targets	0.0
dorothea_ABC	genes_supplied	13530.0
dorothea_ABC	n_lines	6.0
