pkn	source	target	n_replicates	n_observed_positive	n_rewired_no_longer_than_observed	fraction_no_longer_than_observed	seed_base
omnipath	HMGCR	E2F1	100	0	0		20261009
omnipath	HMGCR	EGR1	100	0	0		20261009
omnipath	HMGCR	WT1	100	0	0		20261009
omnipath	HMGCR	SP1	100	0	0		20261009
omnipath	HMGCR	JUN	100	0	0		20261009
omnipath	HMGCR	JUNB	100	0	0		20261009
omnipath	SREBF1	E2F1	100	0	0		20261009
omnipath	SREBF1	EGR1	100	0	0		20261009
omnipath	SREBF1	WT1	100	0	0		20261009
omnipath	SREBF1	SP1	100	0	0		20261009
omnipath	SREBF1	JUN	100	0	0		20261009
omnipath	SREBF1	JUNB	100	0	0		20261009
omnipath	SREBF2	E2F1	100	0	0		20261009
omnipath	SREBF2	EGR1	100	0	0		20261009
omnipath	SREBF2	WT1	100	0	0		20261009
omnipath	SREBF2	SP1	100	0	0		20261009
omnipath	SREBF2	JUN	100	0	0		20261009
omnipath	SREBF2	JUNB	100	0	0		20261009
omnipath	SCAP	E2F1	100	0	0		20261009
omnipath	SCAP	EGR1	100	0	0		20261009
omnipath	SCAP	WT1	100	0	0		20261009
omnipath	SCAP	SP1	100	0	0		20261009
omnipath	SCAP	JUN	100	0	0		20261009
omnipath	SCAP	JUNB	100	0	0		20261009
omnipath	INSIG1	E2F1	100	0	0		20261009
omnipath	INSIG1	EGR1	100	0	0		20261009
omnipath	INSIG1	WT1	100	0	0		20261009
omnipath	INSIG1	SP1	100	0	0		20261009
omnipath	INSIG1	JUN	100	0	0		20261009
omnipath	INSIG1	JUNB	100	0	0		20261009
cosmos	HMGCR	E2F1	20	0	0		20261009
cosmos	HMGCR	EGR1	20	0	0		20261009
cosmos	HMGCR	WT1	20	0	0		20261009
cosmos	HMGCR	SP1	20	0	0		20261009
cosmos	HMGCR	JUN	20	0	0		20261009
cosmos	HMGCR	JUNB	20	0	0		20261009
cosmos	SREBF1	E2F1	20	0	0		20261009
cosmos	SREBF1	EGR1	20	0	0		20261009
cosmos	SREBF1	WT1	20	0	0		20261009
cosmos	SREBF1	SP1	20	0	0		20261009
cosmos	SREBF1	JUN	20	0	0		20261009
cosmos	SREBF1	JUNB	20	0	0		20261009
cosmos	SREBF2	E2F1	20	0	0		20261009
cosmos	SREBF2	EGR1	20	0	0		20261009
cosmos	SREBF2	WT1	20	0	0		20261009
cosmos	SREBF2	SP1	20	0	0		20261009
cosmos	SREBF2	JUN	20	0	0		20261009
cosmos	SREBF2	JUNB	20	0	0		20261009
cosmos	SCAP	E2F1	20	0	0		20261009
cosmos	SCAP	EGR1	20	0	0		20261009
cosmos	SCAP	WT1	20	0	0		20261009
cosmos	SCAP	SP1	20	0	0		20261009
cosmos	SCAP	JUN	20	0	0		20261009
cosmos	SCAP	JUNB	20	0	0		20261009
cosmos	INSIG1	E2F1	20	0	0		20261009
cosmos	INSIG1	EGR1	20	0	0		20261009
cosmos	INSIG1	WT1	20	0	0		20261009
cosmos	INSIG1	SP1	20	0	0		20261009
cosmos	INSIG1	JUN	20	0	0		20261009
cosmos	INSIG1	JUNB	20	0	0		20261009
