pkn	source	target	shortest_length	shortest_signs	positive_shortest_length	negative_shortest_length	n_shortest_positive	n_shortest_negative	n_positive_shortest_paths	n_negative_shortest_paths	positive_shortest_passes_metabolite	negative_shortest_passes_metabolite	any_shortest_path_passes_metabolite	positive_route_present
omnipath	HMGCR	E2F1					0	0	0	0	False	False	False	False
omnipath	HMGCR	EGR1					0	0	0	0	False	False	False	False
omnipath	HMGCR	WT1					0	0	0	0	False	False	False	False
omnipath	HMGCR	SP1					0	0	0	0	False	False	False	False
omnipath	HMGCR	JUN					0	0	0	0	False	False	False	False
omnipath	HMGCR	JUNB					0	0	0	0	False	False	False	False
omnipath	SREBF1	E2F1					0	0	0	0	False	False	False	False
omnipath	SREBF1	EGR1					0	0	0	0	False	False	False	False
omnipath	SREBF1	WT1					0	0	0	0	False	False	False	False
omnipath	SREBF1	SP1					0	0	0	0	False	False	False	False
omnipath	SREBF1	JUN					0	0	0	0	False	False	False	False
omnipath	SREBF1	JUNB					0	0	0	0	False	False	False	False
omnipath	SREBF2	E2F1					0	0	0	0	False	False	False	False
omnipath	SREBF2	EGR1					0	0	0	0	False	False	False	False
omnipath	SREBF2	WT1					0	0	0	0	False	False	False	False
omnipath	SREBF2	SP1					0	0	0	0	False	False	False	False
omnipath	SREBF2	JUN					0	0	0	0	False	False	False	False
omnipath	SREBF2	JUNB					0	0	0	0	False	False	False	False
omnipath	SCAP	E2F1					0	0	0	0	False	False	False	False
omnipath	SCAP	EGR1					0	0	0	0	False	False	False	False
omnipath	SCAP	WT1					0	0	0	0	False	False	False	False
omnipath	SCAP	SP1					0	0	0	0	False	False	False	False
omnipath	SCAP	JUN					0	0	0	0	False	False	False	False
omnipath	SCAP	JUNB					0	0	0	0	False	False	False	False
omnipath	INSIG1	E2F1					0	0	0	0	False	False	False	False
omnipath	INSIG1	EGR1					0	0	0	0	False	False	False	False
omnipath	INSIG1	WT1					0	0	0	0	False	False	False	False
omnipath	INSIG1	SP1					0	0	0	0	False	False	False	False
omnipath	INSIG1	JUN					0	0	0	0	False	False	False	False
omnipath	INSIG1	JUNB					0	0	0	0	False	False	False	False
cosmos	HMGCR	E2F1					0	0	0	0	False	False	False	False
cosmos	HMGCR	EGR1					0	0	0	0	False	False	False	False
cosmos	HMGCR	WT1					0	0	0	0	False	False	False	False
cosmos	HMGCR	SP1					0	0	0	0	False	False	False	False
cosmos	HMGCR	JUN					0	0	0	0	False	False	False	False
cosmos	HMGCR	JUNB					0	0	0	0	False	False	False	False
cosmos	SREBF1	E2F1					0	0	0	0	False	False	False	False
cosmos	SREBF1	EGR1					0	0	0	0	False	False	False	False
cosmos	SREBF1	WT1					0	0	0	0	False	False	False	False
cosmos	SREBF1	SP1					0	0	0	0	False	False	False	False
cosmos	SREBF1	JUN					0	0	0	0	False	False	False	False
cosmos	SREBF1	JUNB					0	0	0	0	False	False	False	False
cosmos	SREBF2	E2F1					0	0	0	0	False	False	False	False
cosmos	SREBF2	EGR1					0	0	0	0	False	False	False	False
cosmos	SREBF2	WT1					0	0	0	0	False	False	False	False
cosmos	SREBF2	SP1					0	0	0	0	False	False	False	False
cosmos	SREBF2	JUN					0	0	0	0	False	False	False	False
cosmos	SREBF2	JUNB					0	0	0	0	False	False	False	False
cosmos	SCAP	E2F1					0	0	0	0	False	False	False	False
cosmos	SCAP	EGR1					0	0	0	0	False	False	False	False
cosmos	SCAP	WT1					0	0	0	0	False	False	False	False
cosmos	SCAP	SP1					0	0	0	0	False	False	False	False
cosmos	SCAP	JUN					0	0	0	0	False	False	False	False
cosmos	SCAP	JUNB					0	0	0	0	False	False	False	False
cosmos	INSIG1	E2F1					0	0	0	0	False	False	False	False
cosmos	INSIG1	EGR1					0	0	0	0	False	False	False	False
cosmos	INSIG1	WT1					0	0	0	0	False	False	False	False
cosmos	INSIG1	SP1					0	0	0	0	False	False	False	False
cosmos	INSIG1	JUN					0	0	0	0	False	False	False	False
cosmos	INSIG1	JUNB					0	0	0	0	False	False	False	False
