sample	source	target	edge_value
known_sign	R1	K1	1
known_sign	R1	K2	1
known_sign	K1	TF1	1
known_sign	K2	TF2	-1
known_sign	R1	ENZ	1
known_sign	ENZ	Metab__HMDB0000067_c	1
known_sign	Metab__HMDB0000067_c	TF3	1
unknown_sign	R1	K1	1
unknown_sign	R1	K2	1
unknown_sign	K1	TF1	1
unknown_sign	K2	TF2	-1
unknown_sign	R1	ENZ	1
unknown_sign	ENZ	Metab__HMDB0000067_c	1
unknown_sign	Metab__HMDB0000067_c	TF3	1
s1	R1	K1	1
s2	R1	K1	1
s1	R1	K2	1
s2	R1	K2	1
s1	K1	TF1	1
s2	K1	TF1	1
s1	K2	TF2	-1
s2	K2	TF2	-1
s1	R1	ENZ	1
s2	R1	ENZ	1
s1	ENZ	Metab__HMDB0000067_c	1
s2	ENZ	Metab__HMDB0000067_c	1
s1	Metab__HMDB0000067_c	TF3	1
s2	Metab__HMDB0000067_c	TF3	1
