feature_id	DN47-01	DN47-02	DN47-03	DN47-04	DN47-05	DN47-06	DN47-10	DN47-11	DN47-12	DN47-13	DN47-14	DN47-15	DN47-16	DN47-17	DN47-18	DN47-19	DN47-20	DN47-21	DN47-22	DN47-23	DN47-24
AN005456|2/3-Phospho-D-glycerate	18.149787164886323	17.574350140039524	17.35264695206573	17.562200659632754	17.172667374542787	16.403078062142608	17.288575762892197	16.963038864835546	18.15330061558114	17.828881836857324	17.33133359985333	17.673807370794307	16.84282129502578	17.562725689431975	17.84855554713557	18.52136198835264	18.347137958748142	18.11693342225044	17.557639480642703	17.501391297563437	17.797397862610705
AN005456|2-Aminomuconate	16.673788272206895	16.055541588867907	16.31449473700492	15.788346953974646	16.092709491305055	16.674475100533115	15.381846839565416	15.051888259378842	15.20753159581514	16.70751298830877	16.965040820564216	16.516899719835592	15.296702122683605	16.521346926108738	16.75336348901415	17.74956373818466	17.47722815952624	17.21778844099247	17.95325129177399	18.052080267449966	18.19480964329464
AN005456|2-Hydroxyglutarate/Citramalate	21.84441486988082	21.50822508876359	21.30364587264243	23.6744178852861	23.272949676045812	23.397827690904926	22.251637173688245	21.807262108299994	21.858367280378282	22.86023366333216	22.611103194254255	22.418133089092606	20.552390754160285	20.09967011778209	20.43289060689921	19.022653468508384	18.718939084685196	18.971538563801133	19.3800283114163	19.38994531766037	19.608584679738573
AN005456|2-Oxoglutaramate	17.989578014541685	18.350540724667653	17.541595783769672	17.374690176671955	17.856295879213825	17.80450345039112	17.739887390822147	17.90800006183304	16.85190835434322	18.724111898735014	18.74975105626062	18.35029209834786	18.336632658165016	18.25020353415128	18.843945252901637	18.57193378001975	18.303597402290837	18.26914981699744	18.633206645251658	18.476381933620946	18.53537693656347
AN005456|2-Oxoglutarate	21.71525892023036	21.375577041883076	20.935818973712177	21.49760887153094	20.958092627052427	20.190671233364238	19.803713963532854	19.300487216271684	19.66477763041318	22.513874387973797	22.67469843254922	22.301781786771443	18.407174008194954	18.42363527032866	20.011393579950553	21.3135568688458	21.27857930494826	20.987056777070674	20.346905803621002	20.28991047937496	18.934901888358894
AN005456|3',5'-Cyclic AMP	19.24611793192385	17.598932408890466	17.16396409141227	19.282861184064995	19.082520721832843	18.229712529168474	17.743172819426746	18.65423694713776	18.293218767801218	18.815345925204003	18.569908180620846	18.60281413693995	19.864943296297504	20.105830023524895	21.218549022656763	20.42666400400801	20.418984872233402	20.033111897542327	20.62762544881145	20.780786172454444	21.243052831120632
AN005456|4-Acetamidobutanoate	15.09681198525337	15.385877869058527	15.044009827669374	16.315623232318067	15.697766286345178	15.78472045826526	15.96291172709739	16.158705435369576	15.991331069676933	15.485709378136225	15.241253263505715	15.38062407071085	14.117458065480006	14.054752172405035	15.556827163276486	14.86196893410695	13.654059719858685	14.809837368503983	14.997190691093895	15.06565345161747	14.768258729317491
AN005456|5-10-Methenyltetrahydrofolate		14.298091136777023	14.669604822909116		15.74395339935983	15.354510577963877				15.887950880374088	16.51553964646513	16.23597877683231		14.08245346074808	14.410921184618385	17.388666033472635	17.635840630787225	17.502893881258295	17.586251660435114	17.137473698905126	15.319149393874087
AN005456|5-6-Dihydrouracil	17.040852539060023	16.797965733659282	17.522887985584187	16.726969509173937	17.108830973736694	17.443690514941213	16.79156296741732	17.233711217855248	14.906309419605549	16.828393161523994	17.104650524302897	16.831066426686338	17.614700619469517	17.355366623251445	18.076465444230394	18.165067492239473	18.001902900066984	18.140944692216852	18.888845222645596	18.94529627024753	19.131432215807628
AN005456|5-Oxoproline	24.589967437309216	23.52993498666418	23.792795158668	22.937120566090044	23.55545473366879	23.567123310759143	23.050643732865424	23.45440352323185	22.518623722295533	25.445301818997198	25.465880830365112	25.335328348593226	24.017864479167883	24.428612407880237	24.70586218344096	25.56928853152415	25.344621612470345	25.381617017989864	25.036265922956634	24.998983886547673	25.075855857202846
AN005456|(7Z-10Z-13Z-16Z-19Z)-Docosa-7-10-13-16-19-pentaenoic acid	17.68482657115453	17.942397104894187	17.829722735086058	16.34510685369716	15.913717956679015	16.478196768619934	17.985128366233713	18.898304633168696	19.502861278345637	16.018340945156172	15.890023327809494	15.989624490653837	12.37535634867956		13.994345607354381	13.905776708795962	14.093991398288374	13.209153337207574	13.552201576632068	14.349969353658878	14.105530352364871
AN005456|(8Z-11Z-14Z)-Icosatrienoic acid	18.574852843021795	18.275751423855315	18.743618205924133	17.9674343085662	16.861347445340737	17.54853762822696	17.77024527309777	18.49216873867351	18.804661625508217	19.054655541282038	18.42095074075732	18.866321019240946	17.997203305337354	17.923759453419017	18.834824494852523	18.304948257563964	18.364856635042884	18.13394539036017	19.383940490882292	19.77653793693841	19.64734240670132
AN005456|Adenosine	15.052330419028346	15.249344670688163	16.188318392303785	15.251261632000572	16.306547797806346	16.808309691390505	15.209013634235369	15.667045163953329	14.19746615140441	17.092098903127763	17.2056089920181	16.957840985338354	15.556559005098679	16.9590693706181	16.297188797970023	16.463851852915024	16.42793881109989	16.578483326084726	16.529448397813393	16.739856535149162	16.4610741637163
AN005456|Adenylosuccinic acid	14.315463482482127	13.648936601799063	13.960906953765717	13.461815768914434	12.49416425403889	13.357402165270102	15.429873239847167	15.181882381265577	15.694117416236905	12.257430818219584	11.382261566027035	11.25418608745303	11.27546031668019	11.186932183971821	11.596962923309778	12.374333750760911	10.849849981172094		12.460731772286318	11.877091283693176	12.748607075051499
AN005456|Adenylyl sulfate	12.09541219893379	12.952035117247082	12.94708897502536	14.15799546167551	11.08387333384265	12.464381679993133				13.400347303646713	13.914409396711306	13.887625356158361	13.417853754676432	14.133674422286019	13.731451893920523	15.282611153205899	14.346257248267197	15.239013683506023	14.969192835643014	14.846355660683887	15.287606680512143
AN005456|ADP	20.275885822443936	19.959486745630823	19.92081659234987	20.003734363613724	20.14870196664539	20.312456235793533	19.8843362074359	20.351498103535075	19.331684193171586	21.740958467966408	22.136854003259327	21.959832657530605	19.683492740370493	20.647308836545545	20.641698330056276	21.39428907928255	21.170672310121102	21.304991817223357	21.67397132263344	21.33836949377092	21.863067651170073
AN005456|alpha-D-Glucosamine 1-phosphate	16.649548674378252	16.01501626581324	16.3954671937162	15.638844710293334	14.95109645035767	14.762709173917102	15.810215729820335	15.196243773709117	13.862000798964656	16.888305749491284	17.104061058426403	16.83119874457705	14.004692587248515	15.973083489927797	16.013194356214026	15.302544129534544	16.746366988611467	16.31513013027104	16.200571892004255	16.39978779578849	16.414138366217284
AN005456|alpha-D-Ribose 1-phosphate	16.372392615037725	15.633559529688073	15.024187373995074	16.549051283859058	15.938728070445595	16.35914558094388	15.978784756843197	16.593428390637694	15.61772762291007	17.421176570975902	17.23305443631698	17.292066033807398	15.289782602032313	15.5042272915228	15.17654893857513	16.065930629841585	16.46974188756566	15.073558229659836	16.195673997693564	16.349072955448598	16.100043012277155
AN005456|Arachidonic acid (Eicosatetraenoic acid)	18.70324037010128	18.748820409260098	18.693265739279042	18.584596796902304	17.227486818891187	18.245569112062288	19.804935278749173	20.708006692665176	21.049923642352592	17.723923738331454	17.592248523556012	17.427630339853263	17.178447271751846	16.885614777501083	17.58600506763789	16.4832000083662	16.901987233302272	15.95863007135426	16.74792750652306	17.096761613753024	17.346164446976545
AN005456|Argininosuccinate	13.624434523815523	13.590478700325216	14.166869190029924	13.363678539741692	13.005431979240004	12.734504827588696	13.844297156546803	13.436856359925075	13.548778053072866				13.537713636951246	15.177029090204124	14.486765297763585	11.564131700312952	12.81027579896113	11.048780533810108	15.47108204869749	13.947709847310946	14.83898073134475
AN005456|Ascorbate	15.873079625313942	15.128364869350095	15.291026768056126	16.296268867287274	16.311765031961663	16.228374699852058	15.592869266224154	15.137284731887044	13.905979170081183	16.289719724444303	15.986738314150779	16.05781423190177	15.62554763493217	16.02844307365876	16.119154492288555	15.974089242001329	16.663318359065943	15.955924990943283	16.670263203391645	16.72198674669602	16.527269070359043
AN005456|ATP	20.70129288739842	20.616155448384248	20.58268870435172	20.81644550890128	20.735335363986202	20.80676332900388	20.65042154919061	21.27119476712663	20.21143367691849	21.628443541595995	22.51263861640846	21.56599486184068	20.133359752685518	20.646189336814327	20.56228476724577	21.28171681543197	20.873700103087018	20.876759903099614	21.042685755068693	20.54200815868959	20.652163387840115
AN005456|Butanoic/Butyric acid	16.53945814528278	16.51621143464557	17.032540836358155	17.05282842936863	16.7430784537217	16.84280487514879	16.44734066728966	16.979637843875665	16.786048001586995	16.71998449118775	16.09537256447531	17.15531053626096	16.301023861411306	17.054397054194233	15.147267350302238	16.313928224378603	17.350303262543914	17.289717684456736	16.858509015258452	16.494255331379833	16.087759631485223
AN005456|CDP	18.976164811976098	18.62740341167012	18.478895988769487	18.943243730730842	18.809490447090354	18.772174687186343	17.631146201692637	18.2330053035705	17.998965817375606	17.684790403775263	18.199026253028087	17.981272103178704	17.67900087065808	18.456931077602473	18.591338162037086	19.093394346665157	18.815109287377393	18.83362693374016	18.959530151610636	18.864089336682856	19.022473836261394
AN005456|cis-Aconitate	17.886833157970464	17.12876831213703	17.312102985961065	18.683219185780175	18.240776353387275	18.117930954951635	16.89226738000777	16.80698440699661	17.24433715735531	19.4014842912267	19.425458428021432	19.424704925538062	16.799695913209188	16.824698514764897	18.141050119446568	18.061488801454704	17.95128658325679	17.983191384957095	18.29809766465137	18.47751359415444	18.834515435676394
AN005456|Citrate	22.612937354483797	22.634546768768374	22.604226307919127	22.734971670581533	22.28514766401323	22.050851425569462	21.561903348616372	22.034286943246887	21.179872335296448	23.481049691488252	23.276106161691093	23.24307797940073	22.395805210127282	22.731534382314365	24.13348754228114	24.176260047050278	23.965986800336648	24.015506658113978	24.25267506969442	24.17998221051541	24.337295420705388
AN005456|CMP	15.830696254779756	13.612476219253296	13.109504215757006	15.362180154589632	14.429682696896606	14.738600855448716	13.806329306347783	14.805999763686517	13.776840646605304	15.957846384571662	15.86981321503514	16.099204644742418	14.12627762497868	16.237186954751518	16.684357631597614	17.274549053762154	17.301764675091466	16.862502484243276	17.006609968040976	17.49472606109744	17.898243491603303
AN005456|CMP-N-acetylneuraminate	16.647113187751383	16.149432174632192	14.99536968380961	14.911316463303733	14.308220117540342	13.83502614848323	15.73250427796347	15.605157951094325	15.61980041960579	13.430457304174752	12.819491956549134	15.358700222738628		13.895752041450042	13.286025030638426	12.991403200876917	13.597551756254893	13.823025524897588	13.823881904006065	13.42235601709373	13.596867975294597
AN005456|Cystathionine	18.68151736211906	17.9426017851582	18.605754395654362	19.25933146126706	19.727738299107966	19.50663348691974	17.542610917630363	17.85513061068964	16.657241192935757	19.01684344044434	19.454511173406125	18.648704308580076	20.49913168367975	21.874150436499637	21.43655813094643	21.722224070335972	21.732362173506207	21.75750486026761	22.415728380338116	22.31867538149245	22.462545312857678
AN005456|D-4--Phosphopantothenate	16.289001833024198	15.671893749134583	15.675543609835952	15.760261735917439	15.445102085850575	14.306623342544176	16.47208308543471	16.837123847956732	16.151261962269206	17.0474018271545	16.701194652487946	16.393196067745922	16.207065906172552	17.237698330069787	17.189491973268407	17.79494720984604	17.636371971041054	17.398859247404904	17.52604805691417	17.41839855110855	17.828777886864422
AN005456|D-Arabitol	21.746618595840232	21.504704477304998	21.522105440272906	21.42186051151192	21.104904624234354	21.259628307803244	19.593372777607918	19.87789466481468	19.534052198414987	22.90577431549676	23.098557571807817	22.79592829496813	20.505835110597875	21.82265030430287	21.647892813338615	22.945788813391722	22.806381083414653	22.621517017057695	22.117762237321596	21.832515244118152	21.93362153881469
AN005456|Dehydroascorbate	16.8834213451111	15.980756005268809	16.754848366024984	16.9162722373906	16.693200382963006	17.559177925816606	15.870217905321743	16.315235622079655	16.480159276252046	18.25134955574394	15.753540000929144	18.792713719735957	16.65741764530891	16.45354264035206	16.62186592878162	15.963129830546015	15.873840927738595	16.014904982740333	15.968880411833467	16.70658192458472	16.678610103015355
AN005456|D-Fructose 1-6-bisphosphate	19.119871183535306	19.333788821282507	18.95796355508759	19.584133978433574	19.411856972411435	19.21724996392555	19.01700224526862	19.239980269640846	19.34192685251037	19.397458614736692	19.432511990456373	19.629987874663648	18.5964352801477	19.36986314375062	18.9589827370869	18.929421416274618	18.66600764078801	18.935728339084232	19.309039946024892	19.207908482738503	19.18536477341597
AN005456|D-Glucose	23.282276857091265	22.311545472467003	23.759881581612014	22.124350066430164	23.548315239923486	23.88450183222814	21.593406003178256	21.394788850147638	21.47435592284095	23.907589916308144	23.676786432714344	24.20537616463753	20.94022267002974	23.035729190718108	23.2177621904571	23.81400689964014	24.041304056190086	24.068821389417582	23.736973271769852	23.33304907576431	22.214794596698336
AN005456|D-Glucose 6-phosphate	18.471479224162977	19.188073178653617	19.713233787078696	20.483294634796074	19.34761600598952	20.04583762980286	18.703017405583058	19.2952441935414	18.951879528164618	19.354899018918218	19.021706940549954	19.467776656296387	18.259645721846358	19.005467552261514	19.1704617520701	19.085949923861076	18.657479780822392	18.911873910329657	19.043057960383507	19.09575566513843	19.268642204761402
AN005456|Dimethylglycine	20.586304998449002	20.019678761019637	20.374140564829244	20.523585782742	20.371311610399125	20.273480991468723	20.162863967266077	20.100531040614555	20.060585349895085	20.376824705565504	20.48768998725407	20.400217179743315	19.726535498519358	21.180782007210677	20.903719019450634	20.30817250878887	20.58621151965391	20.38449115534752	20.648682459201883	20.229705047894978	20.692665481280216
AN005456|Diphosphate	24.252521018512635	24.77270245149858	24.60263317610386	24.770402466800533	24.491508614912032	24.349721123886304	25.225299631572287	24.817095439072595	25.34307426023942	24.20269297962565	23.926265727416236	24.147310915897197	25.54925684383117	24.18854528490154	24.28216815021858	24.34502577484137	24.312165725373763	24.353105503111856	24.057906560683435	24.333122993911637	24.242253235607084
AN005456|Docosahexaenoic acid	19.036926734229336	18.662183068377217	18.8133866503482	18.528415991027202	17.149490926897947	18.207870890134412	19.45128808314914	19.96498357741088	20.444499588880745	17.93113609991438	17.658343504973512	17.830382590856537	16.152772998626496	16.3000724933558	17.30659461302658	16.91692880410513	17.02044681318133	16.681396773912674	16.832128543437978	17.293830347844526	17.294775112959737
AN005456|Dodecanedioic acid	17.855238750908807	18.04932870202278	18.036758515397256	18.338341220757542	18.15578190648257	18.566997474355556	18.041696309979166	18.58126492610186	17.91793192417968	18.20550693025549	18.899428815052588	17.78445469440075	18.947017956110695	18.63544062589125	18.270142055305023	17.964610880291747	17.819605004755722	17.8076002229721	17.889061953546566	17.545382338589064	18.05245491870546
AN005456|Ethanolamine phosphate	24.929663449495937	24.573861349245014	24.91341802676693	24.43511173988568	24.965041175001577	25.124351823271464	24.7431434372884	24.897976218688246	23.930939675993883	24.23156090260986	24.383078848278	23.991914825410408	23.7048664701536	24.480784267849454	24.409995830670063	22.502183985515234	22.63605152987187	22.405476006711773	23.45810527803138	23.506365332361614	23.1934820088633
AN005456|Fumarate	22.286063420368503	22.031380672447803	21.736733880532004	21.81326112907855	21.25023070206547	21.350767797929645	21.250122455349345	21.305343333464986	21.289483411537052	20.44088666103391	20.326129089834662	20.631937893487798	20.34707942612856	20.2179583836272	21.635128644331125	21.137518974568465	20.992224294798724	21.21681890599802	21.305443940270486	21.729582430678807	21.698793205323334
AN005456|gamma-Glutamyl-Se-methylselenocysteine	14.192609475089732	13.884629831113982	14.389496903716381	14.7596927910953	13.390415170722049	13.804090618796751	15.180772473357683	14.579833794734459	14.106365195520613	13.692772109245965	11.775746782452698	13.063870058123095	13.071703018224719	13.463905301490755	14.149993479957903	13.462596208093746	14.125293173696969	14.170736749150883	14.074003451234601	13.637708928742144	13.658480018506447
AN005456|gamma-L-Glutamyl-D-alanine	16.057722021176456	15.206805825945976	16.121472810201006	14.423193958415137	15.619108971724701	14.787368347434771	14.591773017844439	15.077611725021239	12.197234820522668	17.402691359520418	17.430693629823704	16.996287492506458	16.73803385085174	16.79764895872117	16.364747655493435	16.898209362401257	16.935144304863325	17.127414485468552	17.41525774980765	17.06479069574732	17.95823333181867
AN005456|GDP	17.836283033679848	17.44012831967859	17.078056966111877	18.03318402060835	17.645933735852722	17.54479490647222	17.341672714285867	18.108520865351622	17.808907171991223	19.154729190229983	19.540977524354116	18.78618764111665	16.96619897574051	17.779306575380872	17.72731112130374	18.67657867932082	18.185916514443768	18.473694052824058	18.1205988478156	17.52001640209587	17.980690204196254
AN005456|Glycerol 3-phosphate	20.64451023316739	20.311194846772842	20.01357212005777	21.641225315633427	21.19417405689279	21.134117498626587	20.074257623450197	19.93248705534989	19.96050504571959	22.636389553908188	22.58392688044086	22.83081898723283	16.309628693091987	16.292320987366143	16.522785548100376	19.700458047862025	19.37493903596833	19.524740374329742	19.39088801443373	19.082270483286983	19.22920373724856
AN005456|GMP	14.587737625710622	14.81386599023695	13.568074869523228	13.840932014318662	14.540366151894137	15.165057179900995	14.254181102473439	16.409645778035177	13.015170885428557	19.19210542584719	18.601538513754484	18.575952982033744	14.991808371227078	16.034231100722494	16.996772825077198	18.677236083728502	18.882878410354568	18.2454143008169	17.827305782573934	17.78240833946326	17.80821343622761
AN005456|g-Oxalo-crotonate	14.541041031417016	14.045181490595013	13.301781962051106	15.978705626324393	14.578547436763358	11.556933628797736	16.139598600738577	15.190218892335523	15.44767657424975	15.876165400799424	15.99610410857211	15.791232337259405	14.989750455036745	16.38143588170702	16.279454672975444	17.922354073321358	17.77938505276023	18.097021054695247	18.226408649412253	18.098999324777097	18.151305609002293
AN005456|Guanidinoacetate	13.566859193727929	12.867170118892185	15.221209482061306	13.468595550761359	13.816937327376875	15.337190466171476	13.019207474278412	14.112566336683058		15.183017058366795	14.265218984373721	13.066570049630219	15.113330467906682	14.453459769708067	16.031050094430558	16.56283865603527	16.13248641515379	17.04216042079294	17.14190062886931	17.335107085793922	17.396289289030722
AN005456|Heptanoic acid	19.894920140580368	20.17757837995463	19.83744468990267	20.41072614722405	19.86072977038936	20.046689983874135	20.274473118416182	20.556476408383343	20.300616848171007	20.14510325518727	19.657575034559933	19.87215501198869	20.062335115603798	20.01106064246125	19.747701541005203	20.127018885470612	19.905173754995417	19.846504816107284	19.663995531934436	19.63809516097884	19.746540735267217
AN005456|Hexadecenoic acid (Palmitoleic acid)	22.717480423595013	23.320565740116464	22.857734078077463	22.837031785507868	23.071776131300727	22.908173360514795	23.459327037160808	22.786763125673176	23.252501455757017	22.922865524504818	22.675309756902465	22.791465763027514	23.152714080958688	23.418070924241245	22.79651077242364	22.85511540755738	23.092647245872982	22.627099259312107	22.809601516085475	23.007453396457986	22.667509587173136
AN005456|Hexanoic acid (caproate)	19.11319844291463	19.489539293526473	19.339306350358438	19.737758771189572	19.177992768855443	19.274652265807607	19.60722870765648	19.93588139338285	19.69212311100736	19.07107943796896	19.424042205334906	19.028420265069503	19.72076521422118	19.626274374140955	19.186712076609023	19.328964140800693	19.280924982561693	18.90058177983749	18.933801430267284	18.715727331344365	19.003398996603448
AN005456|Hydroxyindole-acetylglycine	13.126108996156706	11.888137780449433	12.534789211480266	13.515439143054076	11.157768605235583	11.783799526713493				12.948979563744476	13.903506190154008	13.954342364475984	11.918696479292317	13.578831803084235	13.30131749829468	14.91829744393804	15.2799285089736	15.080094370683451	13.748348517071186	14.47488823922007	14.308618613672692
AN005456|Hypotaurine	15.614245110584935	15.989115428174253	16.559377090526684	15.772319218683855	17.07019568071148	16.97395444995464	14.027911398893657	14.554567036124029	12.934755546501364	18.034777548743982	17.780585887524037	18.215086109609352	17.52259567350782	19.054743636934873	18.37090353701469	18.731432217118506	19.510646689429286	19.23758310909516	19.37243774860898	18.720631957795128	18.948084190973898
AN005456|Indole	12.808042600971278	12.040923838702598	12.296055838078784	12.772426661993595	12.153761116434058	11.756748202158976	12.224032909487045	13.032643961226043	13.244421124202326	13.651436713556812	13.645445559194767	13.432100971695986	13.081321365532501	13.057262821541695	14.004946942516987	15.192352531627131	15.144022409662075	15.230819799393734	15.352987381681343	15.204337426411394	15.574305820642504
AN005456|Indolepyruvate	15.809422405507446	16.00171922474148	16.500779650167875	13.573320780414837	16.212574542056586	16.65022678868749	14.498784026543595	14.921661447059526	13.788251098300726	17.05364170569516	16.352925161026356	16.199030862054435	14.799257299325543	14.829862965763438	16.207392781623298	15.961930045706424	15.666365399628615	16.18874146337234	18.16186353909865	15.77492395525045	16.823142193589206
AN005456|Indoxyl	20.091570395974788	18.878295244016005	18.775693862887735	18.522591049394432	18.629054847433434	18.411273554811846	17.08407904455197	17.349301904593986	17.892891328626913	20.104768017607654	20.175493663174006	19.791172823586198	18.113396627718846	19.07975647184916	18.953155482557964	19.79927334376966	19.49885782240359	19.580667957884284	19.46279598949897	19.920384738065078	19.40945110483788
AN005456|Inosine	15.67968028464746	14.914128388544428	15.487651647345487	14.870693994332706	15.429510057572157	15.398491139904882	15.254466385184188	15.083041165437503	13.92677817302718	16.329669144804736	16.883894874526963	16.045682800233934	13.401764357307137	13.704691873924496	14.594586589619567	16.435107628297402	16.518922275101005	16.223405301808267	15.532992649948486	15.624123748445	15.980913892170925
AN005456|Itaconate	20.053008939168425	19.83688378448696	19.584055982059965	22.139249521656684	21.517105934480877	21.486814336848916	20.371232549415836	20.114270704218026	19.75086842433547	21.401164604027944	21.08045056864674	21.097458089585544	17.898088300711105	17.73277713180685	19.148201333440188	18.442645328070597	18.26281132281626	18.401711891318307	18.45629847910279	18.341318314756247	18.771776092507615
AN005456|L-alanine	22.031004136469367	21.30281878857268	22.021141293637427	20.690256869044358	21.580270833647276	21.8897161415198	21.20892820759015	21.740638508415568	21.47522970423089	21.23000660342259	20.917688545877663	21.56578904110782	21.092566999282337	22.048112558505927	21.775338336931842	22.711506959376834	22.593854597059355	22.22587966679974	22.742047203835416	22.36150805495801	22.4680498838498
AN005456|L-asparagine	19.908516539182905	18.674868548660623	18.917482804310026	18.311317427560667	19.055240667441485	18.86140895832092	17.779407888035948	18.365021040560244	17.574387367432927	19.635697131064656	19.739746068842777	19.46108551689088	18.776383029806723	20.071419984216437	19.937834954967375	20.381923178753993	20.42299008291048	20.401357560919827	21.035754613384075	20.555438200155443	20.892135892840322
AN005456|L-aspartate	22.409363006358138	22.142984526178928	22.027568581187726	22.187732944347736	22.004995404123747	22.134057621230806	22.62720353300556	22.83180442895943	22.415105233621972	20.4401704439571	20.503642525910422	20.48804967808573	21.756165017151414	22.902439517324844	22.61670807447122	21.479514344569484	21.633261266711386	21.470619062842584	22.254110368122735	22.072022845641328	22.13228318386234
AN005456|L-Cysteate	17.43058730367131	17.50833037021531	17.268021071130676	17.356601059228822	17.08158989323306	17.23769827168196	18.216244704063833	18.786938523499888	18.33037730760348	16.294183814493262	16.4308744390682	15.990197376732057	16.151705784887124	16.71911955077479	16.88860016811638	16.159819706561965	16.370125287442463	15.897958222211658	15.935453748678395	16.06204052168326	15.969569174492952
AN005456|L-cysteine	15.35826106106713	14.726023371037094	15.373986629514265	13.825377477784661	15.44882059390848	15.32112252364498	12.42481241517062	12.520661781180966	14.149808284872222	15.145168215682363	15.687669899277266	15.57411270666055	14.999601790041611	16.621085515543907	15.699957563690507	17.225889373802215	17.06887089473812	16.863382382723824	17.23060092102992	17.003850300718057	16.982449594537574
AN005456|L-glutamate	25.893371136726106	25.748484422811963	25.71998408859152	25.821227703419183	25.806835388922497	25.64419623398022	25.592460285661975	25.78656882960506	25.406889560732868	25.773278197997815	25.919077735275533	25.67808305253385	25.190142447666904	26.433516666828606	26.309842596414448	25.914554874729337	25.91066414066491	25.82741708251515	26.084147822352357	25.799133879236624	25.920275856487194
AN005456|L-glutamine	24.097289065908633	24.223111250266296	24.915979189413488	22.32491978293011	24.367960172611017	24.69209512113214	23.562093067353583	23.803487843522703	22.24579247390724	23.29004889572051	23.328388887000674	23.462072922355542	22.6227603842263	23.652923789419575	23.462757642514347	17.304511441258793	18.426407297744877	18.55984266692044	20.759258945490824	20.468217321619083	20.5612976635508
AN005456|Linoleic acid ((9Z,12Z)-Octadecadienoic acid)	20.132696180739813	20.62622907473334	20.088432416589562	19.941302256387367	20.140418099637795	20.225624668689893	20.689004393256898	20.266261692507456	20.738496631643986	20.332988821938574	19.853796870622144	19.906961098178748	20.32260057970909	20.605045847986457	20.173365349532368	19.850646997980448	20.300022892310707	19.896254757059907	19.891084494941712	20.3972136978464	20.087394974294863
AN005456|L-Selenomethionine	15.810691536093016	16.464970847749317	16.340997524218473	16.63989036030571	16.880065346306015	16.29195733500109	16.951004443730486	17.48355945997226	16.71932075005023	16.701265426682028	17.167532644034498	15.875850448049208	17.743768177107267	17.14471924726415	17.223640251829096	16.684461818494754	16.16751995315903	16.23631658486995	16.52911733284687	15.31675139721829	16.525069910798976
AN005456|L-threonine	22.390650365448394	21.47965959273804	21.928693300216604	21.70372794569161	21.5719460589955	21.688451390039724	20.71422489808492	21.28854665565649	21.47857529700419	21.812012989655603	21.80577314613884	22.139394429787043	21.331014384101664	22.548669293356554	22.337481362326862	22.535015998005786	22.844859085225334	22.75888278300417	22.980170187707028	22.94681224722851	22.908904626195625
AN005456|(S)-Malate	24.98669417985497	24.819253005205294	24.71008331789341	24.576072201759835	24.04764574534475	24.085303242607296	23.879926782679924	23.86085077016624	23.832292622316125	23.121030675419274	23.1784670829299	23.415446561491596	23.24188840854833	23.065669736589783	24.508526350723507	23.931228356266725	23.836292027044948	23.956218793109255	24.121782349539092	24.494594552142114	24.668887070642555
AN005456|N-Acetylneuraminate	17.98606692337624	17.973956953147418	17.636157277501034	17.990697893408075	17.543273041155093	17.659962907425687	16.594415494255045	17.019050586145685	16.67743581562317	17.906914929008902	17.9945820170702	17.418639961401148	17.675612365013677	18.636159551332575	18.767528028199678	18.734779625196342	18.698902208533095	18.757426732242696	18.656991623269178	18.87849478116836	18.793208885804756
AN005456|NADPH	14.341372806413576	14.697669822911749	12.618385502258606	13.212388416432669	13.555190561597454	13.54762546366239	11.860558811281573	13.61702075449986	14.313494854360863	15.16843901313826	15.585085193051869	14.889659709079549	13.984606563365055	15.030208314524623	15.095164590720254	14.897014693761614	14.970772691291163	15.332961640550899	15.200438835810768	15.15028684613794	15.631203653770731
AN005456|N-formyl kynurenine	16.6710681582811	17.32670629201305	18.072718810257797	16.32711609164598	18.199274607287297	18.486436486786538	15.467309083522254	16.36737847688429	15.385482383806306	19.500769549150366	19.05903620250479	19.080472540814746	16.634804434716976	18.537757780033562	18.298444674750694	19.60471666316907	19.86040509302631	19.74252656449888	20.181147373255722	19.472837273401446	19.53089535246141
AN005456|Octadecenoic acid (Oleic acid)	23.580261855831345	23.147302135297988	23.016114049163335	22.689340023807503	22.45692686334261	22.877697190683513	23.082191314357523	23.099649117592257	23.187347883640726	23.074124459413426	22.46520280220498	23.147818548481425	22.661933899985613	23.12549069998603	23.172001599139474	23.041703991653048	23.21609069386369	23.226470674995596	23.216079658662284	23.60466841126122	23.81087051669842
AN005456|Octanoic acid (caprylate)	23.099446497923147	23.50762782467993	22.69689517069705	23.49325340777271	22.43563580830266	22.754277433260434	23.77765744056282	24.055510939683998	24.17918054136805	22.95936527330751	22.09695579917266	23.387261275617554	22.896984354978226	23.31121239943197	22.287900075790265	23.37304935964282	23.081645555258476	23.438466637325508	22.813678474877012	23.24386288723629	22.247379604755476
AN005456|Pantothenol	23.975951952316674	24.11007120707229	24.549794654150745	23.86697423210306	25.19438299775319	25.2162019619303	23.70811186478993	23.738236958159863	23.587282522920162	25.554291243070068	25.495940679338563	25.38733568170326	23.26517113205245	24.795792770272072	25.149351457479693	25.608704703245095	25.65222226858486	25.578844262969604	25.893873403084235	25.784816623595866	25.723273013061224
AN005456|Phosphate	27.234130136758235	27.503023087461916	27.346127781008107	27.606741075084713	27.36686702649617	27.298052045142768	27.702945900249986	27.62710832693359	27.842795915368576	27.03602538797238	27.10205395333089	27.152074990594375	27.970043238000013	27.301884305711248	27.07724289293214	27.03818180953006	27.104378598415913	27.184791063976675	26.91836026555601	27.004252572132653	27.035524647603246
AN005456|phosphomevalonate M-2H	17.709242361651462	17.322346600593434	17.369529190141147	16.925589633599117	16.822720049540667	17.014379938779552	16.180558025933895	14.695126039394236	15.500910139791237	18.21378785584275	17.81426906834938	18.14049991450526	16.68453321471431	17.66399567792894	19.025267957017252	18.928178488560853	19.160354240302283	19.082707339003445	19.068300211022734	19.307453592869777	19.06128424268168
AN005456|Pyruvate	17.497776541478142	18.01131323715022	18.015202683546526	17.353004354206764	17.61260737843175	17.845348367111015	17.103054055102433	17.13251143014352	16.844036934579016	18.181813001607473	18.21699278641905	18.120401614022764	17.434381185866567	17.71997667881148	17.766128438790712	18.11124211050617	18.292072859584625	17.84381382336145	17.849526852844694	17.384825963923266	17.841376936977877
AN005456|quinolinic acid	15.521316144570386	17.182485454755838	15.24577551056606	14.32684177156132	15.265413142892358	13.452910564254509	14.524290147998183	13.69998909557358	13.890133039395682	13.408994285808056	14.506663810454377	13.337401008323425	14.52564332984899	13.677490961922162	14.402198377475926	15.363820108943125	15.030001724461655	14.90485614229811	15.496989603869357	14.484400200249764	14.203661919878632
AN005456|(R)-Mevalonate	17.868674189970474	17.36500084157019	17.612364594580693	18.277351827995577	17.666977153280378	17.755069011442334	15.678066621350482	16.68787804764961	16.56467642509956	18.376423841982316	18.061370913969167	18.437412740298356	16.01050999586256	15.708134356403574	17.66452421995656	17.727751256721458	18.102260616909433	18.13912934889396	16.961754430579255	16.65877191703695	17.469208076279795
AN005456|Sedoheptulose 1-phosphate	15.669344371268139	15.514443405355165	14.847008393881879	15.733165379143301	15.950639356950195	16.05645603129372	16.03098347209539	16.53559777456792	16.45496737804152	15.537986537776437	16.308331843674836	16.142802742950416	15.911786079283905	16.26390727414546	16.525556887782503	16.135139263224733	15.516427621965152	15.748292301013578	15.945789554220651	16.244372155534613	15.968882900463754
AN005456|Succinate	21.782273169373205	20.752775857478454	19.68002121483217	20.407395010955355	21.02657403936144	19.320203739792614	19.470070979532498	19.148724471480147	20.01455012618904	21.15826938170408	20.525085442568443	20.759558838197407	18.619342533012833	19.292894244831746	20.549074777268235	21.64428143670429	21.772677966877737	21.376635435959685	21.329989853410982	22.77230428733267	21.958985475825454
AN005456|Thymidine	15.817194695223971	15.91912959491306	15.756347825516587	14.521972112893309	15.704887754812066	15.85456101894099	14.768819487753639	15.45112986854525	14.58836195535125	15.672429070635959	15.790335464399526	16.026916797326322	14.681459476405239	16.36416025183314	15.555337760434332	15.92451729693016	16.32315975314717	16.39910042464896	16.000843545519484	15.518158886299481	15.269504318206547
AN005456|Thymine	18.605418108168195	17.375743565420617	16.49288590659472	17.611538490371306	17.37098464077315	16.513791645663183	16.26754897061749	17.091721123031345	17.544374352598588	17.68873948208806	16.739653020640656	16.464833890148746	17.536487644253178	15.911161318776186	17.01096850234733	16.12527955916034	17.270109779714602	15.714282153851313	16.98361733216699	17.469855939822548	16.824432604028736
AN005456|trans-4-Hydroxy-L-proline	20.86909236615955	20.78670030104122	20.430562807773054	20.59586125756185	20.27632214907491	20.445909544567467	21.27156210148038	21.249904455052807	21.124377975945997	19.651166018574347	19.191685293237892	19.581204101497516	19.78694930875834	19.06445669512809	19.512942055411802	19.81898904288909	19.36870500616145	19.720069796117354	19.74710077366658	19.949873851507274	20.062683939115324
AN005456|UDP-glucose	16.152650234337408	15.883079490626404	15.439473801334584	16.667016888822733	16.031942095910924	16.415635430855563	14.77001724211126	15.472260802118127	15.293435209935131	13.264165443352336	14.667587067419143	13.282332042357808	13.498804918579612	15.512882091792884	15.458804849445446	15.780315638899939	15.136680053036786	15.638337356339155	16.78808226767088	15.501391297563437	16.934407335408633
AN005456|UDP-N-acetyl-D-glucosamine	15.304818978675758	15.325936213224223	15.203959703239462	16.00081553123175	15.59726571651444	15.762964094558352	14.54369513032261	14.879197863404604	15.828512620085586	13.925361232042846	14.400693115411912	14.345328604695695	14.200140814626655	15.089776394556724	14.926146446830986	18.068462690861086	18.01351499611419	17.867897511430325	18.995679512717846	18.353286239772874	18.811027789444953
AN005456|UMP	16.34138794669851	14.638744285285025	13.55566759184072	16.326750319940682	15.498845015240558	15.377408612151333	15.194091329129941	16.248629502180044	15.361321446139717	16.203124917792906	15.260791230776231	16.1410070301425	16.38452266673923	16.620974837690557	17.415369623589758	17.701455511855265	18.268306836254816	16.96011781563072	18.183322353768084	18.135223634954695	19.02986263448189
AN005456|UTP	18.813210077575647	18.71822646522328	18.551051071776854	18.76814288089936	19.031760141340722	18.90817055940413	17.748441481492417	18.304287013218907	18.051125508676737	16.0745752467375	17.004036949800625	16.28899458330662	17.142213404419937	17.30009553555351	17.765787183577242	17.630961456719422	17.61088763066531	17.656647809634293	18.365216983003844	18.050257857559377	18.056382658877062
AN005457|3-Methyleneoxindole	16.718336433528712	16.248658377974014	16.71974694836728	17.061945210619076	16.81385188396291	16.761865181017612	17.026844929189252	17.690732573426725	18.103383743160087	17.452064239416195	17.49545902750568	17.84681491296648	17.183496630632845	17.24533627140027	17.57989219763978	18.05649035712792	18.34462734154149	18.381304749100572	18.43825748396128	18.42874667872582	18.465294669991856
AN005457|5-6-Dihydrothymine	25.048421983477088	25.026991323748458	25.09412234591404	25.37125399557454	25.081022005539122	24.87372253899968	25.000511744957297	24.73898376885835	24.663249298260247	24.385177277105456	24.218947454804304	24.50044777004584	23.761829053053823	23.279137989883445	23.749551762198777	23.09994539994314	23.38705467898514	23.113526657442204	23.03881772108186	23.090368471466597	23.31097265093289
AN005457|5-Guanidino-2-oxopentanoate	15.240483390000536	15.371718623960971	15.093352117594996	14.473625484458779	14.031099737144414	15.8966627754997	13.838176989162221	15.412070758068996	14.752726084067167	16.058224314900173	16.417979342149792	16.53085064841271	15.39929451506061	14.731729440807058	15.058263471849697	15.429818686772782	13.129426917905638	15.147090283866229	14.125814756048168	13.85091276683536	14.52835853573939
AN005457|5-Hydroxyindoleacetate	21.12183490892797	21.08822648513954	21.310138961008576	22.194859385341896	22.494840287265735	21.982157793959587	21.618704508394472	22.01192082430851	22.57506526856013	22.513009726013802	22.849889094675905	22.03829971430118	21.847098356872596	21.477272137535447	21.217728131819456	21.347819239571706	20.980589212399824	21.821524295737696	21.808511395496147	21.429091249579166	21.376969847186153
AN005457|5-Hydroxyisourate	19.27071893979291	19.348034970140105	19.29738893916558	18.937567932640743	18.77464798170059	19.296634229749674	18.74246935738552	19.232171741954545	18.683937145853115	18.04860926458218	18.096332160155317	18.16439631389236	16.620825998611313	18.914748340809883	17.665030559070466	10.887376815879616			15.076554867944104	14.56978021295963	14.976790987796788
AN005457|(5-L-Glutamyl)-L-glutamine	14.269956714479463	15.199133743871332	14.130369529417326	13.112467761981087	13.031252056739223	13.444754827021544	14.971559783890173	16.65176675520891	13.186406624020712	13.950100198809134	13.110533692879173	13.946444703130783		12.919834650008141	13.652252582230812	13.4346980855236	13.329610324587408	12.11769200774726	12.872084537097042	13.099168788866198	13.639218055823346
AN005457|5-Phosphoribosylamine	15.956605634783426	15.153428229746055	15.82222918626715	15.601862740994461	16.485634723055945	16.36826057750564	15.249800877883843	14.808397680457746	15.160296489469275	14.92643499390198	14.915586022505707	15.16251384725475	14.898761658789695	15.87802318845897	14.606962024296955	12.759720415855648	12.496540922435296	13.645337841249537	13.621849391240174	13.307139336084417	13.86882786225298
AN005457|acetyl-carnitine (acyl-C2)	23.63338242019958	23.75148190912452	23.722492412225346	23.62844056090497	23.815618518882168	23.821176230011798	23.452277852049864	23.800296523734584	23.73610660615525	23.330439469296707	23.359131175102668	23.34217838836133	24.79871162736294	24.612362922600767	24.464080596049772	23.64113082397686	23.403309391963433	23.614410939225497	23.675637591662625	23.75704286347615	23.634024115005406
AN005457|Acetylcholine	17.833654145459363	17.12532537343409	16.762697126367197	17.75966531616221	17.296233466811934	17.05353210408609	17.598770590406136	18.52046335544149	18.65079766672677	17.39223355832485	17.469387591740404	17.396384100045367	17.101671630328	16.64683908199053	17.10641593037481	17.163545184026244	17.02545316755161	17.108084623392276	17.436906579129694	17.611677314118502	17.94051410060245
AN005457|acyl-C18:2 (Linoleoyl-CoA)	15.042503201006552	14.42965360197267	14.48858958349986	13.393359100158792	13.434206484248943	13.511228768491186	10.457964517513258	12.603712570991204	13.14065390672695	16.347932737866305	16.056906833194837	16.79525220629606	14.810905502460908	14.403987104138437	15.50520599196098	15.858788498198852	15.437317889403623	16.075482922532657	15.989372623833821	16.297859307032653	16.306963416338544
AN005457|acyl-C4-DC	14.558521055434952	14.87285512907919	14.350114249145138	15.82432419725785	15.76036751825415	15.858830606327839	15.930480100232803	15.662706617948253	15.853689843048027	15.204303670693255	14.499159806028963	14.994799338636781	14.445636311538994	15.108647669363593	15.00249947008813	15.57378282749746	15.076911337541446	15.639960980224465	15.680023315753996	15.672315919892627	15.574724468531095
AN005457|acyl-C4-OH	17.309380802929137	17.181162204506975	17.00367163937806	15.055543748987485	15.664787340857357	15.979267919551008	17.33403475367192	16.932648913724083	17.045204716929696	15.838711518313314	15.799714572253453	15.443266529096622	17.17670362026334	16.93642938542868	16.796347833490778	14.496513174056245	15.49089492409664	14.072085334950765	15.074913147411012	14.824945397093828	15.792750106482044
AN005457|acyl-C5:1	15.59971194055567	15.78529471840952	15.730948679277859	14.937963863263807	15.315403998167392	15.019934833116658	15.065980685823392	16.07771401058907	15.61177689686348	14.690107130050064	14.675151160335723	14.937545942448217	16.22796318094015	15.883531601235132	16.094818995288662	15.510999181899514	14.979208068305548	15.468704145977624	15.622457020883529	15.578128587795078	15.64631253908512
AN005457|acyl-C5-OH	15.857635671895544	15.997376752271299	16.430827967461717	12.041165359360257	12.817212543335424	12.440197916282687	19.141730039060445	19.483230829277673	19.194641930813287	17.38399110218931	17.61641442494301	17.812082681973852	17.277609649802375	17.261330768735522	17.0859392826642	15.788659023466819	15.616448398098632	15.82019754835143	15.227888187550246	15.83819546123304	15.830050887730708
AN005457|Allantoate	18.734639758666546	18.55010724591138	18.240326103607025	18.648041008381952	18.845466424671987	18.88635544305971	18.66263332876075	18.55353167090662	18.571450757557923	17.264726639503806	17.314915181625445	17.02104552744386	17.282201113865675	17.37808578887598	17.502566458637027	17.523634500906503	16.853232035070302	17.541947793905052	17.34592323546245	17.629003042669105	17.35842741663912
AN005457|AMP	19.723762309486588	18.889929662737064	18.480780782075545	19.86457722880362	19.60769810071145	19.575711294369402	19.75011873917525	19.746232560770427	19.932353640355885	22.611798168826716	22.16922128305712	22.195067086354594	19.844057309455383	20.48946153141972	20.565786451469943	21.484857676756786	21.72159903284923	21.100285976195423	21.125094712795747	21.38980179706484	21.511624452920785
AN005457|Anthranilate	16.728319036417282	16.18030748167033	16.38431997559856	17.02760736530923	17.50562944891611	16.59216569173832	17.44439492947459	17.901873583581526	17.18545162207562	16.071881300051476	16.139260039002494	15.796708016990259	17.767772105349046	16.80026836209994	16.96027619272895	17.349217992777962	16.720074801914084	17.712082456852983	17.577237198613826	17.901482486861322	18.07798547428522
AN005457|butanoyl-l-carnitine (acyl-C4)	22.14246289813235	22.062095539216063	22.045563382149	22.97643816133513	22.504427296160973	21.928096672768174	23.058217786714767	23.59738594834297	23.07932483108645	22.159447316793138	21.854319940656296	22.2258842914459	20.940844901226328	20.23598144053482	21.05957212601721	20.29627162219366	20.4581996324703	20.17155161787001	19.97166662372851	19.706152759926912	19.79412541018437
AN005457|Choline	25.35170369115649	25.065868726132482	24.89180348879279	24.873825572950096	25.231831121527122	25.281446584826398	24.940994747676925	25.31880210208329	25.255977834164366	24.794380564542372	24.793070006975253	24.729991225476432	23.983018492677555	24.287809153293576	24.035237326664557	24.5321914113942	24.199841935970603	24.75226858110588	24.43759419346085	24.22545074511891	24.460947043245167
AN005457|Creatine	22.52641894962625	22.58080768966664	22.720728612867394	22.924316281138925	22.70808656931118	22.533293365502225	23.434646348578173	22.732297369666107	23.32652918063398	21.980646546535315	21.787198306356064	22.257299322276758	24.860126933935042	24.286531037220787	24.501957336892236	23.131102090827618	23.420730221802255	23.161311630096385	24.09655387680828	24.054555640819526	24.2363108200838
AN005457|Cys-Gly	20.980354089054067	20.935964101519918	20.842313422656815	21.02289722633333	21.243246169259887	21.183449226996217	20.802651402485605	20.537129207158994	20.811520613886778	20.68519877610605	21.02559385664703	20.716801258718892	20.43977483118514	21.163753825197343	20.652577096871948	20.087204776426542	20.058363404120946	20.26154282717089	20.151497208543667	20.57932426086309	20.38018554191821
AN005457|Cytosine	18.933110266824876	19.21394659162046	19.045369572829085	19.083445075127926	19.16839033269075	19.583493115937628	19.152658957099344	19.895495481067222	19.408756718759086	18.783116543747997	18.973715408362533	19.208578077291904	19.095050955189986	19.43162874011885	19.663312339153165	18.943288581357034	19.378610200162736	18.740140633598436	19.021317708405416	19.468789594839652	19.42589747908322
AN005457|dAMP	21.79390722019084	21.81863583598805	21.783216789203635	21.790712032819577	22.135445142487328	22.139482036837663	21.87898412837352	21.59411206246941	21.9224787752974	21.17885447234309	21.118786739857946	20.97977886441721	21.34552505538768	21.388371549162283	20.725633314325215	20.405251376897116	20.03445562949075	20.530620608376697	20.60969206411118	20.829033735411382	20.760912194723513
AN005457|Dihydrofolate	14.885074428277923	15.651439483630263	15.808387290489092	15.402820756554236	15.385114149996571	16.45930530936907	13.657090744980314	14.698389270529647		17.089853886064887	17.501558884666636	17.181380873473177	13.815593194165722	19.01569669353397	16.286056480898004	16.39750164246862	16.613172644792755	16.38445210690825	16.275160412628995	15.737775767408458	15.879751947032089
AN005457|gamma-Glutamyl-gamma-aminobutyrate	16.09367950300452	15.539547255889538	16.20973921719548	15.569205606808644	14.975350722818385	15.36193578178464	15.563413532774709	16.67027353264998	15.197360284051898	15.380562526382402	15.816396838308817	15.407159195151086	14.939764320302672	15.564367896521562	15.433244410277114	14.881310259736876	15.253523261949889	14.524997552559327	13.59076436111061	14.967069327967353	13.850395050045455
AN005457|gamma-L-Glutamyl-L-cysteine	16.4676680762208	15.92547988512071	15.842795726091389	15.49658562203416	15.443278262317946	15.601062893905677	15.541851604137923	16.43223819292442	16.79651913382927	16.388639582509814	16.29777817052151	16.312894099907723	15.863184047184122	17.069197008859085	16.90165764763538	16.812677978978023	16.54932946872464	16.248370449819408	17.168057929495593	17.252521701068503	16.88162748446751
AN005457|Glutathione	25.698374907613122	25.614707384352887	25.519592326637525	25.546730618679774	25.660038645923336	25.86832006915836	25.64306704166574	25.54012480721478	25.723147403159896	25.162443269583893	25.433595952549478	25.139995642232165	24.96810038793153	25.70854034945168	25.320092839485405	24.684745858383174	24.628470407009164	24.716783534016244	24.77060663910712	24.951582936408204	24.85894651421968
AN005457|Glutathione disulfide	17.216194527597118	16.55653592547809	16.364133460446403	16.79386241793713	15.740568776162663	17.23781743896788	17.257747283708774	18.175515987762598	17.572817688809817	13.763316124234048	15.254259122766829	14.919922145586797	15.477418214577579	16.69383295528063	14.053623562530493		12.998659970829983	14.321378092210997	14.422887188317157		
AN005457|Guanine	16.64520862245248	16.632509144612566	16.73078799000844	17.953351140784395	17.881248781198032	17.918707680532037	17.552597563422964	17.65419155520977	17.28963122425551	18.883063861594827	18.507200516120985	18.851747753578046	18.448157982755582	18.276533000302607	18.35088941087825	18.316615536103228	18.493567351435665	18.40348309847574	18.186604905844057	18.826625169624965	18.32032547027332
AN005457|Hexadecenoyl-carnitine (acyl-C16:1)	17.014870032136486	16.568901190643906	16.489602949292557	15.51806907421555	15.606331301254018	15.553734498121457	15.659218036179212	16.026741128263662	16.582206247378416	17.75429382331255	18.021830027536943	18.144218359757662	16.703085245254115	17.050632544426595	17.371814045541846	17.832176788583205	17.469275774131088	17.569082274647243	17.52984973051093	17.97256363713011	17.681683940212192
AN005457|hexanoyl-L-carnitine (acyl-C6)	15.233528817675474	14.992052736554191	14.733731119949185	16.76686380538788	16.408374633113244	15.935957816675154	17.16083622792537	17.117774437374003	17.060624329379458	15.152205606000596	14.992113199958503	15.12970503317295	14.10526311084096	13.88816842915364	14.608886225612483	14.173328071938194	13.554345373958158	14.174531968426718	14.399396192861447	14.446280868004402	14.9242884167755
AN005457|Hypoxanthine	17.20604264618983	16.75048704456106	17.204374171582256	18.091899799860567	18.67659404192801	18.479663867635843	17.935615980627905	17.977124746715187	18.512148417513338	18.981517113130106	19.430792016991315	18.99518268878541	17.250020836726257	18.715201965065834	18.938898249911304	19.251789158798502	19.22712880069816	18.845825648180572	18.372273105681412	18.992878688929803	19.206025442971857
AN005457|IMP	16.724905354246044	15.823129480603226	16.076196599183977	14.454192675772696	14.516591846110222	16.141205947060925		13.653282732736217	14.661696118766114	17.156132466569478	17.38204609742848	16.7455451665383		14.756557124539768	13.64091406976239	16.580440459787425	16.313278309568524	15.474836758998945	16.06964259618483	16.556047004209823	16.599053310182178
AN005457|Indole-3-acetaldehyde	13.997899353600006	13.469839582278887	13.589555022402605	13.572258170732367	14.081247737395959	13.192813647579824	13.706216950077069	14.120517058442415	14.75050114448043	13.979514512467604	13.67844286216951	14.217343300455685	14.153935491262962	12.984180895096756	13.711703992455664	14.243883733494489	14.47897138174824	14.502602753512306	14.650939214333713	14.568133382370346	14.784212122442238
AN005457|L-Adrenaline	18.750158488898922	19.4252546250164	19.194526055345076	20.48161751252369	19.623911109696337	18.818318694694526	20.91083581639513	21.369235786817047	19.364734678216166	19.566598529590745	19.43070361547651	19.917398307824026	18.942548474242706	17.774257825722525	19.18840072544345	18.762206794728545	19.004360885429275	18.347099654732823	18.77734248644664	18.52675201433059	19.041064901924116
AN005457|L-arginine	19.461757019778638	19.751612354039747	19.771591965582772	19.705047504353754	19.835257679515582	20.068137845715423	19.918576694679402	20.502202762727848	19.8979935032722	19.793030117842715	19.736571542795893	20.21770643867883	19.870471081739556	19.780616169824363	19.183556534924524	19.116372344119533	19.042429940154523	19.333562300233307	19.428978557090307	19.46163539955934	19.381855426960716
AN005457|L-Carnitine	25.094479653129937	25.5957130730202	25.528386318549362	25.24668171678184	25.051293633146635	24.90095626591985	25.287024594003675	24.881086905245787	25.109132537664134	25.543676744738026	25.222166931364264	25.453357623467618	25.01779274201981	24.699067776392038	24.41920392077564	24.29953030309234	24.39636287203541	24.01879508499977	23.415597527883044	23.378574571329757	23.211408224117875
AN005457|L-histidine	18.77045206341065	18.173803434121684	18.050990225459664	18.41235228151361	18.48802962993063	18.607379426887878	17.921226508915513	18.716767985735803	18.14063691615393	18.626849764469036	19.136689205934974	19.073302749182034	18.264270920564154	19.2732403267612	18.644013275231824	19.400858024842524	18.68523849217543	19.453044541893682	19.11121123274881	18.942207046996888	19.109445719911896
AN005457|L-leucine/isoleucine	22.960896718907307	22.428272985353953	22.71604642836073	22.36551815508646	22.758440943010097	23.059641796531277	22.508984807415022	22.848298954609653	22.404739303655827	23.763378638529908	24.00931253202785	23.87719132565844	23.080153858203847	23.55600616256412	23.437713953190563	24.3086022271936	23.832424020396687	24.232894360111878	24.179481093556795	24.20136180388206	24.181799826933894
AN005457|L-lysine	20.303453761996682	19.74755050380987	19.74816774276158	20.264978040832837	20.108372244742498	20.23781548530237	20.347695206937274	20.694184957717546	20.53052748712284	20.490367135018968	20.236476750610887	20.887248134165315	20.110654092280562	20.515571691432108	20.371454292365765	21.227775047347304	20.736392812774564	21.114765900759405	21.01510383108739	20.942381079542844	20.81623330044767
AN005457|L-methionine	20.3609318417128	19.610086945781735	19.713582601366586	19.538764070845815	19.835631116579815	20.36483510714924	19.970740196396868	20.895429827994803	20.25077704425858	20.67213956618116	20.856911173568278	20.91366219472588	19.3756012755736	20.597458645896182	20.360888340484507	20.546291128232223	20.404273216634635	20.80118039292429	20.8718761388658	20.702362481813125	20.8025058699639
AN005457|L-Methionine S-oxide	18.2725677286044	17.59948426954495	17.986785128867126	18.459584663380124	17.402866839417733	18.034421860428125	17.44068962555526	14.38582935817648	19.158011033161593	17.949000233942964	17.670516947340346	18.10688960663765	17.804309892611656	16.90648981796435	17.41335388243555	17.13356767490898	17.49434287274394	17.381911460611228	17.38539951705365	16.90907838786116	17.692529648900766
AN005457|L-Palmitoylcarnitine (acyl-C16)	16.954846765717377	15.715321857495738	16.04293037554591	15.888398870409437	15.817874907352792	15.798905064696076	16.611532811180254	16.831373295483456	17.020562067054975	17.426985397972526	17.705819301100814	17.481671740593104	16.95605687277595	16.73415450331262	17.09954459368175	17.267228689341284	16.992456191067443	17.39246283705367	17.42803607757293	17.5568414795966	17.768555258078557
AN005457|L-phenylalanine	21.244494020746426	20.313196510173682	20.534365388894923	20.720214240987772	21.478693977888717	21.587424306627007	20.778816557024793	21.161936274969065	21.261857948192684	21.627436363752444	22.208053693861096	21.989357332009753	21.339523528786998	22.12946569753616	21.684459824918846	22.866680622649206	22.233285905711345	22.62489768780815	22.38002586542042	22.34716268001501	22.438051865012564
AN005457|L-proline	25.242707612706177	25.37753563586024	25.481016657310278	25.081051334990782	25.098524444299905	24.885752578154776	25.30405801656356	25.265093969890845	24.875497370573356	25.77759796193494	25.71030643713503	25.802562621826763	26.11705011258661	25.901094146106317	26.366565441865006	26.57820660045078	26.844808654437735	26.615032647266183	26.673735928723648	26.622562727111855	26.5815762098456
AN005457|L-serine	18.813335240963454	18.835718042806892	18.754232491280483	18.724400831848563	18.968466799286908	18.79818453305676	18.456822489436753	18.884436548073086	18.061629716840063	18.255199193540204	17.613893889423213	18.384956128096153	18.31350348439789	18.18263448031564	17.946972162603128	17.782893841681688	17.63934397351366	17.904770727601758	17.43284192809613	17.926147492607555	17.599182352672504
AN005457|L-tryptophan	20.299015516199933	19.68737557123867	20.165922787373436	20.44803682863216	20.07060880293728	20.392664996636434	20.514407042580785	21.301412670295306	21.352400540189407	20.87400650423126	21.245718975253883	21.310129400955656	20.823234932633426	20.56167019409546	21.26743836243736	21.95725957806501	21.623808501669203	22.068620896569207	22.02650384897244	22.015191667021313	22.305321637359654
AN005457|L-tyrosine	20.967284016099704	20.54653013639933	20.496113445896825	20.877650103122015	21.07118532759026	21.323849028632896	20.78085700226756	21.282611191595326	21.620553717814346	21.703321912336474	22.22277920539241	22.17433875759874	21.583918465385104	22.12684228586471	22.12843340317851	22.785524411420493	22.507230916083717	22.480553227558147	22.652268057565276	22.690921122046255	22.62927342385906
AN005457|L-valine	22.1719171096762	21.889367113485402	22.073728946710343	22.38376591535664	22.600437338527463	22.795452783153557	22.171387191948764	22.36833785153392	21.955138709485233	23.085468082758325	23.25238230724644	23.25804635905676	22.584635344349554	22.919160914469852	22.81904717758919	23.421617336601187	23.13073217111499	23.319396130627315	23.310282384430774	23.414855464631977	23.298157256959573
AN005457|NAD+	18.479139940766675	19.093586421755095	19.031600114534807	19.048066170466083	18.849488750926692	18.55396048222064	19.102941910296597	19.15735622125646	18.5090916849904	19.610619371520187	19.43554181327069	19.568122657237897	18.308191969756233	17.73003268685045	18.200932611224925	18.265418589084657	18.78625190106098	18.064767834054713	17.56918725067174	17.485595363724457	17.474536859968342
AN005457|NADP+	13.103444813897765	12.902928098599507	12.830417698711509	12.41692287097729	11.980408379324752	12.531159501901149	12.24250135722577	12.317714333251867	11.778200328738588	13.634924465135095	14.05765808895638	12.428214783389365		11.363813058244402	11.10948620964571	12.170230765006123	11.568869849697087	12.162394575865541	12.04077130526014	11.208278033966149	11.384637399938494
AN005457|Octadecanoyl-L-carnitine (acyl-C18)	13.686426497317969	15.263473384921886	12.726514235623204	11.806974524368439	14.486912501445516	13.245004620265783	14.257063651428663	10.012211786277616	13.434306414920492	12.35397382181817	14.557479281220035	13.271193615177689	14.190266920891004	14.141323834476214	13.255884481461413	13.62280836621113	12.900844760129186	15.245496728187632	14.818098524587667	15.340657358365876	13.58789057744687
AN005457|O-dodecanoyl-carnitine (acyl-C12)	16.232228166806742	15.054435078408675	15.061790149888193	16.413097318405892	16.292775248443615	15.953613295480238	14.776183353003233	13.375579781638153	14.403937484645455	16.21788198769953	16.149884498476226	16.122588500831103	13.53419480465993	14.960152882838045	13.380391674958208	14.57011083435873	14.246496494415853	14.834204406345311	14.065827799476432	14.671515885652727	14.879114416991124
AN005457|O-octadecenoyl-L-carnitine (acyl-C18:1)	17.296704475441523	16.218209072887362	16.42245056406043	15.774952281092222	15.507533020840922	15.615377765039609	14.277469446788722	14.915468387418397	15.42222426399817	18.034600174318435	17.453477949048363	17.994545637417954	16.925094307557433	16.012096404096617	17.305037774402763	17.513356728737083	17.293182911359427	17.501588912963985	17.420556973475875	17.964319410392616	17.981995948206226
AN005457|Ornithine	15.99467902604534	16.074120925782342	14.57339641556094	17.06045940306702	16.52134403396842	16.55979867254249	16.953996263875858	17.231603576019257	16.928774173761063	15.982481163024605	15.841510965379582	16.597486902626454	17.412083661986323	17.122855400290803	17.22940269509315	18.190649170877283	17.679988675746692	18.13520917664046	18.03705306467293	17.77208985122909	18.082612850623903
AN005457|O-tetradecanoyl-L-carnitine (acyl-C14)	15.368718118167395	14.96432014960262	13.85801413465351	15.078520430057749	15.071652861117517	14.652339078685268	15.122986116529626	15.576612964516457	15.850992479139123	16.27076981917189	16.592027227917665	16.65522532930493	15.825604016513838	15.596427915603229	15.98457298781624	16.414204690302114	15.914680615811697	16.350506537768915	16.776738723462394	16.938174674180914	16.85392626977262
AN005457|Phosphocreatine	16.39172874771315	16.98650061024285	16.441013517585176	15.389241396265406	15.270753829002233	13.91843467550882	15.8603410495299	16.519308291915923	15.84111453606784	12.802718295983178	13.733236518896147	13.010989724872756	17.187621062314513	17.6391514363303	16.815407102368724	17.156064810827736	17.28365275876998	16.748031321532785	17.727088218315654	16.964316007990526	16.25690280193175
AN005457|Phosphoserine	18.04933225371032	17.635037360907955	17.762321584873536	18.04455524504566	17.883285912426647	17.562559190655843	17.486887354184546	18.012081820670048	16.785999052557116	17.156221364814154	17.71322856041421	17.24163647044737	16.69467913237705	18.548148847969802	17.541727450123375	17.709312138845092	17.19027346630478	17.072328285309705	17.48665880927363	17.708767853027695	17.935548852553445
AN005457|Picolinic acid	22.9174757984313	22.335602547704514	22.6901548056248	22.363916577449018	22.43773180289711	23.171434611902104	22.501877662256337	22.16359603520994	22.564931383642385	22.16563235524548	22.27896055435265	21.82235629660664	21.689262468581568	22.728231976454545	21.72526209837648	22.440346772409693	21.729231316974957	22.546429924859606	22.577886791665847	22.376754120997187	22.17362956046328
AN005457|propionyl-carnitine (acyl-C3)	21.155153974095246	21.235737867974116	21.049115526618248	20.77832979314734	21.305453106957348	21.20589565754755	19.960437429687794	19.79422780835977	19.606038427512228	21.397832327193335	21.307326259525492	21.27569690557507	22.435884498915566	22.435053788651548	22.083866667579866	21.614078185522555	21.56237804771537	21.586594192956856	21.039371333409438	21.25308929765253	21.119755604678264
AN005457|Putrescine	19.219151998103374	19.505147963203257	19.35039608879666	20.33765871101895	19.04939113338436	19.92575378260216	20.64006306191525	20.914479442625108	20.712609796446618	18.1331723217614	17.939880060907747	18.290063028366806	20.266183402798458	18.549797672454417	18.737284139351257	16.086426529965138	16.663293896725325	17.30540094435491	17.576316226428734	17.692970810166855	17.902229800836565
AN005457|S-Adenosyl-L-homocysteine	21.38813734093491	21.348265008642258	21.52395810854944	21.159136445182153	21.192478649127015	22.24360867093829	21.682945843214462	22.231537613691977	22.384990175837356	20.788443538716677	20.647518581832397	20.92640142049333	19.265056556613796	19.415078615209428	19.36990801027604	20.744473227026926	20.363646637132785	20.823959188425714	20.24157381309971	20.47662846799665	20.722347340199807
AN005457|S-Adenosyl-L-methionine		14.568579961183072	15.335112085805891	15.254885670042755	13.921803915532994	15.17725044335488	13.662458918768	14.354859554148904		16.66264056265227	16.263103538858374	16.15456713586878		13.878676599403788		15.473515123767262	16.08573393984612	15.433192470095447	15.224730298470107	14.560879312269133	15.278945081349192
AN005457|(S)(+)-Allantoin	17.610118776173266	17.693116363194317	17.95262168555023	17.815647030310934	18.214677880012754	18.160124440999596	17.92872926355746	18.22511469708621	17.915439725014494	16.25159336013571	16.64476836567602	16.75569257753721	17.27786702114208	16.229316162561698	16.57626059587722	16.05953098232974	16.128462972623193	16.24619532476045	16.684867499957367	16.92204364170849	16.37392558102256
AN005457|Spermidine	21.314785565889714	21.51613534697348	21.563006549147687	22.064686141831157	21.52995894441924	20.74882487447532	21.830439177682443	21.21755807535806	22.10233562086215	20.93034825470637	20.740095788485693	20.385857701203765	21.522863657290184	19.835201235476795	20.46298038103818	20.564594178839616	20.23071085637623	20.38578613859657	20.5336499009725	20.853875861610376	21.201438640073782
AN005457|Spermine	22.049870683946747	22.23549422580907	22.40929093996161	23.000866944625514	22.325416283814516	21.867105698915378	22.0503729018051	21.93801811773363	22.32323306720846	21.736008365206054	21.956841061568152	21.207375742765112	21.86102123152955	19.890183363544107	20.661784159625785	21.300687830021072	20.941770032986888	20.99010039441523	20.917107564136938	21.462333626242014	21.586168637151534
AN005457|Sphingosine	17.954686762147844	17.971457334968907	18.233171740844572	18.46009367449685	18.752229968590367	18.654992616023357	18.97020763748151	18.82171872127563	18.62761149129014	18.055769635681138	17.560992220909448	18.09340532541145	17.876773111932078	18.197011632297677	17.915885327068505	18.12471097649054	17.8761973643808	18.298850226986506	18.77770735060545	19.212349171228823	19.225069277196706
AN005457|Tetradecenoyl Carnitine (acyl-C14:1)	15.332479029286626	15.518281235536225	14.647755395929176	14.232303062797588	14.594010152782237	13.797760522755135	15.216049888397787	14.333080911339607	14.75645627524383	16.376973225504244	16.676475899946926	16.390374666158994	15.014688493014704	15.182384577209035	15.841880709080995	16.266433577654393	16.333203488756816	16.62568799450037	16.741511722543926	16.79343205999749	17.023106711270987
AN005457|Xanthine	19.664005289678723	19.414317318593355	19.54382755683452	19.847983271724964	20.037983255249728	20.02858170732364	19.36554525324818	19.627550315354004	20.205517233754726	20.164247743380393	20.32603579963965	20.09461633773309	18.96462770491638	18.96456049848074	18.913679961626446	19.12477710451924	18.986797662696926	19.513268162069675	19.500063439883125	19.418940998545033	19.112114571767545
